name,VWCE,VGLA,IWMO,SEC0
NVIDIA Corp,0.04765980,0.04371560,0.00000000,0.07080000
Apple Inc,0.04235290,0.03886920,0.00000000,0.00000000
Microsoft Corp,0.03486600,0.03196630,0.00000000,0.00000000
Alphabet Inc,0.03305830,0.03029680,0.04750000,0.00000000
Amazon.com Inc,0.02332450,0.02137580,0.00000000,0.00000000
Taiwan Semiconductor Manufacturing Co Ltd,0.01703660,0.01565430,0.00000000,0.07030000
Broadcom Inc,0.01594660,0.01462400,0.00000000,0.06450000
Meta Platforms Inc,0.01165670,0.01066860,0.00000000,0.00000000
Micron Technology Inc,0.01000430,0.00917780,0.05510000,0.07550000
Tesla Inc,0.00995300,0.00912010,0.00000000,0.00000000
Samsung Electronics Co Ltd,0.00912430,0.00839480,0.00000000,0.00000000
JPMorgan Chase & Co,0.00878530,0.00800380,0.00000000,0.00000000
Eli Lilly & Co,0.00854780,0.00782950,0.00000000,0.00000000
Berkshire Hathaway Inc,0.00853520,0.00813150,0.00000000,0.00000000
Advanced Micro Devices Inc,0.00708590,0.00650190,0.04720000,0.08950000
SK hynix Inc,0.00629490,0.00577260,0.00000000,0.05020000
ExxonMobil Holdings Corp,0.00617640,0.00561880,0.02260000,0.00000000
ASML Holding NV,0.00602110,0.00552760,0.02730000,0.04200000
Johnson & Johnson,0.00591420,0.00538050,0.02300000,0.00000000
Visa Inc,0.00578220,0.00523610,0.00000000,0.00000000
Mastercard Inc,0.00441580,0.00397890,0.00000000,0.00000000
Walmart Inc,0.00425950,0.00387290,0.00000000,0.00000000
AbbVie Inc,0.00418160,0.00382920,0.00000000,0.00000000
Cisco Systems Inc,0.00403060,0.00370000,0.01890000,0.00000000
Costco Wholesale Corp,0.00387400,0.00349470,0.00000000,0.00000000
Palantir Technologies Inc,0.00383710,0.00351140,0.00000000,0.00000000
Intel Corp,0.00378400,0.00347410,0.03020000,0.05080000
Bank of America Corp,0.00376730,0.00339360,0.00000000,0.00000000
Chevron Corp,0.00352420,0.00317280,0.01000000,0.00000000
Lam Research Corp,0.00348470,0.00320050,0.02100000,0.04470000
Merck & Co Inc,0.00337230,0.00308700,0.01080000,0.00000000
Applied Materials Inc,0.00336240,0.00308520,0.02080000,0.04300000
Caterpillar Inc,0.00335290,0.00305580,0.01840000,0.00000000
Tencent Holdings Ltd,0.00334600,0.00306140,0.00000000,0.00000000
HSBC Holdings PLC,0.00326090,0.00297740,0.01220000,0.00000000
UnitedHealth Group Inc,0.00323920,0.00297010,0.00580000,0.00000000
General Electric Co,0.00319900,0.00292700,0.00000000,0.00000000
Coca-Cola Co/The,0.00318340,0.00282980,0.00550000,0.00000000
Netflix Inc,0.00314050,0.00288040,0.00000000,0.00000000
Procter & Gamble Co/The,0.00310490,0.00277820,0.00000000,0.00000000
Home Depot Inc/The,0.00300820,0.00273500,0.00000000,0.00000000
Roche Holding AG,0.00293220,0.00264270,0.00750000,0.00000000
Palo Alto Networks Inc,0.00283780,0.00261150,0.00850000,0.00000000
Philip Morris International Inc,0.00268930,0.00246080,0.00000000,0.00000000
Novartis AG,0.00264200,0.00235350,0.00790000,0.00000000
RTX Corp,0.00259260,0.00234150,0.00000000,0.00000000
Alibaba Group Holding Ltd,0.00258420,0.00234870,0.00000000,0.00000000
Royal Bank of Canada,0.00258140,0.00232550,0.01340000,0.00000000
Wells Fargo & Co,0.00242860,0.00221260,0.00000000,0.00000000
Oracle Corp,0.00235990,0.00216940,0.00000000,0.00000000
Mitsubishi UFJ Financial Group Inc,0.00234050,0.00209090,0.00750000,0.00000000
Shell PLC,0.00233190,0.00211450,0.00800000,0.00000000
Nestle SA,0.00229600,0.00209380,0.00000000,0.00000000
Siemens AG,0.00224640,0.00204960,0.00000000,0.00000000
AstraZeneca PLC,0.00224370,0.00205220,0.00000000,0.00000000
GE Vernova Inc,0.00223980,0.00205190,0.01420000,0.00000000
BHP Group Ltd,0.00219370,0.00201650,0.00660000,0.00000000
Morgan Stanley,0.00218880,0.00198100,0.00000000,0.00000000
Texas Instruments Inc,0.00218340,0.00201270,0.00730000,0.02920000
Crowdstrike Holdings Inc,0.00214170,0.00196520,0.00540000,0.00000000
Amgen Inc,0.00213930,0.00194830,0.00000000,0.00000000
Thermo Fisher Scientific Inc,0.00213230,0.00191650,0.00000000,0.00000000
KLA Corp,0.00212780,0.00195150,0.00990000,0.02950000
Sandisk Corp,0.00209990,0.00193670,0.00940000,0.00000000
SAP SE,0.00208970,0.00193440,0.00000000,0.00000000
Linde PLC,0.00207330,0.00187080,0.00000000,0.00000000
Citigroup Inc,0.00206590,0.00187110,0.00620000,0.00000000
International Business Machines Corp,0.00203000,0.00186000,0.00000000,0.00000000
Banco Santander SA,0.00201550,0.00181590,0.00660000,0.00000000
Goldman Sachs Group Inc/The,0.00198240,0.00248640,0.00000000,0.00000000
Salesforce Inc,0.00195750,0.00173220,0.00000000,0.00000000
Verizon Communications Inc,0.00193840,0.00175500,0.00000000,0.00000000
Toyota Motor Corp,0.00190850,0.00175100,0.00000000,0.00000000
Arista Networks Inc,0.00189520,0.00173960,0.00000000,0.00000000
Toronto-Dominion Bank/The,0.00185210,0.00163690,0.01000000,0.00000000
Allianz SE,0.00179390,0.00159760,0.00260000,0.00000000
Amphenol Corp,0.00178790,0.00165370,0.00000000,0.00000000
Walt Disney Co/The,0.00176720,0.00160170,0.00000000,0.00000000
Commonwealth Bank of Australia,0.00176100,0.00160760,0.00000000,0.00000000
PepsiCo Inc,0.00175400,0.00158040,0.00000000,0.00000000
Abbott Laboratories,0.00175220,0.00160350,0.00000000,0.00000000
McDonald's Corp,0.00172770,0.00153180,0.00000000,0.00000000
Schneider Electric SE,0.00171890,0.00156710,0.00000000,0.00000000
Seagate Technology Holdings PLC,0.00171190,0.00157510,0.01420000,0.00000000
Marvell Technology Inc,0.00171130,0.00157020,0.00910000,0.02540000
Gilead Sciences Inc,0.00169190,0.00153170,0.00000000,0.00000000
Shopify Inc,0.00168460,0.00153370,0.00000000,0.00000000
MediaTek Inc,0.00167480,0.00151540,0.00000000,0.02440000
QUALCOMM Inc,0.00166530,0.00153180,0.00000000,0.02130000
Charles Schwab Corp/The,0.00166510,0.00149550,0.00000000,0.00000000
Union Pacific Corp,0.00165780,0.00147350,0.00280000,0.00000000
Analog Devices Inc,0.00163900,0.00149570,0.00710000,0.02220000
American Express Co,0.00163600,0.00144660,0.00000000,0.00000000
AT&T Inc,0.00162340,0.00147770,0.00000000,0.00000000
BlackRock Funding Inc/DE,0.00161690,0.00146730,0.00000000,0.00000000
Rolls-Royce Holdings PLC,0.00160690,0.00147000,0.00000000,0.00000000
NextEra Energy Inc,0.00158420,0.00141490,0.00000000,0.00000000
Tokyo Electron Ltd,0.00156160,0.00134510,0.00590000,0.01860000
UBS Group AG,0.00155740,0.00142190,0.00000000,0.00000000
TotalEnergies SE,0.00154120,0.00141140,0.00690000,0.00000000
SoftBank Group Corp,0.00153570,0.00135320,0.00000000,0.00000000
Banco Bilbao Vizcaya Argentaria SA,0.00152900,0.00137300,0.00490000,0.00000000
Welltower Inc,0.00152660,0.00138930,0.00560000,0.00000000
ConocoPhillips,0.00150300,0.00135160,0.00430000,0.00000000
Deere & Co,0.00149660,0.00135900,0.00000000,0.00000000
Sumitomo Mitsui Financial Group Inc,0.00149000,0.00130990,0.00520000,0.00000000
Pfizer Inc,0.00148440,0.00135050,0.00000000,0.00000000
Eaton Corp PLC,0.00145800,0.00132460,0.00000000,0.00000000
Boeing Co/The,0.00144900,0.00133360,0.00000000,0.00000000
Recruit Holdings Co Ltd,0.00144700,0.00130240,0.00270000,0.00000000
Booking Holdings Inc,0.00143720,0.00129880,0.00000000,0.00000000
Rio Tinto PLC,0.00143220,0.00127410,0.00470000,0.00000000
Advantest Corp,0.00143130,0.00141320,0.00750000,0.01960000
ServiceNow Inc,0.00143070,0.00129440,0.00000000,0.00000000
Iberdrola SA,0.00142380,0.00126640,0.00580000,0.00000000
Western Digital Corp,0.00141590,0.00129300,0.01140000,0.00000000
ABB Ltd,0.00140300,0.00126340,0.00550000,0.00000000
Sony Group Corp,0.00138570,0.00124810,0.00000000,0.00000000
Hitachi Ltd,0.00138420,0.00125970,0.00000000,0.00000000
Uber Technologies Inc,0.00136720,0.00125490,0.00000000,0.00000000
TJX Cos Inc/The,0.00135290,0.00122260,0.00000000,0.00000000
UniCredit SpA,0.00134330,0.00123290,0.00000000,0.00000000
Novo Nordisk A/S,0.00134160,0.00122610,0.00000000,0.00000000
Dell Technologies Inc,0.00127740,0.00116490,0.00620000,0.00000000
Capital One Financial Corp,0.00127150,0.00111300,0.00000000,0.00000000
Vertex Pharmaceuticals Inc,0.00126640,0.00116550,0.00000000,0.00000000
Newmont Corp,0.00126380,0.00114000,0.00000000,0.00000000
Bristol-Myers Squibb Co,0.00126050,0.00114480,0.00350000,0.00000000
Safran SA,0.00125980,0.00113830,0.00000000,0.00000000
Airbus SE,0.00124650,0.00112770,0.00000000,0.00000000
Unilever PLC,0.00123580,0.00113330,0.00000000,0.00000000
Danaher Corp,0.00121530,0.00112230,0.00000000,0.00000000
Intuitive Surgical Inc,0.00121280,0.00111760,0.00000000,0.00000000
S&P Global Inc,0.00120330,0.00108090,0.00000000,0.00000000
Prologis Inc,0.00120190,0.00107320,0.00000000,0.00000000
LVMH Moet Hennessy Louis Vuitton SE,0.00119640,0.00107580,0.00000000,0.00000000
Mizuho Financial Group Inc,0.00118620,0.00106870,0.00450000,0.00000000
Progressive Corp/The,0.00118130,0.00107070,0.00000000,0.00000000
Cie Financiere Richemont SA,0.00116920,0.00106080,0.00000000,0.00000000
Air Liquide SA,0.00115570,0.00101160,0.00000000,0.00000000
Siemens Energy AG,0.00114430,0.00106380,0.00000000,0.00000000
Parker-Hannifin Corp,0.00113400,0.00101250,0.00000000,0.00000000
Starbucks Corp,0.00111570,0.00100560,0.00000000,0.00000000
Adobe Inc,0.00110910,0.00100200,0.00000000,0.00000000
Bank of Montreal,0.00110380,0.00095810,0.00300000,0.00000000
Intesa Sanpaolo SpA,0.00110240,0.00095710,0.00000000,0.00000000
CVS Health Corp,0.00110180,0.00100710,0.00200000,0.00000000
BNP Paribas SA,0.00108960,0.00096220,0.00000000,0.00000000
Corning Inc,0.00108500,0.00100490,0.00710000,0.00000000
Chubb Ltd,0.00108300,0.00094900,0.00000000,0.00000000
DBS Group Holdings Ltd,0.00108300,0.00097270,0.00510000,0.00000000
Lowe's Cos Inc,0.00107050,0.00095700,0.00000000,0.00000000
Accenture PLC,0.00106650,0.00098450,0.00000000,0.00000000
Medtronic PLC,0.00105690,0.00095390,0.00000000,0.00000000
British American Tobacco PLC,0.00105500,0.00095440,0.00000000,0.00000000
Lockheed Martin Corp,0.00104740,0.00095610,0.00000000,0.00000000
Automatic Data Processing Inc,0.00104440,0.00094490,0.00000000,0.00000000
Altria Group Inc,0.00104410,0.00095580,0.00000000,0.00000000
Deutsche Telekom AG,0.00102950,0.00095500,0.00000000,0.00000000
Stryker Corp,0.00102870,0.00093410,0.00000000,0.00000000
Snowflake Inc,0.00102340,0.00094100,0.00000000,0.00000000
BP PLC,0.00102270,0.00092260,0.00350000,0.00000000
Marathon Petroleum Corp,0.00102250,0.00092410,0.00360000,0.00000000
Freeport-McMoRan Inc,0.00101900,0.00091730,0.00000000,0.00000000
Delta Electronics Inc,0.00101500,0.00097990,0.00000000,0.00000000
China Construction Bank Corp,0.00101170,0.00091260,0.00000000,0.00000000
Bank of Nova Scotia/The,0.00100980,0.00090580,0.00450000,0.00000000
McKesson Corp,0.00100940,0.00090170,0.00000000,0.00000000
Kioxia Holdings Corp,0.00099810,0.00090550,0.00910000,0.01540000
Enbridge Inc,0.00099550,0.00090880,0.00000000,0.00000000
Blackstone Inc,0.00099230,0.00090130,0.00000000,0.00000000
Bank of New York Mellon Corp/The,0.00098970,0.00089300,0.00410000,0.00000000
Zurich Insurance Group AG,0.00098640,0.00086090,0.00000000,0.00000000
Valero Energy Corp,0.00098210,0.00089500,0.00580000,0.00000000
Fortinet Inc,0.00097870,0.00087070,0.00300000,0.00000000
Canadian Natural Resources Ltd,0.00096990,0.00086330,0.00370000,0.00000000
Canadian Imperial Bank of Commerce,0.00095890,0.00084630,0.00540000,0.00000000
Agnico Eagle Mines Ltd,0.00095400,0.00087740,0.00000000,0.00000000
CME Group Inc,0.00094960,0.00086840,0.00000000,0.00000000
L'Oreal SA,0.00094340,0.00083610,0.00000000,0.00000000
Equinix Inc,0.00094170,0.00085410,0.00290000,0.00000000
ING Groep NV,0.00094140,0.00083090,0.00170000,0.00000000
Southern Co/The,0.00093920,0.00075790,0.00000000,0.00000000
AIA Group Ltd,0.00093580,0.00084740,0.00000000,0.00000000
Hon Hai Precision Industry Co Ltd,0.00093000,0.00083020,0.00000000,0.00000000
Intuit Inc,0.00092930,0.00083090,0.00000000,0.00000000
Phillips 66,0.00092560,0.00082810,0.00380000,0.00000000
Trane Technologies PLC,0.00092030,0.00080780,0.00000000,0.00000000
Vertiv Holdings Co,0.00091220,0.00084490,0.00310000,0.00000000
GSK PLC,0.00090790,0.00083480,0.00000000,0.00000000
Mitsubishi Corp,0.00089760,0.00078770,0.00350000,0.00000000
Comcast Corp,0.00089150,0.00079670,0.00000000,0.00000000
Cloudflare Inc,0.00089120,0.00081940,0.00170000,0.00000000
Howmet Aerospace Inc,0.00089060,0.00081590,0.00340000,0.00000000
Sanofi SA,0.00088870,0.00079980,0.00000000,0.00000000
US Bancorp,0.00088340,0.00073580,0.00000000,0.00000000
Keyence Corp,0.00087890,0.00079750,0.00190000,0.00000000
Marsh & McLennan Cos Inc,0.00087380,0.00076690,0.00000000,0.00000000
CSX Corp,0.00087090,0.00076000,0.00280000,0.00000000
General Dynamics Corp,0.00086810,0.00077230,0.00000000,0.00000000
Cadence Design Systems Inc,0.00086440,0.00078760,0.00000000,0.00000000
PNC Financial Services Group Inc/The,0.00086430,0.00074420,0.00000000,0.00000000
Reliance Industries Ltd,0.00085600,0.00074680,0.00000000,0.00000000
Investor AB,0.00084570,0.00069420,0.00230000,0.00000000
SLB Ltd,0.00084390,0.00075610,0.00000000,0.00000000
Williams Cos Inc/The,0.00084320,0.00076250,0.00000000,0.00000000
Barclays PLC,0.00084250,0.00075850,0.00000000,0.00000000
Duke Energy Corp,0.00083920,0.00070040,0.00000000,0.00000000
Intercontinental Exchange Inc,0.00083880,0.00075110,0.00000000,0.00000000
MercadoLibre Inc,0.00082870,0.00076640,0.00000000,0.00000000
3M Co,0.00082640,0.00073510,0.00000000,0.00000000
Quanta Services Inc,0.00082290,0.00076530,0.00440000,0.00000000
DoorDash Inc,0.00082180,0.00073670,0.00000000,0.00000000
HDFC Bank Ltd,0.00082050,0.00071110,0.00000000,0.00000000
Constellation Energy Corp,0.00081750,0.00074920,0.00000000,0.00000000
Tokio Marine Holdings Inc,0.00080940,0.00075680,0.00150000,0.00000000
T-Mobile US Inc,0.00080730,0.00074140,0.00000000,0.00000000
Lloyds Banking Group PLC,0.00080000,0.00071910,0.00220000,0.00000000
Infineon Technologies AG,0.00079700,0.00073390,0.00280000,0.01040000
Brookfield Corp,0.00078810,0.00070940,0.00000000,0.00000000
Johnson Controls International plc,0.00078520,0.00069960,0.00320000,0.00000000
Spotify Technology SA,0.00078290,0.00072750,0.00000000,0.00000000
ITOCHU Corp,0.00078190,0.00064910,0.00000000,0.00000000
Canadian Pacific Kansas City Ltd,0.00078000,0.00067380,0.00130000,0.00000000
Glencore PLC,0.00077980,0.00067780,0.00270000,0.00000000
Emerson Electric Co,0.00077650,0.00071760,0.00000000,0.00000000
Enel SpA,0.00077600,0.00064440,0.00190000,0.00000000
Industrial & Commercial Bank of China Ltd,0.00077300,0.00068350,0.00000000,0.00000000
Synopsys Inc,0.00077290,0.00069130,0.00000000,0.00000000
National Australia Bank Ltd,0.00076650,0.00071110,0.00000000,0.00000000
American Tower Corp,0.00076640,0.00068530,0.00000000,0.00000000
Westpac Banking Corp,0.00076560,0.00070180,0.00000000,0.00000000
Suncor Energy Inc,0.00076140,0.00066720,0.00380000,0.00000000
BAE Systems PLC,0.00075880,0.00068480,0.00000000,0.00000000
Motorola Solutions Inc,0.00074960,0.00068410,0.00000000,0.00000000
ANZ Group Holdings Ltd,0.00074670,0.00066460,0.00000000,0.00000000
Waste Management Inc,0.00074540,0.00064820,0.00000000,0.00000000
EOG Resources Inc,0.00074480,0.00064420,0.00220000,0.00000000
Atlas Copco AB,0.00074460,0.00067090,0.00000000,0.00000000
Oversea-Chinese Banking Corp Ltd,0.00074000,0.00064130,0.00450000,0.00000000
Regeneron Pharmaceuticals Inc,0.00073920,0.00068000,0.00000000,0.00000000
Mitsubishi Heavy Industries Ltd,0.00073870,0.00067480,0.00000000,0.00000000
Fast Retailing Co Ltd,0.00073730,0.00069070,0.00290000,0.00000000
Mondelez International Inc,0.00073450,0.00065670,0.00000000,0.00000000
Sherwin-Williams Co/The,0.00073140,0.00066130,0.00000000,0.00000000
Robinhood Markets Inc,0.00073110,0.00068640,0.00000000,0.00000000
ICICI Bank Ltd,0.00073060,0.00066760,0.00000000,0.00000000
Muenchener Rueckversicherungs-Gesellschaft AG in Muenchen,0.00072940,0.00063120,0.00000000,0.00000000
Mitsui & Co Ltd,0.00072120,0.00063510,0.00000000,0.00000000
General Motors Co,0.00071730,0.00064940,0.00190000,0.00000000
AXA SA,0.00071610,0.00061330,0.00000000,0.00000000
Datadog Inc,0.00071510,0.00066080,0.00210000,0.00000000
Illinois Tool Works Inc,0.00071500,0.00059360,0.00000000,0.00000000
Moody's Corp,0.00071280,0.00062540,0.00000000,0.00000000
Norfolk Southern Corp,0.00071100,0.00062520,0.00000000,0.00000000
United Parcel Service Inc,0.00071010,0.00063580,0.00000000,0.00000000
Cummins Inc,0.00070670,0.00065130,0.00290000,0.00000000
National Grid PLC,0.00070450,0.00063310,0.00000000,0.00000000
Airbnb Inc,0.00070330,0.00063260,0.00000000,0.00000000
Murata Manufacturing Co Ltd,0.00070320,0.00067180,0.00500000,0.00000000
Target Corp,0.00069780,0.00061280,0.00220000,0.00000000
Space Exploration Technologies Corp,0.00069770,0.00064340,0.00000000,0.00000000
Marriott International Inc/MD,0.00069250,0.00060510,0.00230000,0.00000000
Barrick Mining Corp,0.00069240,0.00063570,0.00000000,0.00000000
AppLovin Corp,0.00069190,0.00063760,0.00000000,0.00000000
Travelers Cos Inc/The,0.00068850,0.00061890,0.00000000,0.00000000
Petroleo Brasileiro SA,0.00068640,0.00060520,0.00000000,0.00000000
O'Reilly Automotive Inc,0.00068230,0.00061930,0.00000000,0.00000000
NatWest Group PLC,0.00068050,0.00060970,0.00000000,0.00000000
Anheuser-Busch InBev SA/NV,0.00067820,0.00060070,0.00110000,0.00000000
Elevance Health Inc,0.00067300,0.00071590,0.00000000,0.00000000
Industria de Diseno Textil SA,0.00067180,0.00059580,0.00000000,0.00000000
KKR & Co Inc,0.00067020,0.00063490,0.00000000,0.00000000
Ross Stores Inc,0.00066520,0.00059910,0.00330000,0.00000000
Colgate-Palmolive Co,0.00066360,0.00057450,0.00000000,0.00000000
Northrop Grumman Corp,0.00066280,0.00060060,0.00000000,0.00000000
Cigna Group/The,0.00066280,0.00059980,0.00000000,0.00000000
FedEx Corp,0.00066250,0.00057970,0.00230000,0.00000000
Mitsubishi Electric Corp,0.00066170,0.00058570,0.00240000,0.00000000
Manulife Financial Corp,0.00065650,0.00056130,0.00120000,0.00000000
Boston Scientific Corp,0.00065300,0.00060670,0.00000000,0.00000000
Honeywell International Inc,0.00065250,0.00056040,0.00000000,0.00000000
Hilton Worldwide Holdings Inc,0.00065060,0.00056770,0.00000000,0.00000000
Shin-Etsu Chemical Co Ltd,0.00064800,0.00058570,0.00180000,0.00000000
Wheaton Precious Metals Corp,0.00064120,0.00058590,0.00000000,0.00000000
Canadian National Railway Co,0.00064010,0.00054310,0.00150000,0.00000000
Hewlett Packard Enterprise Co,0.00063950,0.00058810,0.00310000,0.00000000
Deutsche Bank AG,0.00063950,0.00057540,0.00000000,0.00000000
Ecolab Inc,0.00063740,0.00057510,0.00000000,0.00000000
SK Square Co Ltd,0.00063680,0.00058250,0.00000000,0.00000000
Hong Kong Exchanges & Clearing Ltd,0.00063430,0.00048610,0.00000000,0.00000000
Warner Bros Discovery Inc,0.00063350,0.00057110,0.00000000,0.00000000
Cintas Corp,0.00063040,0.00056460,0.00000000,0.00000000
Arthur J Gallagher & Co,0.00062850,0.00056670,0.00000000,0.00000000
Air Products and Chemicals Inc,0.00062690,0.00056350,0.00000000,0.00000000
Aon PLC,0.00062540,0.00055900,0.00000000,0.00000000
Royal Caribbean Cruises Ltd,0.00062020,0.00057070,0.00000000,0.00000000
Simon Property Group Inc,0.00061970,0.00050910,0.00100000,0.00000000
Digital Realty Trust Inc,0.00061500,0.00056060,0.00000000,0.00000000
Allstate Corp/The,0.00060680,0.00054510,0.00110000,0.00000000
United Rentals Inc,0.00059920,0.00054520,0.00000000,0.00000000
TransDigm Group Inc,0.00059710,0.00054940,0.00000000,0.00000000
Baker Hughes Co,0.00059670,0.00053180,0.00000000,0.00000000
ASE Technology Holding Co Ltd,0.00059460,0.00051920,0.00000000,0.00810000
American Electric Power Co Inc,0.00059400,0.00052190,0.00000000,0.00000000
RELX PLC,0.00059360,0.00054160,0.00000000,0.00000000
CRH PLC,0.00058810,0.00050960,0.00000000,0.00000000
PDD Holdings Inc,0.00058690,0.00055070,0.00000000,0.00000000
Vinci SA,0.00058660,0.00049440,0.00000000,0.00000000
Wesfarmers Ltd,0.00058620,0.00051760,0.00000000,0.00000000
Nordea Bank Abp,0.00058430,0.00050140,0.00170000,0.00000000
PACCAR Inc,0.00058410,0.00052330,0.00000000,0.00000000
TE Connectivity PLC,0.00058300,0.00051590,0.00000000,0.00000000
Volvo AB,0.00058240,0.00050720,0.00000000,0.00000000
Panasonic Holdings Corp,0.00058200,0.00054460,0.00420000,0.00000000
TC Energy Corp,0.00058090,0.00053370,0.00160000,0.00000000
HCA Healthcare Inc,0.00057920,0.00051420,0.00000000,0.00000000
Hermes International SCA,0.00057700,0.00052000,0.00000000,0.00000000
Kinder Morgan Inc,0.00057510,0.00050860,0.00000000,0.00000000
Argenx SE,0.00057360,0.00054040,0.00000000,0.00000000
Targa Resources Corp,0.00057330,0.00051590,0.00220000,0.00000000
Monster Beverage Corp,0.00057220,0.00052390,0.00100000,0.00000000
Monolithic Power Systems Inc,0.00057110,0.00051730,0.00210000,0.00740000
Xiaomi Corp,0.00057090,0.00052120,0.00000000,0.00000000
Truist Financial Corp,0.00056830,0.00048640,0.00000000,0.00000000
Cheniere Energy Inc,0.00056830,0.00051730,0.00000000,0.00000000
ONEOK Inc,0.00056290,0.00050050,0.00000000,0.00000000
Macquarie Group Ltd,0.00056160,0.00050500,0.00000000,0.00000000
Deutsche Boerse AG,0.00055910,0.00050520,0.00090000,0.00000000
CSL Ltd,0.00055880,0.00051510,0.00000000,0.00000000
Anglo American PLC,0.00055850,0.00053370,0.00140000,0.00000000
Samsung Electro-Mechanics Co Ltd,0.00055550,0.00050930,0.00000000,0.00000000
National Bank of Canada,0.00055490,0.00046760,0.00300000,0.00000000
Cencora Inc,0.00055410,0.00049660,0.00000000,0.00000000
DHL AG,0.00055070,0.00046370,0.00090000,0.00000000
EssilorLuxottica SA,0.00054910,0.00045460,0.00000000,0.00000000
London Stock Exchange Group PLC,0.00054840,0.00048760,0.00000000,0.00000000
Nintendo Co Ltd,0.00054620,0.00049140,0.00000000,0.00000000
Takeda Pharmaceutical Co Ltd,0.00054240,0.00048360,0.00170000,0.00000000
Keysight Technologies Inc,0.00054080,0.00047460,0.00280000,0.00000000
Rheinmetall AG,0.00053660,0.00050680,0.00000000,0.00000000
Apollo Global Management Inc,0.00053550,0.00048590,0.00000000,0.00000000
Bayer AG,0.00053140,0.00047660,0.00150000,0.00000000
Bharti Airtel Ltd,0.00053000,0.00047410,0.00000000,0.00000000
Fujikura Ltd,0.00052840,0.00048270,0.00270000,0.00000000
Dominion Energy Inc,0.00052640,0.00045830,0.00000000,0.00000000
Corteva Inc,0.00052450,0.00047580,0.00000000,0.00000000
Devon Energy Corp,0.00052440,0.00046100,0.00150000,0.00000000
NXP Semiconductors NV,0.00052380,0.00048730,0.00000000,0.00670000
Bank of China Ltd,0.00052260,0.00043110,0.00000000,0.00000000
Teradyne Inc,0.00051980,0.00047080,0.00400000,0.00770000
Fastenal Co,0.00051880,0.00046340,0.00000000,0.00000000
Societe Generale SA,0.00051790,0.00047840,0.00150000,0.00000000
BASF SE,0.00051610,0.00045400,0.00000000,0.00000000
WW Grainger Inc,0.00051400,0.00045250,0.00100000,0.00000000
Meituan,0.00051290,0.00047870,0.00000000,0.00000000
Sempra,0.00051200,0.00041980,0.00000000,0.00000000
Hoya Corp,0.00051190,0.00042210,0.00000000,0.00000000
Realty Income Corp,0.00051140,0.00040070,0.00000000,0.00000000
Ping An Insurance Group Co of China Ltd,0.00051070,0.00039920,0.00000000,0.00000000
Nucor Corp,0.00051010,0.00045830,0.00170000,0.00000000
Anglogold Ashanti Plc,0.00050820,0.00047850,0.00000000,0.00000000
Cardinal Health Inc,0.00050720,0.00044430,0.00000000,0.00000000
Comfort Systems USA Inc,0.00050310,0.00045650,0.00320000,0.00000000
Ciena Corp,0.00050110,0.00046330,0.00380000,0.00000000
Standard Chartered PLC,0.00050110,0.00044050,0.00000000,0.00000000
Autodesk Inc,0.00050090,0.00046170,0.00000000,0.00000000
CaixaBank SA,0.00050060,0.00045610,0.00170000,0.00000000
AMETEK Inc,0.00050020,0.00042530,0.00000000,0.00000000
EQT Corp,0.00049640,0.00041610,0.00000000,0.00000000
Engie SA,0.00049420,0.00042990,0.00180000,0.00000000
Prosus NV,0.00049390,0.00045090,0.00000000,0.00000000
Ford Motor Co,0.00049160,0.00046290,0.00000000,0.00000000
Nokia Oyj,0.00048580,0.00044190,0.00280000,0.00000000
State Street Corp,0.00048410,0.00040620,0.00170000,0.00000000
Becton Dickinson & Co,0.00048370,0.00043930,0.00000000,0.00000000
Vale SA,0.00048030,0.00041680,0.00000000,0.00000000
Diageo PLC,0.00047790,0.00043300,0.00000000,0.00000000
MetLife Inc,0.00047620,0.00040520,0.00000000,0.00000000
Eni SpA,0.00047520,0.00041720,0.00260000,0.00000000
Compass Group PLC,0.00047470,0.00049920,0.00000000,0.00000000
United Microelectronics Corp,0.00047470,0.00040980,0.00000000,0.00620000
Carvana Co,0.00047380,0.00043490,0.00000000,0.00000000
Public Storage,0.00047270,0.00040750,0.00000000,0.00000000
KDDI Corp,0.00047250,0.00042600,0.00000000,0.00000000
Ferrari NV,0.00047090,0.00041380,0.00000000,0.00000000
Edwards Lifesciences Corp,0.00046940,0.00042770,0.00000000,0.00000000
RWE AG,0.00046820,0.00039410,0.00170000,0.00000000
Aflac Inc,0.00046780,0.00039010,0.00000000,0.00000000
Ameriprise Financial Inc,0.00046710,0.00040420,0.00000000,0.00000000
Swiss Re AG,0.00046360,0.00042370,0.00000000,0.00000000
Lonza Group AG,0.00046300,0.00040740,0.00000000,0.00000000
Al Rajhi Bank,0.00046280,0.00041320,0.00000000,0.00000000
Franco-Nevada Corp,0.00046250,0.00042840,0.00000000,0.00000000
L3Harris Technologies Inc,0.00045810,0.00041630,0.00000000,0.00000000
AutoZone Inc,0.00045590,0.00040070,0.00000000,0.00000000
Chipotle Mexican Grill Inc,0.00045230,0.00041220,0.00000000,0.00000000
Westinghouse Air Brake Technologies Corp,0.00045230,0.00038440,0.00160000,0.00000000
Japan Tobacco Inc,0.00045230,0.00037020,0.00210000,0.00000000
Hyundai Motor Co,0.00045150,0.00042340,0.00000000,0.00000000
Honeywell Aerospace Inc,0.00045130,0.00042610,0.00000000,0.00000000
Vivmark Residential,0.00045120,0.00039460,0.00000000,0.00000000
Coherent Corp,0.00045090,0.00042210,0.00250000,0.00000000
Danone SA,0.00044720,0.00039160,0.00000000,0.00000000
NU Holdings Ltd/Cayman Islands,0.00044660,0.00042670,0.00000000,0.00000000
Elite Material Co Ltd,0.00044570,0.00038910,0.00000000,0.00000000
Rockwell Automation Inc,0.00044470,0.00040190,0.00000000,0.00000000
Humana Inc,0.00043830,0.00038970,0.00110000,0.00000000
Generali,0.00043700,0.00037010,0.00000000,0.00000000
Entergy Corp,0.00043420,0.00038110,0.00110000,0.00000000
Fifth Third Bancorp,0.00043340,0.00038240,0.00000000,0.00000000
Vistra Corp,0.00043300,0.00039190,0.00000000,0.00000000
BYD Co Ltd,0.00043160,0.00043170,0.00000000,0.00000000
Xcel Energy Inc,0.00043010,0.00036590,0.00000000,0.00000000
eBay Inc,0.00042980,0.00038770,0.00000000,0.00000000
ORIX Corp,0.00042930,0.00035340,0.00190000,0.00000000
Carrier Global Corp,0.00042900,0.00038100,0.00000000,0.00000000
NetEase Inc,0.00042750,0.00038130,0.00000000,0.00000000
NIKE Inc,0.00042740,0.00039090,0.00000000,0.00000000
IQVIA Holdings Inc,0.00042710,0.00036660,0.00000000,0.00000000
Garmin Ltd,0.00042060,0.00038450,0.00080000,0.00000000
Constellation Software Inc/Canada,0.00042030,0.00038260,0.00000000,0.00000000
Marubeni Corp,0.00041960,0.00037110,0.00170000,0.00000000
Alimentation Couche-Tard Inc,0.00041740,0.00037300,0.00060000,0.00000000
Astera Labs Inc,0.00041700,0.00038970,0.00140000,0.00530000
Reckitt Benckiser Group PLC,0.00041690,0.00037220,0.00000000,0.00000000
ASM International NV,0.00041650,0.00038150,0.00140000,0.00550000
Cenovus Energy Inc,0.00041640,0.00036620,0.00200000,0.00000000
E.ON SE,0.00041520,0.00038470,0.00000000,0.00000000
Roper Technologies Inc,0.00041230,0.00035620,0.00000000,0.00000000
Strategy Inc,0.00041230,0.00037460,0.00000000,0.00000000
Itau Unibanco Holding SA,0.00041050,0.00035430,0.00000000,0.00000000
IDEXX Laboratories Inc,0.00040980,0.00036530,0.00000000,0.00000000
KB Financial Group Inc,0.00040850,0.00039040,0.00000000,0.00000000
Exelon Corp,0.00040840,0.00035100,0.00000000,0.00000000
Block Inc,0.00040670,0.00036520,0.00000000,0.00000000
Occidental Petroleum Corp,0.00040530,0.00036990,0.00130000,0.00000000
Natera Inc,0.00040220,0.00037940,0.00000000,0.00000000
Agilent Technologies Inc,0.00040060,0.00035110,0.00000000,0.00000000
Nan Ya Plastics Corp,0.00039980,0.00032310,0.00000000,0.00000000
Nasdaq Inc,0.00039980,0.00036620,0.00000000,0.00000000
Haleon PLC,0.00039960,0.00037180,0.00000000,0.00000000
Zijin Mining Group Co Ltd,0.00039880,0.00032780,0.00000000,0.00000000
Ventas Inc,0.00039840,0.00036060,0.00060000,0.00000000
Woodside Energy Group Ltd,0.00039840,0.00037470,0.00130000,0.00000000
Interactive Brokers Group Inc,0.00039670,0.00035800,0.00000000,0.00000000
CBRE Group Inc,0.00039590,0.00035340,0.00000000,0.00000000
Coinbase Global Inc,0.00039590,0.00035460,0.00000000,0.00000000
Axon Enterprise Inc,0.00039570,0.00037520,0.00000000,0.00000000
Holcim AG,0.00039520,0.00036370,0.00000000,0.00000000
Otsuka Holdings Co Ltd,0.00039410,0.00032160,0.00100000,0.00000000
Cie de Saint-Gobain SA,0.00039300,0.00033130,0.00000000,0.00000000
Sun Life Financial Inc,0.00039130,0.00034370,0.00110000,0.00000000
Veeva Systems Inc,0.00038970,0.00038270,0.00000000,0.00000000
Daikin Industries Ltd,0.00038960,0.00030250,0.00000000,0.00000000
Waste Connections Inc,0.00038810,0.00034280,0.00000000,0.00000000
Cameco Corp,0.00038720,0.00036800,0.00000000,0.00000000
Republic Services Inc,0.00038610,0.00033730,0.00000000,0.00000000
Yum! Brands Inc,0.00038560,0.00034220,0.00000000,0.00000000
Infosys Ltd,0.00038520,0.00034160,0.00000000,0.00000000
Ferguson Enterprises Inc,0.00038490,0.00035720,0.00000000,0.00000000
Keurig Dr Pepper Inc,0.00038490,0.00034500,0.00000000,0.00000000
Sandvik AB,0.00038450,0.00034210,0.00000000,0.00000000
Daiichi Life Group Inc,0.00038380,0.00031720,0.00080000,0.00000000
Honda Motor Co Ltd,0.00038250,0.00032600,0.00000000,0.00000000
Sika AG,0.00038230,0.00032930,0.00000000,0.00000000
Grupo Mexico SAB de CV,0.00038220,0.00030420,0.00000000,0.00000000
Workday Inc,0.00038190,0.00035170,0.00000000,0.00000000
American International Group Inc,0.00038170,0.00033280,0.00000000,0.00000000
Teva Pharmaceutical Industries Ltd,0.00038140,0.00035300,0.00160000,0.00000000
Legrand SA,0.00037980,0.00034680,0.00000000,0.00000000
Unimicron Technology Corp,0.00037960,0.00033970,0.00000000,0.00000000
Sumitomo Corp,0.00037780,0.00035180,0.00160000,0.00000000
Mercedes-Benz Group AG,0.00037740,0.00032800,0.00000000,0.00000000
Prudential Financial Inc,0.00037610,0.00032550,0.00000000,0.00000000
Tesco PLC,0.00037580,0.00032230,0.00000000,0.00000000
Diamondback Energy Inc,0.00037520,0.00032140,0.00100000,0.00000000
Paychex Inc,0.00037490,0.00034370,0.00000000,0.00000000
Waters Corp,0.00037420,0.00034020,0.00000000,0.00000000
MSCI Inc,0.00037350,0.00033530,0.00000000,0.00000000
Gold Fields Ltd,0.00037260,0.00035010,0.00000000,0.00000000
Prysmian SpA,0.00037240,0.00034730,0.00150000,0.00000000
MS&AD Insurance Group Holdings Inc,0.00037240,0.00030190,0.00060000,0.00000000
NEC Corp,0.00037200,0.00031820,0.00000000,0.00000000
Goodman Group,0.00037070,0.00033190,0.00000000,0.00000000
Komatsu Ltd,0.00037050,0.00034740,0.00000000,0.00000000
DSV A/S,0.00037020,0.00033820,0.00000000,0.00000000
SSE PLC,0.00037020,0.00033780,0.00000000,0.00000000
Flex Ltd,0.00036870,0.00035010,0.00180000,0.00000000
WEC Energy Group Inc,0.00036720,0.00024960,0.00000000,0.00000000
Take-Two Interactive Software Inc,0.00036490,0.00033710,0.00000000,0.00000000
Sumitomo Electric Industries Ltd,0.00036440,0.00035570,0.00260000,0.00000000
Erste Group Bank AG,0.00036200,0.00032160,0.00000000,0.00000000
Fujitsu Ltd,0.00036170,0.00034670,0.00000000,0.00000000
Bank Leumi Le-Israel BM,0.00036070,0.00031170,0.00000000,0.00000000
Orange SA,0.00035850,0.00031050,0.00100000,0.00000000
Microchip Technology Inc,0.00035850,0.00033810,0.00000000,0.00480000
Archer-Daniels-Midland Co,0.00035710,0.00032750,0.00000000,0.00000000
Consolidated Edison Inc,0.00035680,0.00028870,0.00000000,0.00000000
United Overseas Bank Ltd,0.00035610,0.00029350,0.00000000,0.00000000
Galderma Group AG,0.00035520,0.00032930,0.00120000,0.00000000
CTBC Financial Holding Co Ltd,0.00035460,0.00031180,0.00000000,0.00000000
Saudi Arabian Oil Co,0.00035080,0.00027870,0.00000000,0.00000000
Celestica Inc,0.00035060,0.00032150,0.00160000,0.00000000
TDK Corp,0.00035030,0.00031690,0.00070000,0.00000000
Japan Post Bank Co Ltd,0.00034980,0.00031490,0.00160000,0.00000000
DR Horton Inc,0.00034800,0.00030610,0.00000000,0.00000000
Naspers Ltd,0.00034760,0.00032130,0.00000000,0.00000000
Danske Bank A/S,0.00034740,0.00027890,0.00100000,0.00000000
Kinross Gold Corp,0.00034540,0.00031620,0.00000000,0.00000000
Old Dominion Freight Line Inc,0.00034420,0.00031600,0.00090000,0.00000000
Sysco Corp,0.00034130,0.00031370,0.00000000,0.00000000
Cathay Financial Holding Co Ltd,0.00033980,0.00029050,0.00000000,0.00000000
3i Group PLC,0.00033970,0.00032610,0.00000000,0.00000000
Nutrien Ltd,0.00033960,0.00031320,0.00000000,0.00000000
Lenovo Group Ltd,0.00033960,0.00025540,0.00000000,0.00000000
Contemporary Amperex Technology Co Ltd,0.00033780,0.00031570,0.00000000,0.00000000
China Life Insurance Co Ltd,0.00033760,0.00044810,0.00000000,0.00000000
Experian PLC,0.00033650,0.00031420,0.00000000,0.00000000
Sompo Holdings Inc,0.00033630,0.00030690,0.00140000,0.00000000
China Merchants Bank Co Ltd,0.00033550,0.00028400,0.00000000,0.00000000
Assa Abloy AB,0.00033510,0.00026550,0.00000000,0.00000000
Kenvue Inc,0.00033500,0.00029550,0.00000000,0.00000000
JD.com Inc,0.00033490,0.00028830,0.00000000,0.00000000
Fubon Financial Holding Co Ltd,0.00033400,0.00032810,0.00000000,0.00000000
Fairfax Financial Holdings Ltd,0.00033320,0.00028290,0.00000000,0.00000000
Expedia Group Inc,0.00033310,0.00030510,0.00000000,0.00000000
Hartford Financial Services Group Inc/The,0.00032980,0.00028990,0.00000000,0.00000000
PayPal Holdings Inc,0.00032820,0.00039900,0.00000000,0.00000000
Public Service Enterprise Group Inc,0.00032760,0.00028690,0.00000000,0.00000000
ResMed Inc,0.00032700,0.00029530,0.00000000,0.00000000
Repsol SA,0.00032620,0.00029860,0.00200000,0.00000000
Shinhan Financial Group Co Ltd,0.00032600,0.00031050,0.00000000,0.00000000
Sandoz Group AG,0.00032510,0.00030040,0.00110000,0.00000000
Adyen NV,0.00032450,0.00028150,0.00000000,0.00000000
MongoDB Inc,0.00032420,0.00030160,0.00000000,0.00000000
Bank Hapoalim BM,0.00032390,0.00027440,0.00000000,0.00000000
Intact Financial Corp,0.00032300,0.00028610,0.00000000,0.00000000
Kimberly-Clark Corp,0.00032260,0.00027400,0.00000000,0.00000000
Dexcom Inc,0.00032110,0.00029820,0.00000000,0.00000000
Vulcan Materials Co,0.00032070,0.00028810,0.00000000,0.00000000
Resona Holdings Inc,0.00031990,0.00028940,0.00090000,0.00000000
Power Corp of Canada,0.00031950,0.00028870,0.00170000,0.00000000
Crown Castle Inc,0.00031920,0.00028640,0.00000000,0.00000000
Alcon AG,0.00031840,0.00029240,0.00000000,0.00000000
Prudential PLC,0.00031780,0.00029240,0.00000000,0.00000000
EMCOR Group Inc,0.00031700,0.00027510,0.00000000,0.00000000
Toyota Tsusho Corp,0.00031620,0.00030650,0.00120000,0.00000000
KBC Group NV,0.00031550,0.00025670,0.00000000,0.00000000
Atlassian Corp,0.00031460,0.00028470,0.00000000,0.00000000
Twilio Inc,0.00031450,0.00029520,0.00070000,0.00000000
Rocket Lab Corp,0.00031430,0.00029510,0.00000000,0.00000000
STMicroelectronics NV,0.00031310,0.00027900,0.00150000,0.00390000
M&T Bank Corp,0.00031270,0.00025890,0.00000000,0.00000000
Woolworths Group Ltd,0.00031230,0.00028590,0.00100000,0.00000000
FANUC Corp,0.00031200,0.00030020,0.00110000,0.00000000
Arch Capital Group Ltd,0.00031080,0.00026860,0.00000000,0.00000000
TS Financial Holding Co Ltd,0.00031010,0.00022730,0.00000000,0.00000000
Teck Resources Ltd,0.00030950,0.00027270,0.00080000,0.00000000
HEICO Corp,0.00030940,0.00027250,0.00000000,0.00000000
Zoetis Inc,0.00030900,0.00028240,0.00000000,0.00000000
Renesas Electronics Corp,0.00030900,0.00028460,0.00100000,0.00430000
Saudi National Bank/The,0.00030820,0.00027110,0.00000000,0.00000000
Huntington Bancshares Inc/OH,0.00030780,0.00026790,0.00000000,0.00000000
Northern Trust Corp,0.00030740,0.00026700,0.00080000,0.00000000
Dollarama Inc,0.00030730,0.00027510,0.00000000,0.00000000
Biogen Inc,0.00030680,0.00027670,0.00080000,0.00000000
Asia Vital Components Co Ltd,0.00030610,0.00026790,0.00000000,0.00000000
Vestas Wind Systems A/S,0.00030600,0.00028250,0.00000000,0.00000000
Kroger Co/The,0.00030600,0.00027390,0.00000000,0.00000000
Iron Mountain Inc,0.00030600,0.00028550,0.00050000,0.00000000
OTP Bank Nyrt,0.00030540,0.00026100,0.00000000,0.00000000
Mettler-Toledo International Inc,0.00030370,0.00023320,0.00000000,0.00000000
Mahindra & Mahindra Ltd,0.00030290,0.00027160,0.00000000,0.00000000
Illumina Inc,0.00030080,0.00027480,0.00070000,0.00000000
Daiichi Sankyo Co Ltd,0.00029930,0.00027150,0.00000000,0.00000000
Steel Dynamics Inc,0.00029860,0.00026240,0.00120000,0.00000000
Skandinaviska Enskilda Banken AB,0.00029840,0.00026210,0.00000000,0.00000000
Commerzbank AG,0.00029750,0.00025820,0.00000000,0.00000000
Grupo Financiero Banorte SAB de CV,0.00029710,0.00026960,0.00000000,0.00000000
Kyocera Corp,0.00029620,0.00029980,0.00140000,0.00000000
ArcelorMittal SA,0.00029600,0.00026040,0.00120000,0.00000000
Bridgestone Corp,0.00029550,0.00022130,0.00000000,0.00000000
GE HealthCare Technologies Inc,0.00029530,0.00027160,0.00000000,0.00000000
PetroChina Co Ltd,0.00029530,0.00025430,0.00000000,0.00000000
Cognizant Technology Solutions Corp,0.00029400,0.00025990,0.00000000,0.00000000
Extra Space Storage Inc,0.00029380,0.00023330,0.00000000,0.00000000
Alnylam Pharmaceuticals Inc,0.00029310,0.00027780,0.00000000,0.00000000
Bajaj Finance Ltd,0.00029300,0.00024730,0.00000000,0.00000000
Centene Corp,0.00029230,0.00027050,0.00060000,0.00000000
Agricultural Bank of China Ltd,0.00029180,0.00026570,0.00000000,0.00000000
Heineken NV,0.00029160,0.00026110,0.00000000,0.00000000
Willis Towers Watson PLC,0.00029140,0.00027270,0.00000000,0.00000000
Disco Corp,0.00029130,0.00030140,0.00000000,0.00360000
Swiss Life Holding AG,0.00028850,0.00025110,0.00000000,0.00000000
NetApp Inc,0.00028760,0.00030720,0.00120000,0.00000000
Halliburton Co,0.00028660,0.00026280,0.00000000,0.00000000
Transurban Group,0.00028620,0.00024220,0.00000000,0.00000000
Cboe Global Markets Inc,0.00028600,0.00027150,0.00000000,0.00000000
Koninklijke Ahold Delhaize NV,0.00028560,0.00026290,0.00000000,0.00000000
ON Semiconductor Corp,0.00028490,0.00025570,0.00080000,0.00370000
Sumitomo Mitsui Trust Group Inc,0.00028480,0.00022360,0.00100000,0.00000000
Equinor ASA,0.00028470,0.00026420,0.00120000,0.00000000
Ferrovial NV,0.00028310,0.00020530,0.00000000,0.00000000
Swedbank AB,0.00028280,0.00023460,0.00090000,0.00000000
Axis Bank Ltd,0.00028190,0.00025520,0.00000000,0.00000000
Martin Marietta Materials Inc,0.00028120,0.00025740,0.00000000,0.00000000
Givaudan SA,0.00028020,0.00027210,0.00000000,0.00000000
Larsen & Toubro Ltd,0.00028020,0.00024260,0.00000000,0.00000000
Ibiden Co Ltd,0.00028000,0.00027300,0.00220000,0.00000000
Copart Inc,0.00027980,0.00024680,0.00000000,0.00000000
UCB SA,0.00027840,0.00025510,0.00000000,0.00000000
NTT Inc,0.00027830,0.00019520,0.00000000,0.00000000
Teledyne Technologies Inc,0.00027750,0.00024540,0.00000000,0.00000000
Vodafone Group PLC,0.00027710,0.00023270,0.00090000,0.00000000
Carnival Corp Ltd,0.00027670,0.00025960,0.00000000,0.00000000
Nomura Holdings Inc,0.00027600,0.00024480,0.00080000,0.00000000
FirstRand Ltd,0.00027560,0.00023990,0.00000000,0.00000000
Amadeus IT Group SA,0.00027480,0.00024510,0.00000000,0.00000000
Citizens Financial Group Inc,0.00027480,0.00022720,0.00000000,0.00000000
Fortis Inc/Canada,0.00027410,0.00019990,0.00000000,0.00000000
Aviva PLC,0.00027380,0.00023460,0.00000000,0.00000000
Ajinomoto Co Inc,0.00027310,0.00026780,0.00050000,0.00000000
Ingersoll Rand Inc,0.00027290,0.00025420,0.00000000,0.00000000
Accton Technology Corp,0.00027190,0.00024870,0.00000000,0.00000000
Telefonaktiebolaget LM Ericsson,0.00027130,0.00024800,0.00000000,0.00000000
Coreweave Inc,0.00027100,0.00025240,0.00000000,0.00000000
Trip.com Group Ltd,0.00027080,0.00030010,0.00000000,0.00000000
Synchrony Financial,0.00027010,0.00022140,0.00000000,0.00000000
Okta Inc,0.00026910,0.00025210,0.00060000,0.00000000
ABN AMRO Bank NV,0.00026820,0.00023950,0.00050000,0.00000000
Chugai Pharmaceutical Co Ltd,0.00026800,0.00028340,0.00000000,0.00000000
Regions Financial Corp,0.00026770,0.00018910,0.00000000,0.00000000
Astellas Pharma Inc,0.00026740,0.00022160,0.00080000,0.00000000
Everpure Inc,0.00026740,0.00024930,0.00000000,0.00000000
adidas AG,0.00026510,0.00025010,0.00000000,0.00000000
Sunbelt Rentals Holdings Inc,0.00026490,0.00025520,0.00000000,0.00000000
LPL Financial Holdings Inc,0.00026470,0.00025410,0.00000000,0.00000000
Hana Financial Group Inc,0.00026430,0.00025990,0.00000000,0.00000000
Japan Post Holdings Co Ltd,0.00026350,0.00020860,0.00090000,0.00000000
Seven & i Holdings Co Ltd,0.00026250,0.00021050,0.00000000,0.00000000
Fiserv Inc,0.00026240,0.00022290,0.00000000,0.00000000
Banco BPM SpA,0.00026160,0.00021090,0.00000000,0.00000000
Epiroc AB,0.00026140,0.00022190,0.00000000,0.00000000
CK Hutchison Holdings Ltd,0.00026110,0.00029120,0.00070000,0.00000000
Yuanta Financial Holding Co Ltd,0.00026090,0.00022400,0.00000000,0.00000000
PG&E Corp,0.00025940,0.00023980,0.00000000,0.00000000
Quanta Computer Inc,0.00025940,0.00023990,0.00000000,0.00000000
DTE Energy Co,0.00025940,0.00021830,0.00000000,0.00000000
Ameren Corp,0.00025920,0.00022420,0.00000000,0.00000000
Powszechna Kasa Oszczednosci Bank Polski SA,0.00025910,0.00020660,0.00000000,0.00000000
HP Inc,0.00025850,0.00023620,0.00040000,0.00000000
Baidu Inc,0.00025830,0.00026940,0.00000000,0.00000000
Hanwha Aerospace Co Ltd,0.00025800,0.00021210,0.00000000,0.00000000
Live Nation Entertainment Inc,0.00025680,0.00024590,0.00000000,0.00000000
Williams-Sonoma Inc,0.00025560,0.00022930,0.00000000,0.00000000
Mitsubishi Estate Co Ltd,0.00025380,0.00021350,0.00000000,0.00000000
Pembina Pipeline Corp,0.00025350,0.00022090,0.00050000,0.00000000
Cie Generale des Etablissements Michelin SCA,0.00025300,0.00020390,0.00000000,0.00000000
Quest Diagnostics Inc,0.00025230,0.00021550,0.00050000,0.00000000
FUJIFILM Holdings Corp,0.00025220,0.00020680,0.00000000,0.00000000
Valterra Platinum Ltd,0.00025190,0.00019600,0.00000000,0.00000000
Wuxi Biologics Cayman Inc,0.00025180,0.00020750,0.00000000,0.00000000
AIB Group PLC,0.00025180,0.00021650,0.00080000,0.00000000
Labcorp Holdings Inc,0.00025160,0.00022130,0.00000000,0.00000000
Corpay Inc,0.00025080,0.00021910,0.00000000,0.00000000
Daimler Truck Holding AG,0.00025080,0.00022080,0.00000000,0.00000000
Omnicom Group Inc,0.00025080,0.00019830,0.00000000,0.00000000
BOC Hong Kong Holdings Ltd,0.00025020,0.00022270,0.00090000,0.00000000
Hershey Co/The,0.00024990,0.00021920,0.00000000,0.00000000
Singapore Telecommunications Ltd,0.00024960,0.00022440,0.00000000,0.00000000
Expeditors International of Washington Inc,0.00024950,0.00020100,0.00060000,0.00000000
Dollar General Corp,0.00024940,0.00024260,0.00000000,0.00000000
Doosan Enerbility Co Ltd,0.00024870,0.00025370,0.00000000,0.00000000
Restaurant Brands International Inc,0.00024750,0.00021840,0.00000000,0.00000000
Publicis Groupe SA,0.00024700,0.00023490,0.00000000,0.00000000
Next PLC,0.00024650,0.00019640,0.00000000,0.00000000
Kuwait Finance House KSCP,0.00024650,0.00015170,0.00000000,0.00000000
ROBLOX Corp,0.00024640,0.00022770,0.00000000,0.00000000
PulteGroup Inc,0.00024560,0.00021830,0.00000000,0.00000000
Banca Monte dei Paschi di Siena SpA,0.00024550,0.00021730,0.00000000,0.00000000
Imperial Brands PLC,0.00024490,0.00022040,0.00000000,0.00000000
Sampo Oyj,0.00024460,0.00018760,0.00000000,0.00000000
Ares Management Corp,0.00024420,0.00024300,0.00000000,0.00000000
PPG Industries Inc,0.00024400,0.00021550,0.00000000,0.00000000
Church & Dwight Co Inc,0.00024360,0.00023530,0.00000000,0.00000000
Darden Restaurants Inc,0.00024300,0.00020710,0.00000000,0.00000000
American Water Works Co Inc,0.00024290,0.00020980,0.00000000,0.00000000
Suzuki Motor Corp,0.00024240,0.00021020,0.00000000,0.00000000
First Abu Dhabi Bank PJSC,0.00024170,0.00021230,0.00000000,0.00000000
Otis Worldwide Corp,0.00024160,0.00021680,0.00000000,0.00000000
Mitsui Fudosan Co Ltd,0.00024120,0.00023220,0.00000000,0.00000000
Xylem Inc/NY,0.00024060,0.00021270,0.00000000,0.00000000
Fair Isaac Corp,0.00024060,0.00022180,0.00000000,0.00000000
VICI Properties Inc,0.00024010,0.00020810,0.00000000,0.00000000
Insmed Inc,0.00024000,0.00022940,0.00000000,0.00000000
CenterPoint Energy Inc,0.00023910,0.00019900,0.00000000,0.00000000
Novonesis (Novozymes) B,0.00023810,0.00021480,0.00000000,0.00000000
Raymond James Financial Inc,0.00023770,0.00025010,0.00000000,0.00000000
BPER Banca SPA,0.00023700,0.00020670,0.00070000,0.00000000
Techtronic Industries Co Ltd,0.00023670,0.00020290,0.00000000,0.00000000
Veralto Corp,0.00023650,0.00020050,0.00000000,0.00000000
Eversource Energy,0.00023630,0.00021480,0.00000000,0.00000000
F5 Inc,0.00023600,0.00019150,0.00050000,0.00000000
Qnity Electronics Inc,0.00023550,0.00022160,0.00050000,0.00300000
FirstEnergy Corp,0.00023540,0.00019320,0.00000000,0.00000000
PPL Corp,0.00023520,0.00019320,0.00000000,0.00000000
Verisk Analytics Inc,0.00023480,0.00020120,0.00000000,0.00000000
Dover Corp,0.00023460,0.00020020,0.00000000,0.00000000
Saudi Arabian Mining Co,0.00023460,0.00020790,0.00000000,0.00000000
ORLEN SA,0.00023460,0.00020080,0.00000000,0.00000000
Samsung SDI Co Ltd,0.00023450,0.00020540,0.00000000,0.00000000
Standard Bank Group Ltd,0.00023440,0.00019320,0.00000000,0.00000000
Aristocrat Leisure Ltd,0.00023400,0.00019670,0.00000000,0.00000000
National Bank of Kuwait SAKP,0.00023390,0.00021130,0.00000000,0.00000000
West Pharmaceutical Services Inc,0.00023320,0.00019840,0.00040000,0.00000000
Credicorp Ltd,0.00023240,0.00020410,0.00000000,0.00000000
Zoom Video Communications Inc,0.00023240,0.00022180,0.00000000,0.00000000
Thales SA,0.00023140,0.00021590,0.00000000,0.00000000
Tata Consultancy Services Ltd,0.00023070,0.00019230,0.00000000,0.00000000
Atmos Energy Corp,0.00023050,0.00018460,0.00000000,0.00000000
DNB Bank ASA,0.00023010,0.00017820,0.00000000,0.00000000
Kotak Mahindra Bank Ltd,0.00022950,0.00021370,0.00000000,0.00000000
Hexagon AB,0.00022910,0.00018720,0.00000000,0.00000000
ENEOS Holdings Inc,0.00022880,0.00020420,0.00080000,0.00000000
Kao Corp,0.00022870,0.00024640,0.00000000,0.00000000
Dollar Tree Inc,0.00022860,0.00020350,0.00000000,0.00000000
Hubbell Inc,0.00022840,0.00018830,0.00000000,0.00000000
Cincinnati Financial Corp,0.00022750,0.00020980,0.00000000,0.00000000
Veolia Environnement SA,0.00022700,0.00019440,0.00000000,0.00000000
Bayerische Motoren Werke AG,0.00022680,0.00019360,0.00000000,0.00000000
InterContinental Hotels Group PLC,0.00022650,0.00017580,0.00000000,0.00000000
Packaging Corp of America,0.00022630,0.00017100,0.00000000,0.00000000
Royalty Pharma PLC,0.00022590,0.00021420,0.00110000,0.00000000
Heidelberg Materials AG,0.00022590,0.00020710,0.00000000,0.00000000
Credit Agricole SA,0.00022570,0.00015410,0.00000000,0.00000000
Leonardo SpA,0.00022550,0.00021090,0.00000000,0.00000000
Estee Lauder Cos Inc/The,0.00022540,0.00021910,0.00000000,0.00000000
Yageo Corp,0.00022460,0.00022320,0.00000000,0.00000000
Capitec Limited,0.00022440,0.00018000,0.00000000,0.00000000
Emirates Telecommunications Group Co PJSC,0.00022300,0.00020840,0.00000000,0.00000000
Celltrion Inc,0.00022290,0.00021290,0.00000000,0.00000000
QBE Insurance Group Ltd,0.00022220,0.00019710,0.00000000,0.00000000
Saab AB,0.00022180,0.00017940,0.00000000,0.00000000
T Rowe Price Group Inc,0.00022160,0.00019140,0.00000000,0.00000000
Loblaw Cos Ltd,0.00022110,0.00019250,0.00000000,0.00000000
Ulta Beauty Inc,0.00022100,0.00018560,0.00000000,0.00000000
Coles Group Ltd,0.00022070,0.00018050,0.00000000,0.00000000
Fox Corp,0.00021960,0.00017190,0.00000000,0.00000000
Samsung C&T Corp,0.00021870,0.00017260,0.00000000,0.00000000
Smurfit Westrock PLC,0.00021810,0.00021360,0.00000000,0.00000000
Kia Corp,0.00021800,0.00021380,0.00000000,0.00000000
Canon Inc,0.00021770,0.00018720,0.00000000,0.00000000
Saudi Telecom Co,0.00021660,0.00020480,0.00000000,0.00000000
SoFi Technologies Inc,0.00021640,0.00017550,0.00000000,0.00000000
Expand Energy Corp,0.00021630,0.00017350,0.00000000,0.00000000
VeriSign Inc,0.00021620,0.00019930,0.00000000,0.00000000
Geberit AG,0.00021610,0.00021810,0.00000000,0.00000000
Tower Semiconductor Ltd,0.00021590,0.00020050,0.00180000,0.00290000
Kraft Heinz Co/The,0.00021580,0.00019230,0.00000000,0.00000000
NAVER Corp,0.00021570,0.00018880,0.00000000,0.00000000
First Quantum Minerals Ltd,0.00021460,0.00018450,0.00000000,0.00000000
King Slide Works Co Ltd,0.00021450,0.00018920,0.00000000,0.00000000
BeOne Medicines Ltd,0.00021440,0.00018470,0.00000000,0.00000000
Wistron Corp,0.00021370,0.00014660,0.00000000,0.00000000
Bank of Ireland Group PLC,0.00021150,0.00017450,0.00050000,0.00000000
East Japan Railway Co,0.00021140,0.00019460,0.00000000,0.00000000
Liberty Media Corp-Liberty Formula One,0.00021040,0.00019420,0.00000000,0.00000000
Texas Pacific Land Corp,0.00021010,0.00019210,0.00000000,0.00000000
Denso Corp,0.00020980,0.00016230,0.00000000,0.00000000
JB Hunt Transport Services Inc,0.00020950,0.00016040,0.00070000,0.00000000
Amcor PLC,0.00020940,0.00016800,0.00000000,0.00000000
MTU Aero Engines AG,0.00020880,0.00019120,0.00000000,0.00000000
STERIS PLC,0.00020830,0.00018700,0.00000000,0.00000000
China Shenhua Energy Co Ltd,0.00020830,0.00019700,0.00000000,0.00000000
NN Group NV,0.00020820,0.00019170,0.00080000,0.00000000
SMC Corp,0.00020810,0.00022040,0.00000000,0.00000000
Northern Star Resources Ltd,0.00020810,0.00020330,0.00000000,0.00000000
Terumo Corp,0.00020800,0.00018470,0.00000000,0.00000000
Principal Financial Group Inc,0.00020780,0.00019020,0.00040000,0.00000000
Sun Hung Kai Properties Ltd,0.00020760,0.00012690,0.00000000,0.00000000
CMS Energy Corp,0.00020750,0.00018820,0.00000000,0.00000000
Nippon Yusen KK,0.00020710,0.00012750,0.00000000,0.00000000
Pan American Silver Corp,0.00020690,0.00017080,0.00000000,0.00000000
Bandai Namco Holdings Inc,0.00020640,0.00023450,0.00000000,0.00000000
Delta Electronics Thailand PCL,0.00020630,0.00016800,0.00000000,0.00000000
Equifax Inc,0.00020620,0.00017880,0.00000000,0.00000000
Aena SME SA,0.00020620,0.00016120,0.00000000,0.00000000
Innovent Biologics Inc,0.00020600,0.00032890,0.00000000,0.00000000
Koninklijke Philips NV,0.00020590,0.00017850,0.00000000,0.00000000
Central Japan Railway Co,0.00020560,0.00016680,0.00000000,0.00000000
Banco Bradesco SA,0.00020520,0.00019990,0.00000000,0.00000000
ACS Actividades de Construccion y Servicios SA,0.00020470,0.00016740,0.00110000,0.00000000
Oriental Land Co Ltd/Japan,0.00020460,0.00017010,0.00000000,0.00000000
Incyte Corp,0.00020440,0.00017610,0.00000000,0.00000000
Chroma ATE Inc,0.00020390,0.00017880,0.00000000,0.00000000
International Flavors & Fragrances Inc,0.00020390,0.00018510,0.00000000,0.00000000
Sun Pharmaceutical Industries Ltd,0.00020390,0.00017540,0.00000000,0.00000000
DSM-Firmenich AG,0.00020390,0.00016630,0.00030000,0.00000000
Amrize Ltd,0.00020370,0.00017890,0.00000000,0.00000000
Genmab A/S,0.00020320,0.00017570,0.00000000,0.00000000
Global Payments Inc,0.00020310,0.00017310,0.00000000,0.00000000
Fomento Economico Mexicano SAB de CV,0.00020260,0.00016200,0.00000000,0.00000000
Coca-Cola Europacific Partners PLC,0.00020240,0.00017180,0.00000000,0.00000000
Dow Inc,0.00020240,0.00019310,0.00000000,0.00000000
Brown & Brown Inc,0.00020220,0.00016770,0.00000000,0.00000000
SinoPac Financial Holdings Co Ltd,0.00020190,0.00017680,0.00000000,0.00000000
NRG Energy Inc,0.00020170,0.00019500,0.00000000,0.00000000
Aeon Co Ltd,0.00020140,0.00017070,0.00000000,0.00000000
Fresenius SE & Co KGaA,0.00020100,0.00017270,0.00000000,0.00000000
Winbond Electronics Corp,0.00020100,0.00014300,0.00000000,0.00190000
General Mills Inc,0.00020030,0.00020370,0.00000000,0.00000000
E.Sun Financial Holding Co Ltd,0.00020020,0.00019230,0.00000000,0.00000000
Legal & General Group PLC,0.00019960,0.00017650,0.00000000,0.00000000
Fidelity National Information Services Inc,0.00019790,0.00017580,0.00000000,0.00000000
Kirin Holdings Co Ltd,0.00019700,0.00012810,0.00050000,0.00000000
Zimmer Biomet Holdings Inc,0.00019680,0.00015000,0.00000000,0.00000000
Mega Financial Holding Co Ltd,0.00019610,0.00016710,0.00000000,0.00000000
Helvetia Baloise Holding AG,0.00019590,0.00017130,0.00060000,0.00000000
Evolution Mining Ltd,0.00019590,0.00017020,0.00000000,0.00000000
Broadridge Financial Solutions Inc,0.00019570,0.00019770,0.00000000,0.00000000
Nippon Steel Corp,0.00019550,0.00018200,0.00000000,0.00000000
Titan Co Ltd,0.00019540,0.00014980,0.00000000,0.00000000
Halma PLC,0.00019480,0.00023010,0.00000000,0.00000000
State Bank of India,0.00019480,0.00016530,0.00000000,0.00000000
Inpex Corp,0.00019450,0.00016600,0.00080000,0.00000000
Whitecap Resources Inc,0.00019450,0.00020790,0.00060000,0.00000000
KeyCorp,0.00019430,0.00016440,0.00000000,0.00000000
Qatar National Bank QPSC,0.00019390,0.00021760,0.00000000,0.00000000
CDW Corp/DE,0.00019360,0.00015950,0.00000000,0.00000000
NiSource Inc,0.00019340,0.00017720,0.00000000,0.00000000
PICC Property & Casualty Co Ltd,0.00019280,0.00027650,0.00000000,0.00000000
Chocoladefabriken Lindt & Spruengli AG,0.00019240,0.00009900,0.00000000,0.00000000
Malayan Banking Bhd,0.00019230,0.00022700,0.00000000,0.00000000
Capgemini SE,0.00019190,0.00015950,0.00000000,0.00000000
Merck KGaA,0.00019110,0.00015880,0.00000000,0.00000000
Coupang Inc,0.00019060,0.00016530,0.00000000,0.00000000
Henkel AG & Co KGaA,0.00019010,0.00019070,0.00000000,0.00000000
Tenaga Nasional Bhd,0.00018980,0.00018340,0.00000000,0.00000000
Santos Ltd,0.00018910,0.00015740,0.00000000,0.00000000
Banco de Sabadell SA,0.00018910,0.00019960,0.00000000,0.00000000
Axia Energia SA,0.00018890,0.00017420,0.00000000,0.00000000
Bombardier Inc,0.00018880,0.00016860,0.00080000,0.00000000
Markel Group Inc,0.00018880,0.00017570,0.00000000,0.00000000
VAT Group AG,0.00018740,0.00015590,0.00090000,0.00000000
Svenska Handelsbanken AB,0.00018690,0.00018260,0.00000000,0.00000000
Maruti Suzuki India Ltd,0.00018640,0.00012980,0.00000000,0.00000000
Kering SA,0.00018630,0.00016400,0.00000000,0.00000000
Volkswagen AG,0.00018630,0.00017050,0.00000000,0.00000000
Public Bank Bhd,0.00018580,0.00023700,0.00000000,0.00000000
First Solar Inc,0.00018540,0.00017950,0.00000000,0.00190000
Edison International,0.00018460,0.00016910,0.00050000,0.00000000
Magna International Inc,0.00018450,0.00015170,0.00030000,0.00000000
Alfa Laval AB,0.00018430,0.00012160,0.00000000,0.00000000
Hyundai Mobis Co Ltd,0.00018410,0.00015590,0.00000000,0.00000000
KGI Financial Holding Co Ltd,0.00018400,0.00017040,0.00000000,0.00000000
International Paper Co,0.00018380,0.00016950,0.00000000,0.00000000
MTN Group Ltd,0.00018380,0.00017700,0.00000000,0.00000000
SBA Communications Corp,0.00018300,0.00015850,0.00000000,0.00000000
Emaar Properties PJSC,0.00018260,0.00018410,0.00000000,0.00000000
Zscaler Inc,0.00018250,0.00015630,0.00000000,0.00000000
Super Micro Computer Inc,0.00018250,0.00018090,0.00000000,0.00000000
Secom Co Ltd,0.00018240,0.00025990,0.00030000,0.00000000
Wiwynn Corp,0.00018220,0.00018220,0.00000000,0.00000000
Asustek Computer Inc,0.00018220,0.00018070,0.00000000,0.00000000
Partners Group Holding AG,0.00018180,0.00017950,0.00000000,0.00000000
Bank Central Asia Tbk PT,0.00018170,0.00016920,0.00000000,0.00000000
Kubota Corp,0.00018050,0.00015930,0.00050000,0.00000000
Fortescue Ltd,0.00018020,0.00017210,0.00000000,0.00000000
Largan Precision Co Ltd,0.00018000,0.00019350,0.00000000,0.00000000
Grupo Cibest SA,0.00017990,0.00015650,0.00000000,0.00000000
Reddit Inc,0.00017960,0.00017330,0.00000000,0.00000000
POSCO Holdings Inc,0.00017950,0.00020860,0.00000000,0.00000000
Samsung Life Insurance Co Ltd,0.00017940,0.00014060,0.00000000,0.00000000
Lennar Corp,0.00017770,0.00017940,0.00000000,0.00000000
NVR Inc,0.00017760,0.00029800,0.00000000,0.00000000
Chunghwa Telecom Co Ltd,0.00017760,0.00017480,0.00000000,0.00000000
Dassault Systemes SE,0.00017720,0.00015290,0.00000000,0.00000000
Genuine Parts Co,0.00017690,0.00020390,0.00000000,0.00000000
Fortive Corp,0.00017680,0.00014810,0.00000000,0.00000000
Schindler Holding AG,0.00017670,0.00014580,0.00000000,0.00000000
Brookfield Asset Management Ltd,0.00017650,0.00015990,0.00000000,0.00000000
PTC Inc,0.00017650,0.00017210,0.00000000,0.00000000
Julius Baer Group Ltd,0.00017620,0.00018640,0.00000000,0.00000000
Jacobs Solutions Inc,0.00017610,0.00015250,0.00000000,0.00000000
America Movil SAB de CV,0.00017600,0.00012850,0.00000000,0.00000000
Evergy Inc,0.00017600,0.00016850,0.00000000,0.00000000
Ball Corp,0.00017590,0.00014800,0.00000000,0.00000000
Antofagasta PLC,0.00017570,0.00015360,0.00050000,0.00000000
Hannover Rueck SE,0.00017550,0.00015070,0.00000000,0.00000000
CLP Holdings Ltd,0.00017540,0.00010350,0.00000000,0.00000000
Kone Oyj,0.00017540,0.00015270,0.00000000,0.00000000
Imperial Oil Ltd,0.00017540,0.00012800,0.00070000,0.00000000
Wolters Kluwer NV,0.00017530,0.00015630,0.00000000,0.00000000
Daiwa House Industry Co Ltd,0.00017510,0.00013380,0.00000000,0.00000000
Swisscom AG,0.00017510,0.00021960,0.00000000,0.00000000
Tractor Supply Co,0.00017450,0.00016400,0.00000000,0.00000000
Essity AB,0.00017420,0.00021400,0.00000000,0.00000000
Southern Copper Corp,0.00017400,0.00014370,0.00000000,0.00000000
Woori Financial Group Inc,0.00017370,0.00021630,0.00000000,0.00000000
Daiwa Securities Group Inc,0.00017310,0.00015110,0.00040000,0.00000000
Kingspan Group PLC,0.00017290,0.00013670,0.00000000,0.00000000
Brambles Ltd,0.00017280,0.00014940,0.00000000,0.00000000
LG Electronics Inc,0.00017260,0.00014520,0.00000000,0.00000000
Koninklijke KPN NV,0.00017210,0.00027420,0.00000000,0.00000000
BE Semiconductor Industries NV,0.00017210,0.00015070,0.00050000,0.00180000
SS&C Technologies Holdings Inc,0.00017180,0.00016980,0.00000000,0.00000000
Hindustan Unilever Ltd,0.00017180,0.00020630,0.00000000,0.00000000
Snap-on Inc,0.00017180,0.00014640,0.00000000,0.00000000
Telecom Italia SpA/Milano,0.00017160,0.00014040,0.00020000,0.00000000
WSP Global Inc,0.00017150,0.00015730,0.00000000,0.00000000
Asics Corp,0.00017140,0.00018450,0.00000000,0.00000000
Invitation Homes Inc,0.00017120,0.00014380,0.00000000,0.00000000
First Citizens BancShares Inc/NC,0.00017100,0.00014500,0.00000000,0.00000000
South32 Ltd,0.00017000,0.00014760,0.00000000,0.00000000
Japan Exchange Group Inc,0.00016980,0.00018230,0.00030000,0.00000000
SGS SA,0.00016950,0.00016940,0.00000000,0.00000000
Chubu Electric Power Co Inc,0.00016940,0.00012050,0.00030000,0.00000000
Yum China Holdings Inc,0.00016920,0.00024110,0.00000000,0.00000000
Kansai Electric Power Co Inc/The,0.00016890,0.00015000,0.00000000,0.00000000
DuPont de Nemours Inc,0.00016850,0.00015650,0.00050000,0.00000000
Constellation Brands Inc,0.00016800,0.00013920,0.00000000,0.00000000
Zomato Ltd,0.00016750,0.00014780,0.00000000,0.00000000
Samsung Fire & Marine Insurance Co Ltd,0.00016750,0.00015860,0.00000000,0.00000000
Boliden AB,0.00016750,0.00017860,0.00000000,0.00000000
Telefonica SA,0.00016740,0.00023360,0.00000000,0.00000000
T&D Holdings Inc,0.00016690,0.00019540,0.00020000,0.00000000
China Petroleum & Chemical Corp,0.00016680,0.00013380,0.00000000,0.00000000
Shriram Finance Ltd,0.00016660,0.00019710,0.00000000,0.00000000
Tourmaline Oil Corp,0.00016660,0.00019390,0.00000000,0.00000000
Elbit Systems Ltd,0.00016660,0.00015090,0.00080000,0.00000000
Resonac Holdings Corp,0.00016640,0.00015110,0.00100000,0.00000000
James Hardie Industries PLC,0.00016600,0.00013120,0.00000000,0.00000000
McCormick & Co Inc/MD,0.00016540,0.00013930,0.00000000,0.00000000
Mitsui OSK Lines Ltd,0.00016530,0.00011350,0.00040000,0.00000000
Bankinter SA,0.00016530,0.00016060,0.00000000,0.00000000
Informa PLC,0.00016530,0.00021240,0.00000000,0.00000000
Essex Property Trust Inc,0.00016510,0.00014780,0.00000000,0.00000000
Logitech International SA,0.00016390,0.00011910,0.00000000,0.00000000
Leidos Holdings Inc,0.00016390,0.00014050,0.00000000,0.00000000
Singapore Exchange Ltd,0.00016380,0.00013430,0.00050000,0.00000000
AP Moller - Maersk A/S,0.00016320,0.00021610,0.00000000,0.00000000
Cellnex Telecom SA,0.00016310,0.00017560,0.00000000,0.00000000
Keppel Ltd,0.00016280,0.00018500,0.00040000,0.00000000
Lundin Mining Corp,0.00016250,0.00014980,0.00070000,0.00000000
NTPC Ltd,0.00016250,0.00016410,0.00000000,0.00000000
Alliant Energy Corp,0.00016240,0.00017460,0.00000000,0.00000000
Nomura Research Institute Ltd,0.00016240,0.00021180,0.00000000,0.00000000
Nitto Denko Corp,0.00016230,0.00014400,0.00000000,0.00000000
Asahi Kasei Corp,0.00016220,0.00013480,0.00040000,0.00000000
Tyler Technologies Inc,0.00016170,0.00017110,0.00000000,0.00000000
SK Inc,0.00016150,0.00013220,0.00000000,0.00000000
Emirates NBD Bank PJSC,0.00016120,0.00014310,0.00000000,0.00000000
Lite-On Technology Corp,0.00016110,0.00015270,0.00000000,0.00000000
Link REIT,0.00016080,0.00025150,0.00000000,0.00000000
International Container Terminal Services Inc,0.00016070,0.00012680,0.00000000,0.00000000
Fisher & Paykel Healthcare Corp Ltd,0.00016070,0.00012590,0.00000000,0.00000000
Furukawa Electric Co Ltd,0.00016050,0.00016480,0.00090000,0.00000000
Nanya Technology Corp,0.00016040,0.00016610,0.00000000,0.00230000
Universal Music Group NV,0.00016010,0.00015330,0.00000000,0.00000000
News Corp,0.00015940,0.00018390,0.00000000,0.00000000
Bharat Electronics Ltd,0.00015880,0.00015450,0.00000000,0.00000000
Cemex SAB de CV,0.00015810,0.00013230,0.00000000,0.00000000
LyondellBasell Industries NV,0.00015740,0.00013390,0.00050000,0.00000000
EDP SA,0.00015710,0.00013900,0.00000000,0.00000000
UltraTech Cement Ltd,0.00015680,0.00018970,0.00000000,0.00000000
Hindalco Industries Ltd,0.00015660,0.00015330,0.00000000,0.00000000
KT&G Corp,0.00015650,0.00016290,0.00000000,0.00000000
Loews Corp,0.00015650,0.00011060,0.00000000,0.00000000
PTT PCL,0.00015620,0.00012160,0.00000000,0.00000000
Eurobank SA,0.00015590,0.00015170,0.00000000,0.00000000
Weyerhaeuser Co,0.00015580,0.00014510,0.00000000,0.00000000
NIDEC CORP,0.00015570,0.00011560,0.00000000,0.00000000
Sumitomo Metal Mining Co Ltd,0.00015560,0.00015080,0.00060000,0.00000000
FinecoBank Banca Fineco SpA,0.00015530,0.00018700,0.00000000,0.00000000
Trimble Inc,0.00015520,0.00017780,0.00000000,0.00000000
Wartsila OYJ Abp,0.00015510,0.00012710,0.00000000,0.00000000
WuXi AppTec Co Ltd,0.00015490,0.00013150,0.00000000,0.00000000
TransUnion,0.00015470,0.00014700,0.00000000,0.00000000
Burlington Stores Inc,0.00015470,0.00013370,0.00000000,0.00000000
Charter Communications Inc,0.00015460,0.00013480,0.00000000,0.00000000
Diploma PLC,0.00015440,0.00015490,0.00030000,0.00000000
Tata Steel Ltd,0.00015420,0.00016610,0.00000000,0.00000000
Asahi Group Holdings Ltd,0.00015410,0.00016620,0.00000000,0.00000000
B3 SA - Brasil Bolsa Balcao,0.00015370,0.00018090,0.00000000,0.00000000
Terna - Rete Elettrica Nazionale,0.00015350,0.00013690,0.00000000,0.00000000
CIMB Group Holdings Bhd,0.00015340,0.00021070,0.00000000,0.00000000
Alamos Gold Inc,0.00015330,0.00014530,0.00000000,0.00000000
Segro PLC,0.00015280,0.00016590,0.00020000,0.00000000
Computershare Ltd,0.00015240,0.00011900,0.00000000,0.00000000
BT Group PLC,0.00015230,0.00015920,0.00000000,0.00000000
Siemens Healthineers AG,0.00015220,0.00013620,0.00000000,0.00000000
Piraeus Bank SA,0.00015020,0.00016390,0.00000000,0.00000000
Allegion plc,0.00015020,0.00015500,0.00000000,0.00000000
Tokyo Gas Co Ltd,0.00014980,0.00008850,0.00000000,0.00000000
CGI Inc,0.00014970,0.00015960,0.00000000,0.00000000
Olympus Corp,0.00014950,0.00012440,0.00000000,0.00000000
Sun Communities Inc,0.00014870,0.00013220,0.00000000,0.00000000
Qatar Islamic Bank QPSC,0.00014870,0.00024050,0.00000000,0.00000000
Phoenix Financial Ltd,0.00014800,0.00015970,0.00050000,0.00000000
Everest Group Ltd,0.00014790,0.00013000,0.00000000,0.00000000
Vonovia SE,0.00014760,0.00016730,0.00000000,0.00000000
Flutter Entertainment PLC,0.00014700,0.00011450,0.00000000,0.00000000
Neste Oyj,0.00014670,0.00012140,0.00070000,0.00000000
Best Buy Co Inc,0.00014640,0.00013840,0.00000000,0.00000000
Gen Digital Inc,0.00014620,0.00018520,0.00000000,0.00000000
RB Global Inc,0.00014590,0.00013040,0.00000000,0.00000000
Ebara Corp,0.00014550,0.00018740,0.00050000,0.00000000
IDEX Corp,0.00014520,0.00011900,0.00000000,0.00000000
Kajima Corp,0.00014500,0.00019370,0.00000000,0.00000000
Kimco Realty Corp,0.00014480,0.00012240,0.00000000,0.00000000
Daifuku Co Ltd,0.00014450,0.00023240,0.00040000,0.00000000
Sekisui House Ltd,0.00014440,0.00018870,0.00000000,0.00000000
Power Grid Corp of India Ltd,0.00014440,0.00011780,0.00000000,0.00000000
Ageas SA/NV,0.00014400,0.00012840,0.00020000,0.00000000
Great-West Lifeco Inc,0.00014390,0.00010720,0.00090000,0.00000000
Osaka Gas Co Ltd,0.00014380,0.00016460,0.00000000,0.00000000
Pernod Ricard SA,0.00014380,0.00014450,0.00000000,0.00000000
Aker BP ASA,0.00014380,0.00014870,0.00040000,0.00000000
Gartner Inc,0.00014360,0.00012150,0.00000000,0.00000000
Medline Inc,0.00014300,0.00014010,0.00000000,0.00000000
Chiba Bank Ltd/The,0.00014290,0.00011560,0.00030000,0.00000000
Hua Nan Financial Holdings Co Ltd,0.00014280,0.00012770,0.00000000,0.00000000
Obayashi Corp,0.00014280,0.00012270,0.00000000,0.00000000
Mid-America Apartment Communities Inc,0.00014270,0.00015280,0.00000000,0.00000000
WP Carey Inc,0.00014260,0.00011260,0.00000000,0.00000000
Uni-President Enterprises Corp,0.00014250,0.00015130,0.00000000,0.00000000
Toray Industries Inc,0.00014210,0.00015590,0.00000000,0.00000000
Suncorp Group Ltd,0.00014170,0.00013410,0.00000000,0.00000000
Endeavour Mining PLC,0.00014160,0.00013250,0.00000000,0.00000000
China Pacific Insurance Group Co Ltd,0.00014100,0.00011290,0.00000000,0.00000000
National Bank of Greece SA,0.00014100,0.00016180,0.00000000,0.00000000
Singapore Technologies Engineering Ltd,0.00014100,0.00011240,0.00000000,0.00000000
IHI Corp,0.00014060,0.00012020,0.00000000,0.00000000
M&G PLC,0.00014050,0.00023480,0.00020000,0.00000000
Sage Group PLC/The,0.00014050,0.00017870,0.00000000,0.00000000
CK Asset Holdings Ltd,0.00014030,0.00030180,0.00000000,0.00000000
Delta Air Lines Inc,0.00014020,0.00009550,0.00020000,0.00000000
ARC Resources Ltd,0.00013970,0.00014190,0.00000000,0.00000000
Tyson Foods Inc,0.00013970,0.00013340,0.00000000,0.00000000
Industrivarden AB,0.00013970,0.00017570,0.00050000,0.00000000
Shizuoka Financial Group Inc,0.00013940,0.00014770,0.00000000,0.00000000
Yokohama Financial Group Inc,0.00013890,0.00015810,0.00040000,0.00000000
Metso Oyj,0.00013890,0.00014370,0.00000000,0.00000000
Cooper Cos Inc/The,0.00013880,0.00011840,0.00000000,0.00000000
Lasertec Corp,0.00013880,0.00014080,0.00080000,0.00250000
Wal-Mart de Mexico SAB de CV,0.00013870,0.00011650,0.00000000,0.00000000
Kasikornbank PCL,0.00013870,0.00019130,0.00000000,0.00000000
Mitsubishi Chemical Group Corp,0.00013870,0.00017710,0.00000000,0.00000000
ANTA Sports Products Ltd,0.00013860,0.00021140,0.00000000,0.00000000
Toromont Industries Ltd,0.00013850,0.00012930,0.00060000,0.00000000
Ryohin Keikaku Co Ltd,0.00013820,0.00017330,0.00000000,0.00000000
Mebuki Financial Group Inc,0.00013770,0.00013670,0.00000000,0.00000000
HCL Technologies Ltd,0.00013720,0.00014350,0.00000000,0.00000000
Thomson Reuters Corp,0.00013680,0.00011700,0.00000000,0.00000000
Kerry Group PLC,0.00013670,0.00012820,0.00000000,0.00000000
Kweichow Moutai Co Ltd,0.00013660,0.00014720,0.00000000,0.00000000
Origin Energy Ltd,0.00013630,0.00012260,0.00000000,0.00000000
Textron Inc,0.00013620,0.00012550,0.00000000,0.00000000
Continental AG,0.00013550,0.00014510,0.00000000,0.00000000
WEG SA,0.00013540,0.00011020,0.00000000,0.00000000
Straumann Holding AG,0.00013520,0.00011800,0.00000000,0.00000000
Rivian Automotive Inc,0.00013520,0.00011100,0.00000000,0.00000000
Naturgy Energy Group SA,0.00013510,0.00012520,0.00000000,0.00000000
HubSpot Inc,0.00013470,0.00010540,0.00000000,0.00000000
Geely Automobile Holdings Ltd,0.00013460,0.00014760,0.00000000,0.00000000
Admiral Group PLC,0.00013450,0.00011870,0.00020000,0.00000000
Akzo Nobel NV,0.00013450,0.00016060,0.00000000,0.00000000
Sonova Holding AG,0.00013360,0.00013340,0.00000000,0.00000000
KGHM Polska Miedz SA,0.00013360,0.00012430,0.00000000,0.00000000
JX Advanced Metals Corp,0.00013360,0.00015460,0.00100000,0.00000000
Euronext NV,0.00013340,0.00014740,0.00030000,0.00000000
Sumitomo Realty & Development Co Ltd,0.00013320,0.00013630,0.00000000,0.00000000
Fedex Freight Holding Co Inc,0.00013300,0.00011560,0.00000000,0.00000000
GoDaddy Inc,0.00013280,0.00011920,0.00000000,0.00000000
Innolux Corp,0.00013240,0.00011060,0.00000000,0.00000000
Standard Life PLC,0.00013220,0.00018010,0.00010000,0.00000000
ASPEED Technology Inc,0.00013200,0.00014650,0.00000000,0.00210000
First Financial Holding Co Ltd,0.00013110,0.00015220,0.00000000,0.00000000
Divi's Laboratories Ltd,0.00013090,0.00009980,0.00000000,0.00000000
Insurance Australia Group Ltd,0.00013090,0.00011470,0.00000000,0.00000000
Kongsberg Gruppen ASA,0.00013070,0.00010690,0.00000000,0.00000000
Jentech Precision Industrial Co Ltd,0.00013050,0.00012760,0.00000000,0.00200000
Carlsberg AS,0.00013030,0.00015240,0.00000000,0.00000000
Equitable Holdings Inc,0.00013010,0.00016350,0.00000000,0.00000000
Pop Mart International Group Ltd,0.00012990,0.00019820,0.00000000,0.00000000
Global Unichip Corp,0.00012980,0.00013260,0.00000000,0.00230000
Samsung Biologics Co Ltd,0.00012940,0.00014520,0.00000000,0.00000000
Shionogi & Co Ltd,0.00012940,0.00012210,0.00000000,0.00000000
Asian Paints Ltd,0.00012860,0.00015390,0.00000000,0.00000000
Emera Inc,0.00012830,0.00015470,0.00040000,0.00000000
Las Vegas Sands Corp,0.00012820,0.00009000,0.00000000,0.00000000
United Utilities Group PLC,0.00012820,0.00015710,0.00000000,0.00000000
Poste Italiane SpA,0.00012800,0.00011820,0.00060000,0.00000000
Samvardhana Motherson International Ltd,0.00012770,0.00014180,0.00000000,0.00000000
W R Berkley Corp,0.00012760,0.00012980,0.00000000,0.00000000
BAWAG Group AG,0.00012740,0.00020320,0.00050000,0.00000000
Telia Co AB,0.00012730,0.00019780,0.00030000,0.00000000
SCREEN Holdings Co Ltd,0.00012710,0.00012970,0.00050000,0.00170000
Saudi Basic Industries Corp,0.00012700,0.00019090,0.00000000,0.00000000
CITIC Ltd,0.00012680,0.00015600,0.00000000,0.00000000
MPI Corp,0.00012650,0.00011230,0.00000000,0.00150000
IAMGOLD Corp,0.00012630,0.00011080,0.00000000,0.00000000
Hua Hong Grace Semiconductor Ltd,0.00012620,0.00009120,0.00000000,0.00120000
IMI PLC,0.00012600,0.00015890,0.00000000,0.00000000
Abu Dhabi Commercial Bank PJSC,0.00012590,0.00013860,0.00000000,0.00000000
HD Hyundai Electric Co Ltd,0.00012570,0.00014940,0.00000000,0.00000000
Unibail-Rodamco-Westfield,0.00012520,0.00010720,0.00000000,0.00000000
China Resources Land Ltd,0.00012490,0.00020410,0.00000000,0.00000000
iA Financial Corp Inc,0.00012470,0.00013940,0.00020000,0.00000000
DocuSign Inc,0.00012420,0.00014180,0.00000000,0.00000000
KE Holdings Inc,0.00012410,0.00017820,0.00000000,0.00000000
Israel Discount Bank Ltd,0.00012390,0.00019900,0.00000000,0.00000000
Symrise AG,0.00012370,0.00015410,0.00000000,0.00000000
Pinterest Inc,0.00012360,0.00011260,0.00000000,0.00000000
Kuaishou Technology,0.00012290,0.00015820,0.00000000,0.00000000
Equinox Gold Corp,0.00012250,0.00012260,0.00000000,0.00000000
Nongfu Spring Co Ltd,0.00012230,0.00015800,0.00000000,0.00000000
Impala Platinum Holdings Ltd,0.00012220,0.00011550,0.00000000,0.00000000
Cia de Saneamento Basico do Estado de Sao Paulo SABESP,0.00012170,0.00014770,0.00000000,0.00000000
Eicher Motors Ltd,0.00012140,0.00013560,0.00000000,0.00000000
UPM-Kymmene Oyj,0.00012130,0.00016040,0.00000000,0.00000000
Deckers Outdoor Corp,0.00012130,0.00010470,0.00000000,0.00000000
Advanced Info Service PCL,0.00012120,0.00010920,0.00000000,0.00000000
CoStar Group Inc,0.00012110,0.00012140,0.00000000,0.00000000
Weir PLC,0.00012070,0.00013610,0.00000000,0.00000000
Smith & Nephew PLC,0.00012050,0.00012310,0.00000000,0.00000000
Norsk Hydro ASA,0.00012030,0.00011120,0.00000000,0.00000000
Itausa SA,0.00012020,0.00021150,0.00000000,0.00000000
Pan Pacific International Holdings Corp,0.00012000,0.00010000,0.00000000,0.00000000
Coal India Ltd,0.00011990,0.00009700,0.00000000,0.00000000
Bank Rakyat Indonesia Persero Tbk PT,0.00011950,0.00015750,0.00000000,0.00000000
Grasim Industries Ltd,0.00011920,0.00016810,0.00000000,0.00000000
Hyosung Heavy Industries Corp,0.00011880,0.00014170,0.00000000,0.00000000
Alpha Bank SA,0.00011860,0.00012220,0.00000000,0.00000000
Lululemon Athletica Inc,0.00011830,0.00010440,0.00000000,0.00000000
GEA Group AG,0.00011810,0.00015580,0.00000000,0.00000000
Avery Dennison Corp,0.00011800,0.00018740,0.00000000,0.00000000
CEZ AS,0.00011730,0.00011210,0.00000000,0.00000000
Severn Trent PLC,0.00011720,0.00015540,0.00000000,0.00000000
GFL Environmental Inc,0.00011680,0.00011510,0.00000000,0.00000000
SBI Holdings Inc,0.00011670,0.00010430,0.00000000,0.00000000
Fidelity National Financial Inc,0.00011670,0.00011850,0.00000000,0.00000000
Alteogen Inc,0.00011630,0.00011390,0.00000000,0.00000000
Carlyle Group Inc/The,0.00011620,0.00013300,0.00000000,0.00000000
ACWA Power Co,0.00011600,0.00013940,0.00000000,0.00000000
H World Group Ltd,0.00011600,0.00014080,0.00000000,0.00000000
TFI International Inc,0.00011580,0.00012540,0.00030000,0.00000000
Aegon Ltd,0.00011560,0.00014050,0.00020000,0.00000000
Enlight Renewable Energy Ltd,0.00011550,0.00012200,0.00040000,0.00000000
Metro Inc/CN,0.00011510,0.00017900,0.00000000,0.00000000
ZTO Express Cayman Inc,0.00011490,0.00018020,0.00000000,0.00000000
Allegro.eu SA,0.00011470,0.00010580,0.00000000,0.00000000
Carrefour SA,0.00011450,0.00016580,0.00030000,0.00000000
Endesa SA,0.00011450,0.00011180,0.00080000,0.00000000
Bank Mandiri Persero Tbk PT,0.00011450,0.00014170,0.00000000,0.00000000
Banco BTG Pactual SA,0.00011440,0.00008050,0.00000000,0.00000000
Adani Power Ltd,0.00011400,0.00011380,0.00000000,0.00000000
HD Korea Shipbuilding & Offshore Engineering Co Ltd,0.00011390,0.00013680,0.00000000,0.00000000
Kawasaki Heavy Industries Ltd,0.00011380,0.00010830,0.00000000,0.00000000
Centrica PLC,0.00011360,0.00014880,0.00000000,0.00000000
AltaGas Ltd,0.00011320,0.00009340,0.00030000,0.00000000
Moncler SpA,0.00011290,0.00012430,0.00000000,0.00000000
Jack Henry & Associates Inc,0.00011250,0.00014850,0.00000000,0.00000000
PLS Group Ltd,0.00011250,0.00009520,0.00020000,0.00000000
LG Energy Solution Ltd,0.00011220,0.00013250,0.00000000,0.00000000
Intertek Group PLC,0.00011190,0.00011210,0.00000000,0.00000000
Scentre Group,0.00011160,0.00012930,0.00000000,0.00000000
Obic Co Ltd,0.00011150,0.00020360,0.00000000,0.00000000
PharmaEssentia Corp,0.00011130,0.00011190,0.00000000,0.00000000
Federal Bank Ltd,0.00011130,0.00010790,0.00000000,0.00000000
Belimo Holding AG,0.00011110,0.00013690,0.00000000,0.00000000
Yokogawa Electric Corp,0.00011080,0.00019980,0.00020000,0.00000000
George Weston Ltd,0.00011030,0.00010880,0.00000000,0.00000000
Snam SpA,0.00011010,0.00010750,0.00000000,0.00000000
Jardine Matheson Holdings Ltd,0.00010980,0.00008070,0.00000000,0.00000000
Check Point Software Technologies Ltd,0.00010980,0.00011570,0.00000000,0.00000000
Stellantis NV,0.00010960,0.00013710,0.00000000,0.00000000
ALS Ltd,0.00010960,0.00011870,0.00000000,0.00000000
China International Capital Corp Ltd,0.00010930,0.00030550,0.00000000,0.00000000
Sociedad Quimica y Minera de Chile SA,0.00010910,0.00009420,0.00000000,0.00000000
Adani Enterprises Ltd,0.00010880,0.00008320,0.00000000,0.00000000
SABIC Agri-Nutrients Co,0.00010840,0.00016420,0.00000000,0.00000000
Rentokil Initial PLC,0.00010830,0.00011310,0.00000000,0.00000000
CMOC Group Ltd,0.00010770,0.00010190,0.00000000,0.00000000
Weichai Power Co Ltd,0.00010740,0.00009000,0.00000000,0.00000000
Vibra Energia SA,0.00010730,0.00006530,0.00000000,0.00000000
Telstra Group Ltd,0.00010690,0.00009330,0.00000000,0.00000000
Accor SA,0.00010600,0.00017350,0.00000000,0.00000000
Embraer SA,0.00010590,0.00011810,0.00000000,0.00000000
CITIC Securities Co Ltd,0.00010580,0.00031190,0.00000000,0.00000000
Power Assets Holdings Ltd,0.00010560,0.00017750,0.00000000,0.00000000
Kuehne + Nagel International AG,0.00010550,0.00010370,0.00030000,0.00000000
MINEBEA MITSUMI Inc,0.00010550,0.00013530,0.00000000,0.00000000
CAE Inc,0.00010540,0.00012060,0.00000000,0.00000000
International Consolidated Airlines Group SA,0.00010530,0.00011640,0.00000000,0.00000000
Unipol Gruppo SpA,0.00010530,0.00010950,0.00000000,0.00000000
Tata Motors Ltd /new,0.00010510,0.00011040,0.00000000,0.00000000
Coca-Cola HBC AG,0.00010490,0.00012390,0.00030000,0.00000000
Bizlink Holding Inc,0.00010460,0.00010100,0.00000000,0.00000000
LG Chem Ltd,0.00010450,0.00014390,0.00000000,0.00000000
LS Electric Co Ltd,0.00010450,0.00011290,0.00000000,0.00000000
Pentair PLC,0.00010430,0.00012180,0.00000000,0.00000000
Mitsubishi HC Capital Inc,0.00010430,0.00020070,0.00020000,0.00000000
Adani Ports & Special Economic Zone Ltd,0.00010410,0.00013580,0.00000000,0.00000000
Hulic Co Ltd,0.00010330,0.00005070,0.00000000,0.00000000
Fukuoka Financial Group Inc,0.00010310,0.00021040,0.00000000,0.00000000
InterGlobe Aviation Ltd,0.00010310,0.00023930,0.00000000,0.00000000
HD Hyundai Heavy Industries Co Ltd,0.00010280,0.00010850,0.00000000,0.00000000
Cummins India Ltd,0.00010260,0.00008390,0.00000000,0.00000000
BIM Birlesik Magazalar AS,0.00010260,0.00015760,0.00000000,0.00000000
Midea Group Co Ltd,0.00010250,0.00011840,0.00000000,0.00000000
Capcom Co Ltd,0.00010240,0.00012620,0.00000000,0.00000000
Konami Group Corp,0.00010200,0.00011550,0.00000000,0.00000000
Smiths Group PLC,0.00010180,0.00017760,0.00000000,0.00000000
Hindustan Aeronautics Ltd,0.00010170,0.00009650,0.00000000,0.00000000
Gildan Activewear Inc,0.00010130,0.00011840,0.00000000,0.00000000
Nissan Chemical Corp,0.00010120,0.00021940,0.00000000,0.00000000
Mizrahi Tefahot Bank Ltd,0.00010120,0.00017240,0.00000000,0.00000000
Nova Ltd,0.00010110,0.00011490,0.00000000,0.00130000
Barratt Redrow PLC,0.00010110,0.00003950,0.00000000,0.00000000
Galp Energia SGPS SA,0.00010100,0.00012400,0.00020000,0.00000000
Ambev SA,0.00010090,0.00008650,0.00000000,0.00000000
Powerchip Semiconductor Manufacturing Corp,0.00010090,0.00006450,0.00000000,0.00100000
Orsted AS,0.00010090,0.00008270,0.00000000,0.00000000
Lynas Rare Earths Ltd,0.00010080,0.00008780,0.00000000,0.00000000
Kokusai Electric Corp,0.00010080,0.00011060,0.00020000,0.00160000
Knorr-Bremse AG,0.00010030,0.00008200,0.00000000,0.00000000
Fortum Oyj,0.00010030,0.00012140,0.00000000,0.00000000
Shiseido Co Ltd,0.00010020,0.00014920,0.00000000,0.00000000
Bank Polska Kasa Opieki SA,0.00009990,0.00011950,0.00000000,0.00000000
Bank of Communications Co Ltd,0.00009920,0.00008290,0.00000000,0.00000000
Land Securities Group PLC,0.00009920,0.00005590,0.00000000,0.00000000
AtkinsRealis Group Inc,0.00009900,0.00012580,0.00000000,0.00000000
Shimadzu Corp,0.00009900,0.00016040,0.00000000,0.00000000
Samsung Heavy Industries Co Ltd,0.00009890,0.00014190,0.00000000,0.00000000
CapitaLand Integrated Commercial Trust,0.00009860,0.00012990,0.00000000,0.00000000
Swiss Prime Site AG,0.00009840,0.00018050,0.00000000,0.00000000
Svenska Cellulosa AB SCA,0.00009840,0.00004560,0.00000000,0.00000000
Indian Hotels Co Ltd/The,0.00009840,0.00006590,0.00000000,0.00000000
Tech Mahindra Ltd,0.00009820,0.00016040,0.00000000,0.00000000
Hydro One Ltd,0.00009800,0.00009140,0.00020000,0.00000000
JSW Steel Ltd,0.00009780,0.00010720,0.00000000,0.00000000
Pidilite Industries Ltd,0.00009770,0.00004840,0.00000000,0.00000000
Alinma Bank,0.00009750,0.00023020,0.00000000,0.00000000
Rohm Co Ltd,0.00009750,0.00019500,0.00000000,0.00110000
Advantech Co Ltd,0.00009720,0.00011150,0.00000000,0.00000000
British Land Co PLC/The,0.00009720,0.00005180,0.00000000,0.00000000
PRIO SA/Brazil,0.00009700,0.00012540,0.00000000,0.00000000
Alchip Technologies Ltd,0.00009690,0.00010950,0.00000000,0.00100000
Eurofins Scientific SE,0.00009680,0.00008330,0.00000000,0.00000000
Medibank Pvt Ltd,0.00009670,0.00010740,0.00000000,0.00000000
Aselsan Elektronik Sanayi Ve Ticaret AS,0.00009650,0.00008960,0.00000000,0.00000000
Marks & Spencer Group PLC,0.00009630,0.00013950,0.00000000,0.00000000
CAR Group Ltd,0.00009610,0.00015110,0.00000000,0.00000000
CSPC Pharmaceutical Group Ltd,0.00009590,0.00015080,0.00000000,0.00000000
Orion Oyj,0.00009590,0.00012490,0.00000000,0.00000000
WH Group Ltd,0.00009580,0.00011150,0.00000000,0.00000000
ASR Nederland NV,0.00009570,0.00012040,0.00000000,0.00000000
Apollo Hospitals Enterprise Ltd,0.00009570,0.00011870,0.00000000,0.00000000
Domino's Pizza Inc,0.00009570,0.00012500,0.00000000,0.00000000
Hiscox Ltd,0.00009570,0.00012120,0.00000000,0.00000000
Phison Electronics Corp,0.00009560,0.00011560,0.00000000,0.00130000
Tata Consumer Products Ltd,0.00009520,0.00015600,0.00000000,0.00000000
Hong Kong & China Gas Co Ltd,0.00009510,0.00010100,0.00000000,0.00000000
COSCO SHIPPING Holdings Co Ltd,0.00009490,0.00005620,0.00000000,0.00000000
USS Co Ltd,0.00009470,0.00005320,0.00000000,0.00000000
Aptiv Holdings Ltd,0.00009460,0.00010210,0.00000000,0.00000000
Ampol Ltd,0.00009450,0.00007050,0.00000000,0.00000000
Banco Comercial Portugues SA,0.00009440,0.00011280,0.00030000,0.00000000
NGK Corp,0.00009440,0.00020980,0.00000000,0.00000000
Azbil Corp,0.00009430,0.00004230,0.00000000,0.00000000
China Hongqiao Group Ltd,0.00009410,0.00009600,0.00000000,0.00000000
Swatch Group AG/The,0.00009400,0.00011480,0.00000000,0.00000000
Almarai Co JSC,0.00009380,0.00004880,0.00000000,0.00000000
Tosoh Corp,0.00009340,0.00003810,0.00000000,0.00000000
Auckland International Airport Ltd,0.00009340,0.00019310,0.00000000,0.00000000
Formosa Plastics Corp,0.00009330,0.00011270,0.00000000,0.00000000
Bezeq The Israeli Telecommunication Corp Ltd,0.00009310,0.00005520,0.00000000,0.00000000
CG Power & Industrial Solutions Ltd,0.00009300,0.00004260,0.00000000,0.00000000
Skanska AB,0.00009280,0.00019260,0.00000000,0.00000000
Harmony Gold Mining Co Ltd,0.00009250,0.00008890,0.00000000,0.00000000
Haier Smart Home Co Ltd,0.00009240,0.00007170,0.00000000,0.00000000
Nestle India Ltd,0.00009230,0.00011930,0.00000000,0.00000000
Taiwan Cooperative Financial Holding Co Ltd,0.00009220,0.00010740,0.00000000,0.00000000
GPT Group/The,0.00009210,0.00005960,0.00000000,0.00000000
Press Metal Aluminium Holdings Bhd,0.00009190,0.00006590,0.00000000,0.00000000
Tata Power Co Ltd/The,0.00009170,0.00005170,0.00000000,0.00000000
Rollins Inc,0.00009170,0.00008300,0.00000000,0.00000000
Raiffeisen Bank International AG,0.00009170,0.00011400,0.00040000,0.00000000
J Sainsbury PLC,0.00009160,0.00015060,0.00000000,0.00000000
Pearson PLC,0.00009120,0.00014040,0.00010000,0.00000000
Zhen Ding Technology Holding Ltd,0.00009060,0.00011620,0.00000000,0.00000000
Banque Saudi Fransi,0.00009060,0.00004630,0.00000000,0.00000000
DLF Ltd,0.00009050,0.00005080,0.00000000,0.00000000
Washington H Soul Pattinson & Co Ltd,0.00009040,0.00017050,0.00000000,0.00000000
Latam Airlines Group SA,0.00009030,0.00008880,0.00000000,0.00000000
Gamuda Bhd,0.00009030,0.00004670,0.00000000,0.00000000
First Majestic Silver Corp,0.00009020,0.00009120,0.00000000,0.00000000
OMV AG,0.00009020,0.00017630,0.00040000,0.00000000
Bureau Veritas SA,0.00009020,0.00014090,0.00000000,0.00000000
Makita Corp,0.00009010,0.00014300,0.00000000,0.00000000
Evolution AB,0.00009000,0.00008720,0.00000000,0.00000000
PSP Swiss Property AG,0.00008990,0.00021560,0.00000000,0.00000000
Insulet Corp,0.00008990,0.00009870,0.00000000,0.00000000
Tokyu Fudosan Holdings Corp,0.00008920,0.00005450,0.00000000,0.00000000
Absa Group Ltd,0.00008920,0.00012700,0.00000000,0.00000000
SKF AB,0.00008900,0.00015060,0.00000000,0.00000000
Dai Nippon Printing Co Ltd,0.00008900,0.00012420,0.00000000,0.00000000
Edenred SE,0.00008870,0.00009980,0.00000000,0.00000000
Realtek Semiconductor Corp,0.00008860,0.00011960,0.00000000,0.00130000
Venture Corp Ltd,0.00008850,0.00005860,0.00000000,0.00000000
Yangtze Optical Fibre & Cable Joint Stock Ltd Co,0.00008840,0.00008030,0.00000000,0.00000000
Bunzl PLC,0.00008840,0.00011390,0.00020000,0.00000000
Hongkong Land Holdings Ltd,0.00008840,0.00013900,0.00000000,0.00000000
China CITIC Bank Corp Ltd,0.00008830,0.00009370,0.00000000,0.00000000
Wise Group PLC,0.00008810,0.00011100,0.00000000,0.00000000
United Airlines Holdings Inc,0.00008810,0.00007660,0.00000000,0.00000000
Magnum Ice Cream Co NV/The,0.00008800,0.00008620,0.00000000,0.00000000
APA Group,0.00008800,0.00021060,0.00000000,0.00000000
Isuzu Motors Ltd,0.00008790,0.00009380,0.00000000,0.00000000
New Oriental Education & Technology Group Inc,0.00008780,0.00013650,0.00000000,0.00000000
Yamaha Motor Co Ltd,0.00008730,0.00008010,0.00000000,0.00000000
CapitaLand Investment Ltd/Singapore,0.00008730,0.00004160,0.00000000,0.00000000
AGC Inc,0.00008700,0.00015860,0.00020000,0.00000000
Kakao Corp,0.00008690,0.00015960,0.00000000,0.00000000
Eiffage SA,0.00008660,0.00016600,0.00000000,0.00000000
Equatorial SA,0.00008660,0.00023210,0.00000000,0.00000000
APR Corp/Korea,0.00008660,0.00007750,0.00000000,0.00000000
Tele2 AB,0.00008650,0.00017790,0.00000000,0.00000000
Descartes Systems Group Inc/The,0.00008620,0.00005020,0.00000000,0.00000000
Guotai Junan Securities Co Ltd,0.00008590,0.00009150,0.00000000,0.00000000
Mowi ASA,0.00008580,0.00013850,0.00000000,0.00000000
Aisin Corp,0.00008570,0.00005790,0.00000000,0.00000000
Sojitz Corp,0.00008570,0.00021900,0.00000000,0.00000000
Postal Savings Bank of China Co Ltd,0.00008560,0.00006460,0.00000000,0.00000000
CapitaLand Ascendas REIT,0.00008540,0.00015600,0.00000000,0.00000000
Bharat Forge Ltd,0.00008540,0.00004400,0.00000000,0.00000000
Foxconn Industrial Internet Co Ltd,0.00008540,0.00009700,0.00000000,0.00000000
Fresenius Medical Care AG,0.00008530,0.00008330,0.00000000,0.00000000
Krung Thai Bank PCL,0.00008520,0.00007530,0.00000000,0.00000000
Pandora A/S,0.00008520,0.00008670,0.00000000,0.00000000
Jio Financial Services Ltd,0.00008510,0.00020770,0.00000000,0.00000000
Tenaris SA,0.00008500,0.00010880,0.00040000,0.00000000
Mitsui Kinzoku Co Ltd,0.00008500,0.00008390,0.00040000,0.00000000
MOL Hungarian Oil & Gas PLC,0.00008500,0.00006700,0.00000000,0.00000000
Zhongji Innolight Co Ltd,0.00008490,0.00009650,0.00000000,0.00000000
Riyad Bank,0.00008490,0.00017180,0.00000000,0.00000000
Xero Ltd,0.00008490,0.00011840,0.00000000,0.00000000
ITC Ltd,0.00008470,0.00009530,0.00000000,0.00000000
ANDRITZ AG,0.00008470,0.00005310,0.00000000,0.00000000
Harel Insurance Investments & Financial Services Ltd,0.00008460,0.00007340,0.00000000,0.00000000
One 97 Communications Ltd,0.00008440,0.00012930,0.00000000,0.00000000
Talanx AG,0.00008430,0.00006470,0.00000000,0.00000000
Banco de Chile,0.00008430,0.00010610,0.00000000,0.00000000
Banca Mediolanum SpA,0.00008410,0.00001110,0.00010000,0.00000000
Merlin Properties Socimi SA,0.00008400,0.00004200,0.00000000,0.00000000
Gold Circuit Electronics Ltd,0.00008400,0.00012570,0.00000000,0.00000000
Charter Hall Group,0.00008370,0.00006510,0.00000000,0.00000000
Seiko Epson Corp,0.00008360,0.00005230,0.00000000,0.00000000
Nippon Paint Holdings Co Ltd,0.00008340,0.00006680,0.00000000,0.00000000
SSAB AB,0.00008330,0.00007730,0.00000000,0.00000000
Kardemir Karabuk Demir Celik Sanayi ve Ticaret AS,0.00008330,0.00000780,0.00000000,0.00000000
Fuji Electric Co Ltd,0.00008320,0.00010560,0.00020000,0.00000000
Trelleborg AB,0.00008270,0.00017850,0.00000000,0.00000000
Hanwha Ocean Co Ltd,0.00008270,0.00009690,0.00000000,0.00000000
Zijin Gold International Co Ltd,0.00008260,0.00009750,0.00000000,0.00000000
Discovery Ltd,0.00008250,0.00006500,0.00000000,0.00000000
AU Small Finance Bank Ltd,0.00008240,0.00004090,0.00000000,0.00000000
Swedish Orphan Biovitrum AB,0.00008200,0.00009730,0.00030000,0.00000000
Abu Dhabi Islamic Bank PJSC,0.00008200,0.00014790,0.00000000,0.00000000
Yaskawa Electric Corp,0.00008180,0.00006840,0.00000000,0.00000000
China Yangtze Power Co Ltd,0.00008170,0.00021390,0.00000000,0.00000000
TVS Motor Co Ltd,0.00008140,0.00012800,0.00000000,0.00000000
Public Power Corp SA,0.00008140,0.00010940,0.00000000,0.00000000
Beiersdorf AG,0.00008130,0.00015180,0.00000000,0.00000000
Autotrader Group PLC,0.00008130,0.00006550,0.00000000,0.00000000
CP ALL PCL,0.00008130,0.00010640,0.00000000,0.00000000
Nedbank Group Ltd,0.00008130,0.00013340,0.00000000,0.00000000
Subaru Corp,0.00008120,0.00007630,0.00000000,0.00000000
Aldar Properties PJSC,0.00008120,0.00013650,0.00000000,0.00000000
Ackermans & van Haaren NV,0.00008110,0.00006770,0.00000000,0.00000000
TMX Group Ltd,0.00008100,0.00014010,0.00000000,0.00000000
JFE Holdings Inc,0.00008090,0.00005990,0.00000000,0.00000000
XPeng Inc,0.00008070,0.00011130,0.00000000,0.00000000
Dr Reddy's Laboratories Ltd,0.00008050,0.00014770,0.00000000,0.00000000
Dr Sulaiman Al Habib Medical Services Group Co,0.00008050,0.00005670,0.00000000,0.00000000
Keyera Corp,0.00008040,0.00014240,0.00020000,0.00000000
Indutrade AB,0.00008010,0.00007220,0.00000000,0.00000000
Arca Continental SAB de CV,0.00008000,0.00012400,0.00000000,0.00000000
HDFC Asset Management Co Ltd,0.00007970,0.00005060,0.00000000,0.00000000
Cipla Ltd/India,0.00007970,0.00016740,0.00000000,0.00000000
SPIE SA,0.00007930,0.00013030,0.00000000,0.00000000
Falabella SA,0.00007930,0.00009740,0.00000000,0.00000000
West Japan Railway Co,0.00007930,0.00016960,0.00000000,0.00000000
Akeso Inc,0.00007910,0.00005890,0.00000000,0.00000000
Li Auto Inc,0.00007910,0.00011750,0.00000000,0.00000000
Industrias Penoles SAB de CV,0.00007910,0.00009360,0.00000000,0.00000000
Bouygues SA,0.00007910,0.00011950,0.00040000,0.00000000
Delivery Hero SE,0.00007910,0.00007660,0.00000000,0.00000000
Bid Corp Ltd,0.00007910,0.00010150,0.00000000,0.00000000
Sumitomo Chemical Co Ltd,0.00007900,0.00005350,0.00000000,0.00000000
Torrent Pharmaceuticals Ltd,0.00007890,0.00011170,0.00000000,0.00000000
Galaxy Entertainment Group Ltd,0.00007890,0.00027200,0.00000000,0.00000000
Taisei Corp,0.00007890,0.00009590,0.00000000,0.00000000
NMDC Ltd,0.00007890,0.00003640,0.00000000,0.00000000
Remgro Ltd,0.00007880,0.00005370,0.00000000,0.00000000
Shoprite Holdings Ltd,0.00007880,0.00008420,0.00000000,0.00000000
BlueScope Steel Ltd,0.00007870,0.00008190,0.00000000,0.00000000
Gigabyte Technology Co Ltd,0.00007850,0.00004150,0.00000000,0.00000000
Groupe Bruxelles Lambert NV,0.00007850,0.00006060,0.00000000,0.00000000
Powszechny Zaklad Ubezpieczen SA,0.00007840,0.00007570,0.00000000,0.00000000
Ono Pharmaceutical Co Ltd,0.00007840,0.00005370,0.00000000,0.00000000
Sanlam Ltd,0.00007840,0.00013620,0.00000000,0.00000000
Ricoh Co Ltd,0.00007810,0.00005340,0.00000000,0.00000000
Orica Ltd,0.00007790,0.00013740,0.00000000,0.00000000
Nippon Building Fund Inc,0.00007790,0.00016620,0.00000000,0.00000000
Unicharm Corp,0.00007760,0.00010650,0.00000000,0.00000000
IMCD NV,0.00007710,0.00006340,0.00000000,0.00000000
Motiva Infraestrutura de Mobilidade SA,0.00007710,0.00001300,0.00000000,0.00000000
Amada Co Ltd,0.00007700,0.00004930,0.00000000,0.00000000
Ambuja Cements Ltd,0.00007690,0.00000740,0.00000000,0.00000000
Technology One Ltd,0.00007680,0.00006660,0.00000000,0.00000000
Hachijuni Nagano Bank Ltd,0.00007670,0.00010880,0.00000000,0.00000000
J&T Global Express Ltd,0.00007650,0.00013140,0.00000000,0.00000000
Eisai Co Ltd,0.00007630,0.00018530,0.00000000,0.00000000
Rexel SA,0.00007620,0.00016000,0.00000000,0.00000000
Banca Transilvania SA,0.00007610,0.00006300,0.00000000,0.00000000
Klepierre SA,0.00007580,0.00009940,0.00010000,0.00000000
Hyundai Rotem Co Ltd,0.00007570,0.00006440,0.00000000,0.00000000
Compal Electronics Inc,0.00007560,0.00006020,0.00000000,0.00000000
Localiza Rent a Car SA,0.00007560,0.00006660,0.00000000,0.00000000
HDFC Life Insurance Co Ltd,0.00007560,0.00006630,0.00000000,0.00000000
NIO Inc,0.00007550,0.00009660,0.00000000,0.00000000
Telenor ASA,0.00007520,0.00010990,0.00000000,0.00000000
Pegatron Corp,0.00007510,0.00006560,0.00000000,0.00000000
Lupin Ltd,0.00007510,0.00005090,0.00000000,0.00000000
Oil & Natural Gas Corp Ltd,0.00007510,0.00009900,0.00000000,0.00000000
Coloplast A/S,0.00007470,0.00013900,0.00000000,0.00000000
Huatai Securities Co Ltd,0.00007460,0.00006120,0.00000000,0.00000000
Abivax SA,0.00007420,0.00006850,0.00000000,0.00000000
China Merchants Securities Co Ltd,0.00007420,0.00000800,0.00000000,0.00000000
Sunny Optical Technology Group Co Ltd,0.00007420,0.00006990,0.00000000,0.00000000
QIAGEN NV,0.00007400,0.00012010,0.00000000,0.00000000
LPP SA,0.00007390,0.00005960,0.00000000,0.00000000
Sandfire Resources Ltd,0.00007370,0.00013580,0.00000000,0.00000000
Croda International PLC,0.00007370,0.00006420,0.00000000,0.00000000
ICG PLC,0.00007360,0.00014270,0.00000000,0.00000000
Sigma Healthcare Ltd,0.00007340,0.00007100,0.00000000,0.00000000
Trent Ltd,0.00007320,0.00013090,0.00000000,0.00000000
Yankuang Energy Group Co Ltd,0.00007320,0.00007580,0.00000000,0.00000000
Inventec Corp,0.00007300,0.00006170,0.00000000,0.00000000
Elia Group SA/NV,0.00007300,0.00005650,0.00000000,0.00000000
HOCHTIEF AG,0.00007300,0.00006070,0.00040000,0.00000000
Rede D'Or Sao Luiz SA,0.00007290,0.00004740,0.00000000,0.00000000
Element Fleet Management Corp,0.00007290,0.00009630,0.00000000,0.00000000
Wilmar International Ltd,0.00007260,0.00004870,0.00020000,0.00000000
United Spirits Ltd,0.00007240,0.00003950,0.00000000,0.00000000
EXOR NV,0.00007240,0.00024360,0.00000000,0.00000000
Bajaj Finserv Ltd,0.00007240,0.00016290,0.00000000,0.00000000
HMM Co Ltd,0.00007180,0.00002430,0.00000000,0.00000000
Fresnillo PLC,0.00007170,0.00007060,0.00000000,0.00000000
Etihad Etisalat Co,0.00007130,0.00007700,0.00000000,0.00000000
China Tower Corp Ltd,0.00007120,0.00005140,0.00000000,0.00000000
PTT Exploration & Production PCL,0.00007120,0.00005180,0.00000000,0.00000000
Shimizu Corp,0.00007110,0.00009790,0.00000000,0.00000000
Kikkoman Corp,0.00007100,0.00012420,0.00000000,0.00000000
Bharat Heavy Electricals Ltd,0.00007090,0.00006980,0.00000000,0.00000000
KOC Holding AS,0.00007050,0.00004360,0.00000000,0.00000000
Petronas Gas Bhd,0.00007030,0.00001930,0.00000000,0.00000000
Pepkor Holdings Ltd,0.00007020,0.00006020,0.00000000,0.00000000
Lottery Corp Ltd/The,0.00007010,0.00006540,0.00000000,0.00000000
Flughafen Zurich AG,0.00007000,0.00005040,0.00000000,0.00000000
Sanrio Co Ltd,0.00007000,0.00006250,0.00000000,0.00000000
Sonic Healthcare Ltd,0.00006980,0.00005960,0.00000000,0.00000000
PB Fintech Ltd,0.00006970,0.00006980,0.00000000,0.00000000
SD Guthrie Bhd,0.00006960,0.00004180,0.00000000,0.00000000
FirstService Corp,0.00006950,0.00003750,0.00000000,0.00000000
Melrose Industries PLC,0.00006950,0.00012300,0.00000000,0.00000000
Nan Ya Printed Circuit Board Corp,0.00006930,0.00007010,0.00000000,0.00000000
Samsung SDS Co Ltd,0.00006900,0.00007530,0.00000000,0.00000000
SIG Group AG,0.00006890,0.00005950,0.00000000,0.00000000
Fortis Healthcare Ltd,0.00006890,0.00004520,0.00000000,0.00000000
China Mengniu Dairy Co Ltd,0.00006890,0.00014610,0.00000000,0.00000000
Kesko Oyj,0.00006860,0.00005540,0.00000000,0.00000000
Zalando SE,0.00006830,0.00006490,0.00000000,0.00000000
Cholamandalam Investment and Finance Co Ltd,0.00006830,0.00017960,0.00000000,0.00000000
Hero MotoCorp Ltd,0.00006830,0.00013570,0.00000000,0.00000000
Zillow Group Inc,0.00006820,0.00006850,0.00000000,0.00000000
Saudi Awwal Bank,0.00006820,0.00018810,0.00000000,0.00000000
Gjensidige Forsikring ASA,0.00006810,0.00004320,0.00000000,0.00000000
AddTech AB,0.00006800,0.00017260,0.00000000,0.00000000
Bangkok Dusit Medical Services PCL,0.00006790,0.00005790,0.00000000,0.00000000
China Resources Power Holdings Co Ltd,0.00006790,0.00010200,0.00000000,0.00000000
Brenntag SE,0.00006790,0.00009570,0.00000000,0.00000000
NEXTDC Ltd,0.00006790,0.00010180,0.00000000,0.00000000
Indus Towers Ltd,0.00006780,0.00006240,0.00000000,0.00000000
Turkiye Petrol Rafinerileri AS,0.00006760,0.00012560,0.00000000,0.00000000
Beijer Ref AB,0.00006760,0.00004310,0.00000000,0.00000000
Max Healthcare Institute Ltd,0.00006760,0.00010420,0.00000000,0.00000000
Infratil Ltd,0.00006710,0.00012140,0.00010000,0.00000000
Cambricon Technologies Corp Ltd,0.00006710,0.00005040,0.00000000,0.00060000
Sasol Ltd,0.00006670,0.00006210,0.00000000,0.00000000
Prologis Property Mexico SA de CV,0.00006660,0.00004860,0.00000000,0.00000000
Marico Ltd,0.00006650,0.00003690,0.00000000,0.00000000
Formosa Chemicals & Fibre Corp,0.00006650,0.00007440,0.00000000,0.00000000
Beazley PLC,0.00006640,0.00007260,0.00000000,0.00000000
Grupo Aeroportuario del Pacifico SAB de CV,0.00006640,0.00011540,0.00000000,0.00000000
Hyundai Engineering & Construction Co Ltd,0.00006630,0.00007010,0.00000000,0.00000000
Niterra Co Ltd,0.00006620,0.00008760,0.00000000,0.00000000
ENN Energy Holdings Ltd,0.00006610,0.00005400,0.00000000,0.00000000
Scout24 SE,0.00006590,0.00007240,0.00000000,0.00000000
Korea Aerospace Industries Ltd,0.00006590,0.00007880,0.00000000,0.00000000
Industries Qatar QSC,0.00006580,0.00004250,0.00000000,0.00000000
OPC Energy Ltd,0.00006580,0.00005350,0.00020000,0.00000000
Ramsay Health Care Ltd,0.00006580,0.00006270,0.00000000,0.00000000
Avenue Supermarts Ltd,0.00006570,0.00005110,0.00000000,0.00000000
Tripod Technology Corp,0.00006550,0.00008950,0.00000000,0.00000000
Sony Financial Group Inc,0.00006550,0.00004500,0.00000000,0.00000000
Meridian Energy Ltd,0.00006540,0.00000900,0.00000000,0.00000000
Convatec Group PLC,0.00006540,0.00006070,0.00000000,0.00000000
Banco Santander Chile,0.00006540,0.00005720,0.00000000,0.00000000
Bidvest Group Ltd,0.00006490,0.00003700,0.00000000,0.00000000
Bajaj Auto Ltd,0.00006490,0.00006400,0.00000000,0.00000000
LG Innotek Co Ltd,0.00006480,0.00004710,0.00000000,0.00000000
Sino Biopharmaceutical Ltd,0.00006460,0.00011960,0.00000000,0.00000000
Rakuten Group Inc,0.00006440,0.00011470,0.00000000,0.00000000
Commercial International Bank - Egypt (CIB),0.00006440,0.00005870,0.00000000,0.00000000
Central Pattana PCL,0.00006440,0.00002280,0.00000000,0.00000000
Korea Investment Holdings Co Ltd,0.00006430,0.00004430,0.00000000,0.00000000
Telkom Indonesia Persero Tbk PT,0.00006430,0.00006530,0.00000000,0.00000000
Dixon Technologies India Ltd,0.00006420,0.00003560,0.00000000,0.00000000
JTEKT Corp,0.00006400,0.00003080,0.00000000,0.00000000
Persistent Systems Ltd,0.00006390,0.00005570,0.00000000,0.00000000
Chang Hwa Commercial Bank Ltd,0.00006390,0.00006160,0.00000000,0.00000000
Kyoto Financial Group Inc,0.00006390,0.00019500,0.00000000,0.00000000
LIG Defense&Aerospace Co Ltd,0.00006350,0.00006870,0.00000000,0.00000000
Globalwafers Co Ltd,0.00006350,0.00006160,0.00000000,0.00110000
TCC Group Holdings Co Ltd,0.00006350,0.00005270,0.00000000,0.00000000
Jiangsu Hengrui Pharmaceuticals Co Ltd,0.00006330,0.00004430,0.00000000,0.00000000
Omron Corp,0.00006310,0.00018420,0.00000000,0.00000000
Dubai Islamic Bank PJSC,0.00006310,0.00006930,0.00000000,0.00000000
Japan Real Estate Investment Corp,0.00006310,0.00004820,0.00000000,0.00000000
Light & Wonder Inc,0.00006300,0.00006940,0.00000000,0.00000000
Coforge Ltd,0.00006300,0.00006670,0.00000000,0.00000000
China Steel Corp,0.00006290,0.00006090,0.00000000,0.00000000
Yangzijiang Shipbuilding Holdings Ltd,0.00006290,0.00007420,0.00030000,0.00000000
Ayvens SA,0.00006290,0.00004720,0.00000000,0.00000000
Varun Beverages Ltd,0.00006280,0.00005400,0.00000000,0.00000000
Pro Medicus Ltd,0.00006280,0.00007320,0.00000000,0.00000000
Nice Ltd,0.00006280,0.00006160,0.00000000,0.00000000
Nexon Co Ltd,0.00006280,0.00005740,0.00000000,0.00000000
Bendigo & Adelaide Bank Ltd,0.00006270,0.00006140,0.00000000,0.00000000
Deutsche Lufthansa AG,0.00006250,0.00005010,0.00000000,0.00000000
Oji Holdings Corp,0.00006240,0.00001430,0.00000000,0.00000000
Mirvac Group,0.00006240,0.00003790,0.00000000,0.00000000
ASMPT Ltd,0.00006240,0.00006260,0.00000000,0.00080000
D'ieteren Group,0.00006240,0.00004490,0.00000000,0.00000000
SF Holding Co Ltd,0.00006210,0.00004850,0.00000000,0.00000000
China Gold International Resources Corp Ltd,0.00006210,0.00007070,0.00000000,0.00000000
Sibanye Stillwater Ltd,0.00006200,0.00007510,0.00000000,0.00000000
Zhuzhou CRRC Times Electric Co Ltd,0.00006200,0.00001150,0.00000000,0.00000000
Grupo Bimbo SAB de CV,0.00006190,0.00004230,0.00000000,0.00000000
HD Hyundai Co Ltd,0.00006190,0.00007500,0.00000000,0.00000000
SBI Life Insurance Co Ltd,0.00006180,0.00014660,0.00000000,0.00000000
CRRC Corp Ltd,0.00006170,0.00002220,0.00000000,0.00000000
St James's Place PLC,0.00006150,0.00011100,0.00000000,0.00000000
Doosan Co Ltd,0.00006130,0.00007020,0.00000000,0.00000000
Cochlear Ltd,0.00006130,0.00006940,0.00000000,0.00000000
UOL Group Ltd,0.00006130,0.00001410,0.00000000,0.00000000
Nomura Real Estate Holdings Inc,0.00006120,0.00000620,0.00000000,0.00000000
Seven Group Holdings Ltd,0.00006120,0.00005260,0.00000000,0.00000000
Hygon Information Technology Co Ltd,0.00006110,0.00003790,0.00000000,0.00050000
Mineral Resources Ltd,0.00006100,0.00006490,0.00000000,0.00000000
Idemitsu Kosan Co Ltd,0.00006090,0.00008120,0.00000000,0.00000000
Sekisui Chemical Co Ltd,0.00006090,0.00008860,0.00000000,0.00000000
King Yuan Electronics Co Ltd,0.00006080,0.00012670,0.00000000,0.00110000
GAIL India Ltd,0.00006060,0.00004070,0.00000000,0.00000000
Nitori Holdings Co Ltd,0.00006030,0.00012200,0.00000000,0.00000000
SUMCO Corp,0.00006030,0.00010370,0.00000000,0.00090000
Sino Land Co Ltd,0.00006020,0.00005620,0.00000000,0.00000000
Shenwan Hongyuan Group Co Ltd,0.00006020,0.00001020,0.00000000,0.00000000
BOE Technology Group Co Ltd,0.00006010,0.00001430,0.00000000,0.00000000
JB Hi-Fi Ltd,0.00006000,0.00005630,0.00000000,0.00000000
Tokyu Corp,0.00005990,0.00001740,0.00000000,0.00000000
Ecopro Co Ltd,0.00005970,0.00006930,0.00000000,0.00000000
Gulf Development PCL,0.00005960,0.00009060,0.00000000,0.00000000
Novatek Microelectronics Corp,0.00005950,0.00015550,0.00000000,0.00100000
Jarir Marketing Co,0.00005940,0.00000630,0.00000000,0.00000000
Adnoc Gas PLC,0.00005930,0.00004540,0.00000000,0.00000000
Tata Motors Passenger Vehicles Limited,0.00005920,0.00004480,0.00000000,0.00000000
Sembcorp Industries Ltd,0.00005910,0.00004890,0.00000000,0.00000000
Grupo Aeroportuario del Sureste SAB de CV,0.00005900,0.00004030,0.00000000,0.00000000
Samsung E&A Co Ltd,0.00005890,0.00006570,0.00000000,0.00000000
Godrej Consumer Products Ltd,0.00005880,0.00004080,0.00000000,0.00000000
Boubyan Bank KSCP,0.00005870,0.00001180,0.00000000,0.00000000
Cia Energetica de Minas Gerais,0.00005870,0.00005510,0.00000000,0.00000000
Northam Platinum Holdings Ltd,0.00005860,0.00006490,0.00000000,0.00000000
DCC Energy plc,0.00005850,0.00006320,0.00000000,0.00000000
Taiyo Yuden Co Ltd,0.00005840,0.00006130,0.00000000,0.00000000
NSK Ltd,0.00005840,0.00001060,0.00000000,0.00000000
Yara International ASA,0.00005820,0.00010080,0.00000000,0.00000000
Technoprobe SpA,0.00005800,0.00002780,0.00000000,0.00000000
Horiba Ltd,0.00005800,0.00006710,0.00000000,0.00000000
IndusInd Bank Ltd,0.00005800,0.00004390,0.00000000,0.00000000
Getlink SE,0.00005790,0.00004830,0.00010000,0.00000000
Saputo Inc,0.00005780,0.00006440,0.00000000,0.00000000
Airports of Thailand PCL,0.00005780,0.00006300,0.00000000,0.00000000
SITC International Holdings Co Ltd,0.00005770,0.00007420,0.00010000,0.00000000
Redeia Corp SA,0.00005770,0.00005850,0.00000000,0.00000000
Stantec Inc,0.00005760,0.00012200,0.00000000,0.00000000
Tryg A/S,0.00005750,0.00005050,0.00000000,0.00000000
Aeroports de Paris SA,0.00005750,0.00004660,0.00000000,0.00000000
Orkla ASA,0.00005750,0.00005390,0.00000000,0.00000000
Turk Hava Yollari AO,0.00005740,0.00001470,0.00000000,0.00000000
Renault SA,0.00005730,0.00007450,0.00000000,0.00000000
Clal Insurance Enterprises Holdings Ltd,0.00005730,0.00006060,0.00000000,0.00000000
Hanmi Semiconductor Co Ltd,0.00005700,0.00004880,0.00000000,0.00090000
Britannia Industries Ltd,0.00005700,0.00005260,0.00000000,0.00000000
BSE Ltd,0.00005700,0.00006220,0.00000000,0.00000000
Tsingtao Brewery Co Ltd,0.00005680,0.00001900,0.00000000,0.00000000
SCB X PCL,0.00005680,0.00009080,0.00000000,0.00000000
AMMB Holdings Bhd,0.00005680,0.00005190,0.00000000,0.00000000
LG Corp,0.00005670,0.00008910,0.00000000,0.00000000
H & M Hennes & Mauritz AB,0.00005660,0.00009110,0.00000000,0.00000000
Schibsted ASA,0.00005650,0.00004890,0.00000000,0.00000000
Eva Airways Corp,0.00005640,0.00003830,0.00000000,0.00000000
Hensoldt AG,0.00005630,0.00006000,0.00000000,0.00000000
Ipsen SA,0.00005620,0.00006520,0.00020000,0.00000000
Shimano Inc,0.00005620,0.00007610,0.00000000,0.00000000
MatsukiyoCocokara & Co,0.00005590,0.00003730,0.00000000,0.00000000
Aurobindo Pharma Ltd,0.00005580,0.00004470,0.00000000,0.00000000
GLOBALFOUNDRIES Inc,0.00005570,0.00005580,0.00000000,0.00000000
Hansoh Pharmaceutical Group Co Ltd,0.00005550,0.00005940,0.00000000,0.00000000
Associated British Foods PLC,0.00005550,0.00005880,0.00000000,0.00000000
Acer Inc,0.00005540,0.00001740,0.00000000,0.00000000
Genesis Minerals Ltd,0.00005520,0.00006210,0.00000000,0.00000000
People's Insurance Co Group of China Ltd/The,0.00005520,0.00007400,0.00000000,0.00000000
Kingboard Laminates Holdings Ltd,0.00005500,0.00006390,0.00000000,0.00000000
Kawasaki Kisen Kaisha Ltd,0.00005500,0.00009210,0.00000000,0.00000000
Caitong Securities Co Ltd,0.00005500,0.00000000,0.00000000,0.00000000
A2A SpA,0.00005490,0.00004740,0.00000000,0.00000000
Gerdau SA,0.00005480,0.00005450,0.00000000,0.00000000
Davide Campari-Milano NV,0.00005470,0.00004280,0.00000000,0.00000000
Lundin Gold Inc,0.00005450,0.00006970,0.00000000,0.00000000
Raia Drogasil SA,0.00005440,0.00004970,0.00000000,0.00000000
TAL Education Group,0.00005440,0.00002110,0.00000000,0.00000000
Suzlon Energy Ltd,0.00005420,0.00004160,0.00000000,0.00000000
Securitas AB,0.00005410,0.00005150,0.00000000,0.00000000
Ivanhoe Mines Ltd,0.00005410,0.00006740,0.00000000,0.00000000
Rational AG,0.00005400,0.00001560,0.00000000,0.00000000
LY Corp,0.00005390,0.00009750,0.00000000,0.00000000
Georg Fischer AG,0.00005390,0.00004760,0.00000000,0.00000000
ASX Ltd,0.00005390,0.00010200,0.00000000,0.00000000
Metlen Energy & Metals PLC,0.00005370,0.00005670,0.00000000,0.00000000
Taiwan Business Bank,0.00005350,0.00004950,0.00000000,0.00000000
Trade Desk Inc/The,0.00005350,0.00005900,0.00000000,0.00000000
TOPPAN Holdings Inc,0.00005340,0.00006950,0.00000000,0.00000000
Vicinity Ltd,0.00005340,0.00005870,0.00000000,0.00000000
Cia Paranaense de Energia - Copel,0.00005340,0.00007890,0.00000000,0.00000000
DB Insurance Co Ltd,0.00005340,0.00006650,0.00000000,0.00000000
NIPPON EXPRESS HOLDINGS INC,0.00005330,0.00015410,0.00000000,0.00000000
Tokyo Electric Power Co Holdings Inc,0.00005320,0.00005080,0.00000000,0.00000000
GF Securities Co Ltd,0.00005310,0.00004240,0.00000000,0.00000000
Abu Dhabi National Oil Co for Distribution PJSC,0.00005310,0.00000840,0.00000000,0.00000000
Vedanta Aluminium Metal Ltd,0.00005290,0.00000000,0.00000000,0.00000000
Bank AlBilad,0.00005270,0.00005320,0.00000000,0.00000000
Great Wall Motor Co Ltd,0.00005270,0.00001360,0.00000000,0.00000000
Kobe Steel Ltd,0.00005260,0.00004430,0.00000000,0.00000000
Kingfisher PLC,0.00005260,0.00006880,0.00000000,0.00000000
Bharat Petroleum Corp Ltd,0.00005260,0.00005860,0.00000000,0.00000000
EMS-Chemie Holding AG,0.00005250,0.00005060,0.00020000,0.00000000
Stora Enso Oyj,0.00005240,0.00005680,0.00000000,0.00000000
Acciona SA,0.00005240,0.00005820,0.00020000,0.00000000
Syensqo SA,0.00005210,0.00006530,0.00000000,0.00000000
Fuyao Glass Industry Group Co Ltd,0.00005200,0.00004020,0.00000000,0.00000000
Mobility Global Inc,0.00005200,0.00005810,0.00000000,0.00000000
Spirax Group PLC,0.00005190,0.00006680,0.00000000,0.00000000
Aurizon Holdings Ltd,0.00005190,0.00004400,0.00000000,0.00000000
Stockland,0.00005180,0.00010770,0.00000000,0.00000000
Grifols SA,0.00005180,0.00005850,0.00000000,0.00000000
Burberry Group PLC,0.00005160,0.00005290,0.00000000,0.00000000
Laurus Labs Ltd,0.00005160,0.00007050,0.00000000,0.00000000
Erste Bank Polska SA,0.00005160,0.00006180,0.00000000,0.00000000
SCOR SE,0.00005150,0.00006340,0.00000000,0.00000000
Fibra Uno Administracion SA de CV,0.00005110,0.00004710,0.00000000,0.00000000
JD Health International Inc,0.00005110,0.00005830,0.00000000,0.00000000
Aluminum Corp of China Ltd,0.00005110,0.00005430,0.00000000,0.00000000
Turkcell Iletisim Hizmetleri AS,0.00005100,0.00003820,0.00000000,0.00000000
Mirae Asset Securities Co Ltd,0.00005090,0.00006520,0.00000000,0.00000000
Indra Sistemas SA,0.00005090,0.00005800,0.00000000,0.00000000
Airtac International Group,0.00005050,0.00003800,0.00000000,0.00000000
Hokuhoku Financial Group Inc,0.00005030,0.00005600,0.00000000,0.00000000
Ashok Leyland Ltd,0.00005020,0.00003980,0.00000000,0.00000000
Jiangxi Copper Co Ltd,0.00005020,0.00006190,0.00000000,0.00000000
Commercial Bank PSQC/The,0.00005020,0.00005060,0.00000000,0.00000000
Japan Metropolitan Fund Invest,0.00004990,0.00003230,0.00000000,0.00000000
Jeronimo Martins SGPS SA,0.00004980,0.00005120,0.00000000,0.00000000
Canadian Tire Corp Ltd,0.00004970,0.00005900,0.00000000,0.00000000
Full Truck Alliance Co Ltd,0.00004970,0.00003980,0.00000000,0.00000000
77 Bank Ltd/The,0.00004970,0.00005330,0.00000000,0.00000000
Banco de Credito e Inversiones SA,0.00004960,0.00005540,0.00000000,0.00000000
AUO Corp,0.00004960,0.00005510,0.00000000,0.00000000
LG H&H Co Ltd,0.00004960,0.00001110,0.00000000,0.00000000
Samsung Securities Co Ltd,0.00004950,0.00002200,0.00000000,0.00000000
Eneva SA,0.00004940,0.00004220,0.00000000,0.00000000
TOTVS SA,0.00004940,0.00002030,0.00000000,0.00000000
Invincible Investment Corp,0.00004930,0.00000180,0.00000000,0.00000000
Shanghai Commercial & Savings Bank Ltd/The,0.00004900,0.00005350,0.00000000,0.00000000
Meritz Financial Group Inc,0.00004870,0.00007790,0.00000000,0.00000000
SM Prime Holdings Inc,0.00004830,0.00001460,0.00000000,0.00000000
Two Point Zero Group PJSC,0.00004830,0.00005930,0.00000000,0.00000000
Open Text Corp,0.00004820,0.00004410,0.00000000,0.00000000
S-Oil Corp,0.00004820,0.00002700,0.00000000,0.00000000
CTS Eventim AG & Co KGaA,0.00004820,0.00002320,0.00000000,0.00000000
Swissquote Group Holding SA,0.00004810,0.00004110,0.00000000,0.00000000
BayCurrent Inc,0.00004800,0.00007030,0.00000000,0.00000000
BioMerieux,0.00004790,0.00002120,0.00000000,0.00000000
Recordati Industria Chimica e Farmaceutica SpA,0.00004780,0.00005700,0.00000000,0.00000000
BCE Inc,0.00004780,0.00006270,0.00000000,0.00000000
Hanwha Corp,0.00004780,0.00000930,0.00000000,0.00000000
Richter Gedeon Nyrt,0.00004770,0.00005670,0.00000000,0.00000000
Isetan Mitsukoshi Holdings Ltd,0.00004760,0.00014070,0.00000000,0.00000000
Food & Life Cos Ltd,0.00004750,0.00006730,0.00000000,0.00000000
Singapore Airlines Ltd,0.00004750,0.00010240,0.00010000,0.00000000
Haseko Corp,0.00004750,0.00004140,0.00000000,0.00000000
Grupo Financiero Inbursa SAB de CV,0.00004730,0.00004250,0.00000000,0.00000000
TOTO Ltd,0.00004710,0.00005500,0.00000000,0.00000000
Tokyo Ohka Kogyo Co Ltd,0.00004710,0.00003280,0.00000000,0.00000000
Bosch Ltd,0.00004700,0.00004480,0.00000000,0.00000000
Power Finance Corp Ltd,0.00004690,0.00004730,0.00000000,0.00000000
China Galaxy Securities Co Ltd,0.00004670,0.00004790,0.00000000,0.00000000
IDFC First Bank Ltd,0.00004670,0.00005050,0.00000000,0.00000000
Hitachi Construction Machinery Co Ltd,0.00004670,0.00004920,0.00000000,0.00000000
Nibe Industrier AB,0.00004660,0.00005970,0.00000000,0.00000000
Var Energi ASA,0.00004650,0.00005050,0.00010000,0.00000000
Zhaojin Mining Industry Co Ltd,0.00004650,0.00005580,0.00000000,0.00000000
Jindal Steel Ltd,0.00004640,0.00004580,0.00000000,0.00000000
Banco do Brasil SA,0.00004610,0.00005740,0.00000000,0.00000000
Temenos AG,0.00004600,0.00005270,0.00000000,0.00000000
Ryanair Holdings PLC,0.00004600,0.00005400,0.00000000,0.00000000
Orient Securities Co Ltd/China,0.00004580,0.00000160,0.00000000,0.00000000
Japan Hotel REIT Investment Corp,0.00004580,0.00000240,0.00000000,0.00000000
Changjiang Securities Co Ltd,0.00004580,0.00000000,0.00000000,0.00000000
RHB Bank Bhd,0.00004560,0.00004730,0.00000000,0.00000000
Big Shopping Centers Ltd,0.00004550,0.00003720,0.00000000,0.00000000
Bilibili Inc,0.00004550,0.00005450,0.00000000,0.00000000
China Overseas Land & Investment Ltd,0.00004550,0.00005960,0.00000000,0.00000000
Avolta AG,0.00004530,0.00004330,0.00000000,0.00000000
Nippon Sanso Holdings Corp,0.00004530,0.00005960,0.00000000,0.00000000
Info Edge India Ltd,0.00004520,0.00004710,0.00000000,0.00000000
IHH Healthcare Bhd,0.00004520,0.00005330,0.00000000,0.00000000
Kanzhun Ltd,0.00004500,0.00006320,0.00000000,0.00000000
Horizon Robotics,0.00004500,0.00005730,0.00000000,0.00000000
MISUMI Group Inc,0.00004480,0.00005740,0.00000000,0.00000000
Ramelius Resources Ltd,0.00004480,0.00005480,0.00000000,0.00000000
Ooredoo QPSC,0.00004480,0.00003530,0.00000000,0.00000000
REA Group Ltd,0.00004480,0.00005630,0.00000000,0.00000000
Alps Alpine Co Ltd,0.00004470,0.00001080,0.00000000,0.00000000
United Integrated Services Co Ltd,0.00004450,0.00003300,0.00000000,0.00000000
Rumo SA,0.00004450,0.00004520,0.00000000,0.00000000
Evergreen Marine Corp Taiwan Ltd,0.00004440,0.00007770,0.00000000,0.00000000
Qantas Airways Ltd,0.00004430,0.00004430,0.00000000,0.00000000
SenseTime Group Inc,0.00004410,0.00005980,0.00000000,0.00000000
Sysmex Corp,0.00004410,0.00005430,0.00000000,0.00000000
Howden Joinery Group PLC,0.00004400,0.00005260,0.00000000,0.00000000
Mitsui Chemicals Inc,0.00004390,0.00005840,0.00000000,0.00000000
Barry Callebaut AG,0.00004380,0.00005250,0.00000000,0.00000000
Hamamatsu Photonics KK,0.00004380,0.00002260,0.00000000,0.00000000
IsuPetasys Co Ltd,0.00004370,0.00002740,0.00000000,0.00000000
Shenzhen Yan Tian Port Holding Co Ltd,0.00004360,0.00000000,0.00000000,0.00000000
Ganfeng Lithium Group Co Ltd,0.00004360,0.00001880,0.00000000,0.00000000
JGC Holdings Corp,0.00004340,0.00003370,0.00000000,0.00000000
Coca-Cola Femsa SAB de CV,0.00004340,0.00004990,0.00000000,0.00000000
Woolworths Holdings Ltd/South Africa,0.00004330,0.00001100,0.00000000,0.00000000
Entain PLC,0.00004300,0.00002440,0.00000000,0.00000000
Endeavour Group Ltd/Australia,0.00004300,0.00003630,0.00000000,0.00000000
Next Vision Stabilized Systems Ltd,0.00004280,0.00005260,0.00000000,0.00000000
Lenskart Solutions Ltd,0.00004280,0.00001930,0.00000000,0.00000000
Foxconn Technology Co Ltd,0.00004280,0.00000810,0.00000000,0.00000000
Nagase & Co Ltd,0.00004260,0.00004810,0.00000000,0.00000000
Daito Trust Construction Co Ltd,0.00004260,0.00004440,0.00000000,0.00000000
Korea Electric Power Corp,0.00004250,0.00006520,0.00000000,0.00000000
Valmet Oyj,0.00004240,0.00004350,0.00000000,0.00000000
GE Vernova T&D India Ltd,0.00004240,0.00006030,0.00000000,0.00000000
Lifco AB,0.00004230,0.00006070,0.00000000,0.00000000
Hellenic Telecommunications Organization SA,0.00004230,0.00000720,0.00000000,0.00000000
Alstom SA,0.00004220,0.00006450,0.00000000,0.00000000
EXEO Group Inc,0.00004220,0.00007050,0.00000000,0.00000000
Umm Al Qura for Development & Construction Co,0.00004220,0.00004170,0.00000000,0.00000000
Komercni Banka AS,0.00004220,0.00001090,0.00000000,0.00000000
Elisa Oyj,0.00004220,0.00004660,0.00000000,0.00000000
Dubai Electricity & Water Authority PJSC,0.00004210,0.00005890,0.00000000,0.00000000
Zhongtai Securities Co Ltd,0.00004210,0.00000000,0.00000000,0.00000000
NEPI Rockcastle NV,0.00004200,0.00004890,0.00000000,0.00000000
Suzano SA,0.00004190,0.00005520,0.00000000,0.00000000
Genting Singapore Ltd,0.00004190,0.00001240,0.00000000,0.00000000
Nissan Motor Co Ltd,0.00004180,0.00004540,0.00000000,0.00000000
Vishal Mega Mart Ltd,0.00004180,0.00004050,0.00000000,0.00000000
Bupa Arabia for Cooperative Insurance Co,0.00004150,0.00001710,0.00000000,0.00000000
Warehouses De Pauw CVA,0.00004140,0.00004070,0.00000000,0.00000000
Ruentex Development Co Ltd,0.00004140,0.00000680,0.00000000,0.00000000
Kyushu Electric Power Co Inc,0.00004110,0.00005220,0.00000000,0.00000000
Toyo Suisan Kaisha Ltd,0.00004110,0.00005000,0.00000000,0.00000000
Mitsubishi Materials Corp,0.00004100,0.00004860,0.00000000,0.00000000
Masraf Al Rayan QSC,0.00004100,0.00000190,0.00000000,0.00000000
Whitbread PLC,0.00004100,0.00005270,0.00000000,0.00000000
Azrieli Group Ltd,0.00004090,0.00004450,0.00000000,0.00000000
Zhejiang Hisun Pharmaceutical Co Ltd,0.00004090,0.00000000,0.00000000,0.00000000
Vedanta Ltd,0.00004090,0.00004600,0.00000000,0.00000000
Sichuan Kelun-Biotech Biopharmaceutical Co Ltd,0.00004090,0.00005170,0.00000000,0.00000000
Destek Finans Faktoring AS,0.00004070,0.00002380,0.00000000,0.00000000
Clicks Group Ltd,0.00004070,0.00003690,0.00000000,0.00000000
Multi Commodity Exchange of India Ltd,0.00004060,0.00002370,0.00000000,0.00000000
ZTE Corp,0.00004040,0.00002160,0.00000000,0.00000000
Sartorius Stedim Biotech,0.00004040,0.00006070,0.00000000,0.00000000
Container Corp Of India Ltd,0.00004040,0.00000630,0.00000000,0.00000000
Evonik Industries AG,0.00004040,0.00004160,0.00010000,0.00000000
Taylor Wimpey PLC,0.00004040,0.00004900,0.00000000,0.00000000
Mazda Motor Corp,0.00004030,0.00004230,0.00000000,0.00000000
Yes Bank Ltd,0.00004010,0.00005350,0.00000000,0.00000000
Asia Cement Corp,0.00004010,0.00001330,0.00000000,0.00000000
Cleanaway Waste Management Ltd,0.00004000,0.00001950,0.00000000,0.00000000
COMSYS Holdings Corp,0.00003990,0.00007290,0.00000000,0.00000000
Akbank TAS,0.00003980,0.00005560,0.00000000,0.00000000
Zhejiang Dahua Technology Co Ltd,0.00003980,0.00000000,0.00000000,0.00000000
MEIJI Holdings Co Ltd,0.00003950,0.00017550,0.00000000,0.00000000
GLP J-Reit,0.00003950,0.00003700,0.00000000,0.00000000
Randstad NV,0.00003950,0.00005480,0.00000000,0.00000000
Eoptolink Technology Inc Ltd,0.00003940,0.00005460,0.00000000,0.00000000
Challenger Ltd,0.00003940,0.00001340,0.00000000,0.00000000
Hankyu Hanshin Holdings Inc,0.00003940,0.00018370,0.00000000,0.00000000
SG Holdings Co Ltd,0.00003930,0.00001150,0.00000000,0.00000000
Salmar ASA,0.00003920,0.00004240,0.00000000,0.00000000
Gunma Bank Ltd/The,0.00003920,0.00004060,0.00000000,0.00000000
Toyoda Gosei Co Ltd,0.00003910,0.00003670,0.00000000,0.00000000
Indian Oil Corp Ltd,0.00003910,0.00005200,0.00000000,0.00000000
Kinden Corp,0.00003910,0.00004680,0.00000000,0.00000000
China Taiping Insurance Holdings Co Ltd,0.00003900,0.00002290,0.00000000,0.00000000
Mitsubishi Gas Chemical Co Inc,0.00003900,0.00004550,0.00000000,0.00000000
Ecopro BM Co Ltd,0.00003900,0.00002850,0.00000000,0.00000000
SK Innovation Co Ltd,0.00003890,0.00007340,0.00000000,0.00000000
Persimmon PLC,0.00003890,0.00006010,0.00000000,0.00000000
Melisron Ltd,0.00003890,0.00001120,0.00000000,0.00000000
Astra International Tbk PT,0.00003880,0.00004980,0.00000000,0.00000000
Hirogin Holdings Inc,0.00003880,0.00006420,0.00000000,0.00000000
Sagax AB,0.00003870,0.00005690,0.00000000,0.00000000
Sofina SA,0.00003860,0.00001000,0.00000000,0.00000000
Sodexo SA,0.00003860,0.00005200,0.00010000,0.00000000
Dassault Aviation SA,0.00003850,0.00005370,0.00000000,0.00000000
Sumitomo Forestry Co Ltd,0.00003820,0.00004100,0.00000000,0.00000000
Air Water Inc,0.00003810,0.00004000,0.00000000,0.00000000
Rightmove PLC,0.00003810,0.00004240,0.00000000,0.00000000
Max Financial Services Ltd,0.00003810,0.00004790,0.00000000,0.00000000
Zensho Holdings Co Ltd,0.00003800,0.00004500,0.00000000,0.00000000
M3 Inc,0.00003800,0.00002800,0.00000000,0.00000000
China Minsheng Banking Corp Ltd,0.00003790,0.00004170,0.00000000,0.00000000
Mondi PLC,0.00003790,0.00005310,0.00000000,0.00000000
Italgas SpA,0.00003780,0.00005660,0.00000000,0.00000000
Islandsbanki HF,0.00003780,0.00000650,0.00000000,0.00000000
Vanguard International Semiconductor Corp,0.00003760,0.00006260,0.00000000,0.00090000
Genscript Biotech Corp,0.00003760,0.00005680,0.00000000,0.00000000
First International Bank Of Israel Ltd/The,0.00003750,0.00004590,0.00000000,0.00000000
MTR Corp Ltd,0.00003750,0.00000460,0.00000000,0.00000000
Telefonica Brasil SA,0.00003750,0.00003620,0.00000000,0.00000000
GEK TERNA SA,0.00003730,0.00003780,0.00000000,0.00000000
CJ CheilJedang Corp,0.00003730,0.00000170,0.00000000,0.00000000
Siam Cement PCL/The,0.00003730,0.00005030,0.00000000,0.00000000
Castellum AB,0.00003700,0.00003740,0.00000000,0.00000000
Li Ning Co Ltd,0.00003700,0.00003970,0.00000000,0.00000000
Japan Post Insurance Co Ltd,0.00003690,0.00004690,0.00010000,0.00000000
Schroders PLC,0.00003690,0.00004270,0.00000000,0.00000000
GigaDevice Semiconductor Inc,0.00003680,0.00002940,0.00000000,0.00030000
Hyundai Glovis Co Ltd,0.00003660,0.00006560,0.00000000,0.00000000
ALSOK Co Ltd,0.00003660,0.00000810,0.00000000,0.00000000
AMP Ltd,0.00003660,0.00002350,0.00000000,0.00000000
Southwest Airlines Co,0.00003660,0.00004240,0.00000000,0.00000000
Beijing Capital International Airport Co Ltd,0.00003650,0.00000000,0.00000000,0.00000000
Shanghai Pharmaceuticals Holding Co Ltd,0.00003640,0.00000670,0.00000000,0.00000000
Brother Industries Ltd,0.00003640,0.00006080,0.00000000,0.00000000
HUB24 Ltd,0.00003620,0.00002180,0.00000000,0.00000000
WiseTech Global Ltd,0.00003620,0.00005460,0.00000000,0.00000000
Hanwha Systems Co Ltd,0.00003610,0.00002470,0.00000000,0.00000000
Getinge AB,0.00003600,0.00005150,0.00000000,0.00000000
Biocon Ltd,0.00003600,0.00004240,0.00000000,0.00000000
AAK AB,0.00003590,0.00004430,0.00000000,0.00000000
Arab National Bank,0.00003570,0.00005080,0.00000000,0.00000000
Shandong Gold Mining Co Ltd,0.00003570,0.00002810,0.00000000,0.00000000
China Nonferrous Mining Corp Ltd,0.00003570,0.00001850,0.00000000,0.00000000
Berkeley Group Holdings PLC/The,0.00003570,0.00004620,0.00000000,0.00000000
RENK Group AG,0.00003560,0.00005050,0.00000000,0.00000000
MMG Ltd,0.00003550,0.00003260,0.00000000,0.00000000
Kandenko Co Ltd,0.00003540,0.00004190,0.00000000,0.00000000
Aspen Pharmacare Holdings Ltd,0.00003530,0.00004320,0.00000000,0.00000000
SRF Ltd,0.00003530,0.00004280,0.00000000,0.00000000
IGM Financial Inc,0.00003520,0.00003970,0.00030000,0.00000000
Far Eastern New Century Corp,0.00003500,0.00001560,0.00000000,0.00000000
Iyogin Holdings Inc,0.00003490,0.00005370,0.00000000,0.00000000
ADNOC Drilling Co PJSC,0.00003480,0.00002050,0.00000000,0.00000000
Koito Manufacturing Co Ltd,0.00003480,0.00001030,0.00000000,0.00000000
Camtek Ltd/Israel,0.00003470,0.00002320,0.00000000,0.00000000
Krafton Inc,0.00003470,0.00005780,0.00000000,0.00000000
Polycab India Ltd,0.00003460,0.00005240,0.00000000,0.00000000
Havells India Ltd,0.00003450,0.00004040,0.00000000,0.00000000
FAW Jiefang Group Co Ltd,0.00003430,0.00000000,0.00000000,0.00000000
Empresas Copec SA,0.00003410,0.00001450,0.00000000,0.00000000
BB Seguridade Participacoes SA,0.00003400,0.00004140,0.00000000,0.00000000
Luxshare Precision Industry Co Ltd,0.00003400,0.00002610,0.00000000,0.00000000
TMBThanachart Bank PCL,0.00003400,0.00004130,0.00000000,0.00000000
Win Semiconductors Corp,0.00003390,0.00004680,0.00000000,0.00070000
Steadfast Group Ltd,0.00003380,0.00002530,0.00000000,0.00000000
Energisa S/A,0.00003380,0.00000870,0.00000000,0.00000000
SK Telecom Co Ltd,0.00003380,0.00001190,0.00000000,0.00000000
Dentsu Group Inc,0.00003370,0.00002820,0.00000000,0.00000000
Engie Brasil Energia SA,0.00003370,0.00000160,0.00000000,0.00000000
Solar Industries India Ltd,0.00003360,0.00005180,0.00000000,0.00000000
LTM Ltd,0.00003360,0.00003930,0.00000000,0.00000000
Brunello Cucinelli SpA,0.00003360,0.00004350,0.00000000,0.00000000
Dino Polska SA,0.00003360,0.00004840,0.00000000,0.00000000
Lotus Bakeries NV,0.00003340,0.00004510,0.00000000,0.00000000
Nanjing Securities Co Ltd,0.00003330,0.00000000,0.00000000,0.00000000
Sona Blw Precision Forgings Ltd,0.00003330,0.00004310,0.00000000,0.00000000
eMemory Technology Inc,0.00003330,0.00003130,0.00000000,0.00070000
Aker ASA,0.00003320,0.00001720,0.00000000,0.00000000
China Railway Group Ltd,0.00003320,0.00001390,0.00000000,0.00000000
McDonald's Holdings Co Japan Ltd,0.00003320,0.00003850,0.00000000,0.00000000
Wipro Ltd,0.00003310,0.00004710,0.00000000,0.00000000
Samyang Foods Co Ltd,0.00003300,0.00005450,0.00000000,0.00000000
AAC Technologies Holdings Inc,0.00003300,0.00002520,0.00000000,0.00000000
Zheshang Securities Co Ltd,0.00003290,0.00000000,0.00000000,0.00000000
Adani Energy Solutions Ltd,0.00003290,0.00004410,0.00000000,0.00000000
Whitehaven Coal Ltd,0.00003280,0.00002900,0.00000000,0.00000000
Contact Energy Ltd,0.00003280,0.00003980,0.00000000,0.00000000
TELUS Corp,0.00003260,0.00005260,0.00000000,0.00000000
Migdal Insurance & Financial Holdings Ltd,0.00003250,0.00002200,0.00000000,0.00000000
POSCO Future M Co Ltd,0.00003250,0.00002810,0.00000000,0.00000000
Far Eastern International Bank,0.00003250,0.00000150,0.00000000,0.00000000
Nemetschek SE,0.00003250,0.00002800,0.00000000,0.00000000
Cheng Shin Rubber Industry Co Ltd,0.00003240,0.00001040,0.00000000,0.00000000
FIBI Holdings Ltd,0.00003230,0.00000620,0.00000000,0.00000000
Taiwan High Speed Rail Corp,0.00003230,0.00000650,0.00000000,0.00000000
Powertech Technology Inc,0.00003230,0.00005790,0.00000000,0.00070000
EDP Renewables SA,0.00003230,0.00003740,0.00000000,0.00000000
Industrial Bank Co Ltd,0.00003220,0.00002310,0.00000000,0.00000000
Financiere de Tubize SA,0.00003220,0.00004950,0.00000000,0.00000000
Phoenix Mills Ltd/The,0.00003210,0.00003950,0.00000000,0.00000000
Banque Cantonale Vaudoise,0.00003210,0.00004330,0.00000000,0.00000000
Dexus,0.00003200,0.00004320,0.00000000,0.00000000
Parque Arauco SA,0.00003190,0.00001420,0.00000000,0.00000000
Hangzhou Silan Microelectronics Co Ltd,0.00003190,0.00000000,0.00000000,0.00010000
NAURA Technology Group Co Ltd,0.00003190,0.00003170,0.00000000,0.00050000
Wharf Real Estate Investment Co Ltd,0.00003180,0.00004200,0.00000000,0.00000000
Hikari Tsushin Inc,0.00003170,0.00003860,0.00000000,0.00000000
GPS Participacoes e Empreendimentos SA,0.00003170,0.00000620,0.00000000,0.00000000
Electric Power Development Co Ltd,0.00003150,0.00003900,0.00000000,0.00000000
Plaza SA,0.00003150,0.00001610,0.00000000,0.00000000
Growthpoint Properties Ltd,0.00003140,0.00001220,0.00000000,0.00000000
Nikkon Holdings Co Ltd,0.00003140,0.00003680,0.00000000,0.00000000
Zegona Communications plc,0.00003140,0.00002250,0.00000000,0.00000000
Bechtle AG,0.00003140,0.00002110,0.00000000,0.00000000
3SBio Inc,0.00003140,0.00002510,0.00000000,0.00000000
Mabuchi Motor Co Ltd,0.00003140,0.00000670,0.00000000,0.00000000
Taiwan Mobile Co Ltd,0.00003130,0.00004810,0.00000000,0.00000000
Sands China Ltd,0.00003130,0.00001120,0.00000000,0.00000000
Kingboard Holdings Ltd,0.00003120,0.00002430,0.00000000,0.00000000
Kurita Water Industries Ltd,0.00003110,0.00005400,0.00000000,0.00000000
BDO Unibank Inc,0.00003110,0.00004990,0.00000000,0.00000000
Verbund AG,0.00003100,0.00004550,0.00000000,0.00000000
China Airlines Ltd,0.00003100,0.00002780,0.00000000,0.00000000
Bank of Cyprus Holdings PLC,0.00003090,0.00004550,0.00000000,0.00000000
Exxaro Resources Ltd,0.00003090,0.00001520,0.00000000,0.00000000
United Urban Investment Corp,0.00003090,0.00000770,0.00000000,0.00000000
WT Microelectronics Co Ltd,0.00003080,0.00003200,0.00000000,0.00000000
Silergy Corp,0.00003060,0.00004630,0.00000000,0.00050000
Bank of the Philippine Islands,0.00003060,0.00004120,0.00000000,0.00000000
Suzhou Dongshan Precision Manufacturing Co Ltd,0.00003050,0.00002240,0.00000000,0.00000000
Xi'An Shaangu Power Co Ltd,0.00003050,0.00000000,0.00000000,0.00000000
ICICI Lombard General Insurance Co Ltd,0.00003040,0.00004540,0.00000000,0.00000000
NARI Technology Co Ltd,0.00003040,0.00001040,0.00000000,0.00000000
Apar Industries Ltd,0.00003030,0.00001730,0.00000000,0.00000000
Amundi SA,0.00003020,0.00005110,0.00010000,0.00000000
Hengtong Optic-electric Co Ltd,0.00003020,0.00001220,0.00000000,0.00000000
FUCHS SE,0.00003020,0.00004860,0.00000000,0.00000000
International Games System Co Ltd,0.00003010,0.00006360,0.00000000,0.00000000
Shanghai Baosight Software Co Ltd,0.00003010,0.00000670,0.00000000,0.00000000
Sapporo Breweries Ltd,0.00003000,0.00004500,0.00000000,0.00000000
Korea Zinc Co Ltd,0.00003000,0.00002840,0.00000000,0.00000000
Rohto Pharmaceutical Co Ltd,0.00003000,0.00004370,0.00000000,0.00000000
Yokohama Rubber Co Ltd/The,0.00003000,0.00005670,0.00000000,0.00000000
Zoomlion Heavy Industry Science and Technology Co Ltd,0.00002990,0.00000600,0.00000000,0.00000000
Worley Ltd,0.00002990,0.00001780,0.00000000,0.00000000
OUTsurance Group Ltd,0.00002970,0.00004420,0.00000000,0.00000000
SATS Ltd,0.00002970,0.00003240,0.00000000,0.00000000
Elm Co,0.00002970,0.00002220,0.00000000,0.00000000
Trend Micro Inc/Japan,0.00002970,0.00002860,0.00000000,0.00000000
HYBE Co Ltd,0.00002960,0.00001780,0.00000000,0.00000000
ICL Group Ltd,0.00002960,0.00002410,0.00000000,0.00000000
CyberAgent Inc,0.00002960,0.00001940,0.00000000,0.00000000
Nomura Real Estate Master Fund Inc,0.00002960,0.00000980,0.00000000,0.00000000
Menora Mivtachim Holdings Ltd,0.00002950,0.00001990,0.00000000,0.00000000
Hyundai Motor India Ltd,0.00002950,0.00001450,0.00000000,0.00000000
TISI Inc,0.00002950,0.00004530,0.00000000,0.00000000
Nissin Foods Holdings Co Ltd,0.00002930,0.00004280,0.00000000,0.00000000
Capital Securities Corp,0.00002920,0.00001200,0.00000000,0.00000000
Qatar Gas Transport Co Ltd,0.00002920,0.00001480,0.00000000,0.00000000
China Coal Energy Co Ltd,0.00002910,0.00005710,0.00000000,0.00000000
CSG NV,0.00002910,0.00002360,0.00000000,0.00000000
LS Corp,0.00002910,0.00002290,0.00000000,0.00000000
ZOZO Inc,0.00002910,0.00001320,0.00000000,0.00000000
LG Uplus Corp,0.00002900,0.00001130,0.00000000,0.00000000
Tohoku Electric Power Co Inc,0.00002890,0.00004060,0.00000000,0.00000000
CGN Power Co Ltd,0.00002890,0.00004980,0.00000000,0.00000000
Square Enix Holdings Co Ltd,0.00002880,0.00004790,0.00000000,0.00000000
Jabal Omar Development Co,0.00002880,0.00001250,0.00000000,0.00000000
Ayala Corp,0.00002870,0.00001490,0.00000000,0.00000000
REC Ltd,0.00002860,0.00004440,0.00000000,0.00000000
Persol Holdings Co Ltd,0.00002850,0.00003530,0.00000000,0.00000000
Buzzi SpA,0.00002850,0.00004040,0.00000000,0.00000000
China Zheshang Bank Co Ltd,0.00002850,0.00000660,0.00000000,0.00000000
KDX Realty Investment Corp,0.00002840,0.00000850,0.00000000,0.00000000
AGL Energy Ltd,0.00002840,0.00002330,0.00000000,0.00000000
Toho Co Ltd/Tokyo,0.00002840,0.00005120,0.00000000,0.00000000
Muthoot Finance Ltd,0.00002830,0.00001680,0.00000000,0.00000000
UBTech Robotics Corp Ltd,0.00002830,0.00002100,0.00000000,0.00000000
BOC Aviation Ltd,0.00002820,0.00000150,0.00000000,0.00000000
Swire Pacific Ltd,0.00002820,0.00003520,0.00010000,0.00000000
Asahi Intecc Co Ltd,0.00002810,0.00004670,0.00000000,0.00000000
Gecina SA,0.00002810,0.00001800,0.00000000,0.00000000
InPost SA,0.00002800,0.00000990,0.00000000,0.00000000
Interpump Group SpA,0.00002790,0.00004130,0.00000000,0.00000000
Electrical Industries Co,0.00002790,0.00001130,0.00000000,0.00000000
Tencent Music Entertainment Group,0.00002780,0.00004740,0.00000000,0.00000000
Vodacom Group Ltd,0.00002780,0.00003810,0.00000000,0.00000000
Keisei Electric Railway Co Ltd,0.00002770,0.00001560,0.00000000,0.00000000
GDS Holdings Ltd,0.00002760,0.00002010,0.00000000,0.00000000
Walsin Lihwa Corp,0.00002750,0.00002380,0.00000000,0.00000000
Hitachi Energy India Ltd,0.00002750,0.00002700,0.00000000,0.00000000
Yuanjie Semiconductor Technology Co Ltd,0.00002750,0.00006950,0.00000000,0.00020000
Shenzhou International Group Holdings Ltd,0.00002740,0.00003950,0.00000000,0.00000000
KION Group AG,0.00002740,0.00002120,0.00000000,0.00000000
Vienna Insurance Group AG Wiener Versicherung Gruppe,0.00002740,0.00001280,0.00000000,0.00000000
Sinotruk Hong Kong Ltd,0.00002740,0.00002700,0.00000000,0.00000000
LEG Immobilien SE,0.00002720,0.00004590,0.00000000,0.00000000
Shenzhen Mindray Bio-Medical Electronics Co Ltd,0.00002720,0.00001120,0.00000000,0.00000000
Kuala Lumpur Kepong Bhd,0.00002720,0.00001410,0.00000000,0.00000000
Momentum Group Ltd,0.00002720,0.00001510,0.00000000,0.00000000
Toda Corp,0.00002710,0.00000580,0.00000000,0.00000000
SEEK Ltd,0.00002710,0.00001810,0.00000000,0.00000000
China Southern Airlines Co Ltd,0.00002710,0.00000620,0.00000000,0.00000000
Coway Co Ltd,0.00002690,0.00002020,0.00000000,0.00000000
OmniVision Integrated Circuits Group Inc,0.00002690,0.00000190,0.00000000,0.00010000
FSN E-Commerce Ventures Ltd,0.00002680,0.00004490,0.00000000,0.00000000
UPL Ltd,0.00002670,0.00004020,0.00000000,0.00000000
Mphasis Ltd,0.00002660,0.00004270,0.00000000,0.00000000
Embassy Office Parks REIT,0.00002650,0.00004190,0.00000000,0.00000000
CK Infrastructure Holdings Ltd,0.00002650,0.00002940,0.00000000,0.00000000
Moneta Money Bank AS,0.00002650,0.00000660,0.00000000,0.00000000
Shikoku Electric Power Co Inc,0.00002640,0.00002810,0.00000000,0.00000000
Macnica Holdings Inc,0.00002640,0.00001770,0.00000000,0.00000000
Nippon Prologis REIT Inc,0.00002640,0.00003570,0.00000000,0.00000000
Mobile Telecommunications Co KSCP,0.00002630,0.00004340,0.00000000,0.00000000
China Railway Signal & Communication Corp Ltd,0.00002630,0.00000170,0.00000000,0.00000000
Industrial Bank of Korea,0.00002630,0.00008100,0.00000000,0.00000000
Henderson Land Development Co Ltd,0.00002630,0.00000840,0.00000000,0.00000000
Bank of Baroda,0.00002620,0.00000840,0.00000000,0.00000000
Mapletree Industrial Trust,0.00002620,0.00000880,0.00000000,0.00000000
Yakult Honsha Co Ltd,0.00002620,0.00004050,0.00000000,0.00000000
Dowa Holdings Co Ltd,0.00002610,0.00003810,0.00000000,0.00000000
Mapfre SA,0.00002600,0.00004260,0.00000000,0.00000000
JUMBO SA,0.00002600,0.00003430,0.00000000,0.00000000
Santen Pharmaceutical Co Ltd,0.00002600,0.00002680,0.00000000,0.00000000
Makkah Construction & Development Co,0.00002590,0.00003360,0.00000000,0.00000000
Corp Inmobiliaria Vesta SAB de CV,0.00002580,0.00003540,0.00000000,0.00000000
Triangle Tyre Co Ltd,0.00002580,0.00000650,0.00000000,0.00000000
True Corp PCL,0.00002570,0.00004500,0.00000000,0.00000000
Far EasTone Telecommunications Co Ltd,0.00002570,0.00006300,0.00000000,0.00000000
Yuhan Corp,0.00002570,0.00007910,0.00000000,0.00000000
Mapletree Logistics Trust,0.00002560,0.00001260,0.00000000,0.00000000
Reinet Investments SCA,0.00002550,0.00004660,0.00000000,0.00000000
Union Bank of India Ltd,0.00002550,0.00001190,0.00000000,0.00000000
Hindustan Petroleum Corp Ltd,0.00002550,0.00002180,0.00000000,0.00000000
CSC Financial Co Ltd,0.00002550,0.00000750,0.00000000,0.00000000
East Money Information Co Ltd,0.00002540,0.00001450,0.00000000,0.00000000
Versigent PLC,0.00002540,0.00002220,0.00000000,0.00000000
Shanghai Lujiazui Finance & Trade Zone Development Co Ltd,0.00002530,0.00002570,0.00000000,0.00000000
Petronas Chemicals Group Bhd,0.00002530,0.00001800,0.00000000,0.00000000
ABB India Ltd,0.00002530,0.00004330,0.00000000,0.00000000
China Resources Beer Holdings Co Ltd,0.00002530,0.00005250,0.00000000,0.00000000
WuXi XDC Cayman Inc,0.00002520,0.00002320,0.00000000,0.00000000
Voltas Ltd,0.00002520,0.00004130,0.00000000,0.00000000
Sunway Bhd,0.00002520,0.00001470,0.00000000,0.00000000
IGO Ltd,0.00002520,0.00002570,0.00000000,0.00000000
Chailease Holding Co Ltd,0.00002500,0.00002810,0.00000000,0.00000000
Adani Green Energy Ltd,0.00002490,0.00001980,0.00000000,0.00000000
Far East Horizon Ltd,0.00002490,0.00003980,0.00000000,0.00000000
E Ink Holdings Inc,0.00002490,0.00002560,0.00000000,0.00000000
Synnex Technology International Corp,0.00002490,0.00001950,0.00000000,0.00000000
Shanghai Fosun Pharmaceutical Group Co Ltd,0.00002480,0.00000610,0.00000000,0.00000000
Rainbow Robotics,0.00002480,0.00001640,0.00000000,0.00000000
ComfortDelGro Corp Ltd,0.00002470,0.00001080,0.00000000,0.00000000
Colgate-Palmolive India Ltd,0.00002470,0.00004860,0.00000000,0.00000000
Lotes Co Ltd,0.00002470,0.00002600,0.00000000,0.00000000
Jilin Aodong Pharmaceutical Group Co Ltd,0.00002470,0.00000000,0.00000000,0.00000000
Kintetsu Group Holdings Co Ltd,0.00002470,0.00004660,0.00000000,0.00000000
Anhui Conch Cement Co Ltd,0.00002470,0.00001650,0.00000000,0.00000000
Fastighets AB Balder,0.00002460,0.00003810,0.00000000,0.00000000
Hiwin Technologies Corp,0.00002460,0.00001950,0.00000000,0.00000000
Kuraray Co Ltd,0.00002450,0.00005110,0.00000000,0.00000000
Nippon Electric Glass Co Ltd,0.00002450,0.00000920,0.00000000,0.00000000
Rabigh Refining & Petrochemical Co,0.00002450,0.00001050,0.00000000,0.00000000
Matrix IT Ltd,0.00002450,0.00000720,0.00000000,0.00000000
Arion Banki HF,0.00002440,0.00004040,0.00000000,0.00000000
Vodafone Idea Ltd,0.00002440,0.00002480,0.00000000,0.00000000
VZ Holding AG,0.00002440,0.00001490,0.00000000,0.00000000
Ultrapar Participacoes SA,0.00002440,0.00004730,0.00000000,0.00000000
Modon Holding PSC,0.00002440,0.00000150,0.00000000,0.00000000
mBank SA,0.00002430,0.00002450,0.00000000,0.00000000
Grupo Carso SAB de CV,0.00002430,0.00002470,0.00000000,0.00000000
Odakyu Electric Railway Co Ltd,0.00002420,0.00004930,0.00000000,0.00000000
Tiger Brands Ltd,0.00002420,0.00001200,0.00000000,0.00000000
Skylark Holdings Co Ltd,0.00002420,0.00004170,0.00000000,0.00000000
COSCO SHIPPING Energy Transportation Co Ltd,0.00002410,0.00002100,0.00000000,0.00000000
Foshan Haitian Flavouring & Food Co Ltd,0.00002410,0.00000760,0.00000000,0.00000000
Bright Dairy & Food Co Ltd,0.00002410,0.00000000,0.00000000,0.00000000
DIC Corp,0.00002410,0.00002880,0.00000000,0.00000000
Swiggy Ltd,0.00002400,0.00004860,0.00000000,0.00000000
Eternal Materials Co Ltd,0.00002400,0.00001370,0.00000000,0.00000000
Tokyo Tatemono Co Ltd,0.00002390,0.00004600,0.00000000,0.00000000
Kingdee International Software Group Co Ltd,0.00002390,0.00001950,0.00000000,0.00000000
Hongta Securities Co Ltd,0.00002390,0.00000000,0.00000000,0.00000000
Central China Securities Co Ltd,0.00002380,0.00000000,0.00000000,0.00000000
China Merchants Port Holdings Co Ltd,0.00002380,0.00001460,0.00000000,0.00000000
Sanwa Holdings Corp,0.00002380,0.00004160,0.00000000,0.00000000
J Front Retailing Co Ltd,0.00002370,0.00004220,0.00000000,0.00000000
Vipshop Holdings Ltd,0.00002370,0.00001380,0.00000000,0.00000000
Mediobanca Banca di Credito Finanziario SpA,0.00002370,0.00001300,0.00000000,0.00000000
GS Yuasa Corp,0.00002370,0.00003570,0.00000000,0.00000000
Mega Or Holdings Ltd,0.00002360,0.00002050,0.00000000,0.00000000
IOI Corp Bhd,0.00002360,0.00001380,0.00000000,0.00000000
Pou Chen Corp,0.00002360,0.00001110,0.00000000,0.00000000
China United Network Communications Ltd,0.00002360,0.00000260,0.00000000,0.00000000
THK Co Ltd,0.00002360,0.00002530,0.00000000,0.00000000
Bank of Maharashtra,0.00002350,0.00000160,0.00000000,0.00000000
Yantai Changyu Pioneer Wine Co Ltd,0.00002350,0.00000450,0.00000000,0.00000000
Sundaram Finance Ltd,0.00002350,0.00004340,0.00000000,0.00000000
Hotai Motor Co Ltd,0.00002340,0.00005380,0.00000000,0.00000000
Hanwha Solutions Corp,0.00002330,0.00001990,0.00000000,0.00000000
WPG Holdings Ltd,0.00002310,0.00005630,0.00000000,0.00000000
Ansell Ltd,0.00002310,0.00004630,0.00000000,0.00000000
Lodha Developers Ltd,0.00002310,0.00001840,0.00000000,0.00000000
BKW AG,0.00002310,0.00001370,0.00000000,0.00000000
Cia De Saneamento do Parana Sanepar,0.00002300,0.00000150,0.00000000,0.00000000
Optima bank SA,0.00002300,0.00001150,0.00000000,0.00000000
Toyo Tire Corp,0.00002300,0.00001440,0.00000000,0.00000000
Quebecor Inc,0.00002290,0.00001070,0.00000000,0.00000000
CapitaLand Ascott Trust,0.00002290,0.00000610,0.00000000,0.00000000
L E Lundbergforetagen AB,0.00002290,0.00000260,0.00000000,0.00000000
Ubiquiti Inc,0.00002280,0.00001620,0.00000000,0.00000000
Walsin Technology Corp,0.00002270,0.00001630,0.00000000,0.00000000
Shennan Circuits Co Ltd,0.00002270,0.00001670,0.00000000,0.00000000
New Issuer: BB Company ID:376108,0.00002270,0.00001300,0.00000000,0.00000000
Enel Chile SA,0.00002270,0.00000610,0.00000000,0.00000000
Amman Mineral Internasional PT,0.00002270,0.00001160,0.00000000,0.00000000
Bajaj Holdings & Investment Ltd,0.00002270,0.00003500,0.00000000,0.00000000
Swire Properties Ltd,0.00002270,0.00000220,0.00000000,0.00000000
Old Mutual Ltd,0.00002270,0.00001290,0.00000000,0.00000000
VTech Holdings Ltd,0.00002260,0.00000150,0.00000000,0.00000000
Kingsoft Corp Ltd,0.00002260,0.00001810,0.00000000,0.00000000
Societatea De Producere A Energiei Electrice in Hidrocentrale Hidroelectrica SA,0.00002250,0.00000820,0.00000000,0.00000000
Wharf Holdings Ltd/The,0.00002240,0.00000560,0.00000000,0.00000000
China Three Gorges Renewables Group Co Ltd,0.00002230,0.00000240,0.00000000,0.00000000
TCL Technology Group Corp,0.00002220,0.00000180,0.00000000,0.00000000
Wan Hai Lines Ltd,0.00002220,0.00004690,0.00000000,0.00000000
Mr Price Group Ltd,0.00002220,0.00003550,0.00000000,0.00000000
Taiwan Fertilizer Co Ltd,0.00002220,0.00000150,0.00000000,0.00000000
MISC Bhd,0.00002210,0.00004100,0.00000000,0.00000000
China Gas Holdings Ltd,0.00002210,0.00001300,0.00000000,0.00000000
Wuliangye Yibin Co Ltd,0.00002210,0.00001450,0.00000000,0.00000000
Hindustan Copper Ltd,0.00002210,0.00001020,0.00000000,0.00000000
El Al Israel Airlines Ltd,0.00002210,0.00001090,0.00000000,0.00000000
Banco Santander Brasil SA,0.00002200,0.00000680,0.00000000,0.00000000
Sumitomo Heavy Industries Ltd,0.00002190,0.00002200,0.00000000,0.00000000
L&T Finance Ltd,0.00002190,0.00000700,0.00000000,0.00000000
WUS Printed Circuit Kunshan Co Ltd,0.00002190,0.00001420,0.00000000,0.00000000
Mankind Pharma Ltd,0.00002190,0.00003710,0.00000000,0.00000000
Unigroup Guoxin Microelectronics Co Ltd,0.00002180,0.00000140,0.00000000,0.00010000
Meitav Investment House Ltd,0.00002180,0.00000650,0.00000000,0.00000000
Yanbu National Petrochemical Co,0.00002180,0.00001200,0.00000000,0.00000000
Motor Oil Hellas Corinth Refineries SA,0.00002170,0.00002260,0.00000000,0.00000000
Kakaku.com Inc,0.00002170,0.00001400,0.00000000,0.00000000
Mitsui E&S Co Ltd,0.00002170,0.00001260,0.00000000,0.00000000
Incitec Pivot Ltd,0.00002170,0.00004020,0.00000000,0.00000000
Tokyo Metro Co Ltd,0.00002170,0.00000140,0.00000000,0.00000000
Kewpie Corp,0.00002160,0.00006360,0.00000000,0.00000000
Bollore SE,0.00002160,0.00001590,0.00000000,0.00000000
a2 Milk Co Ltd/The,0.00002160,0.00001750,0.00000000,0.00000000
Kunlun Energy Co Ltd,0.00002160,0.00004500,0.00000000,0.00000000
Iskenderun Demir ve Celik AS,0.00002160,0.00000000,0.00000000,0.00000000
Allwyn AG,0.00002160,0.00000920,0.00000000,0.00000000
Tokyo Century Corp,0.00002150,0.00000260,0.00000000,0.00000000
Keppel DC REIT,0.00002150,0.00001290,0.00000000,0.00000000
Dexerials Corp,0.00002140,0.00001760,0.00000000,0.00000000
Sweco AB,0.00002140,0.00001110,0.00000000,0.00000000
China Everbright Environment Group Ltd,0.00002140,0.00004110,0.00000000,0.00000000
Airtel Africa PLC,0.00002140,0.00001580,0.00010000,0.00000000
Yamato Kogyo Co Ltd,0.00002140,0.00003570,0.00000000,0.00000000
Coca-Cola Bottlers Japan Holdings Inc,0.00002130,0.00001120,0.00000000,0.00000000
Fortune Electric Co Ltd,0.00002130,0.00001990,0.00000000,0.00000000
Livzon Pharmaceutical Group Inc,0.00002120,0.00000180,0.00000000,0.00000000
Saudi Energy Co,0.00002120,0.00003400,0.00000000,0.00000000
Glenmark Pharmaceuticals Ltd,0.00002120,0.00004250,0.00000000,0.00000000
Zhejiang Leapmotor Technology Co Ltd,0.00002120,0.00001680,0.00000000,0.00000000
Amorepacific Corp,0.00002120,0.00001700,0.00000000,0.00000000
Interconexion Electrica SA ESP,0.00002110,0.00004230,0.00000000,0.00000000
Promotora y Operadora de Infraestructura SAB de CV,0.00002110,0.00001280,0.00000000,0.00000000
Shikun & Binui Ltd,0.00002110,0.00001150,0.00000000,0.00000000
Rakuten Bank Ltd,0.00002110,0.00002450,0.00000000,0.00000000
Tube Investments of India Ltd,0.00002110,0.00003930,0.00000000,0.00000000
Taiwan Secom Co Ltd,0.00002110,0.00000160,0.00000000,0.00000000
CVC Capital Partners PLC,0.00002110,0.00001520,0.00000000,0.00000000
Korean Air Lines Co Ltd,0.00002100,0.00007420,0.00000000,0.00000000
Suzhou TFC Optical Communication Co Ltd,0.00002100,0.00001790,0.00000000,0.00000000
Avary Holding Shenzhen Co Ltd,0.00002090,0.00001270,0.00000000,0.00000000
ICICI Prudential Life Insurance Co Ltd,0.00002090,0.00000720,0.00000000,0.00000000
Sumitomo Bakelite Co Ltd,0.00002090,0.00001430,0.00000000,0.00000000
China Tourism Group Duty Free Corp Ltd,0.00002080,0.00001060,0.00000000,0.00000000
Kimberly-Clark de Mexico SAB de CV,0.00002080,0.00003750,0.00000000,0.00000000
Dar Al Arkan Real Estate Development Co,0.00002070,0.00003760,0.00000000,0.00000000
Tsuruha Holdings Inc,0.00002070,0.00001540,0.00000000,0.00000000
HLB Co Ltd,0.00002070,0.00001980,0.00000000,0.00000000
Hoshizaki Corp,0.00002070,0.00003800,0.00000000,0.00000000
GCL Technology Holdings Ltd,0.00002070,0.00001590,0.00000000,0.00020000
Hirose Electric Co Ltd,0.00002070,0.00002470,0.00000000,0.00000000
Inner Mongolia Yili Industrial Group Co Ltd,0.00002070,0.00000780,0.00000000,0.00000000
Takashimaya Co Ltd,0.00002070,0.00003570,0.00000000,0.00000000
Advanced Micro-Fabrication Equipment Inc China,0.00002060,0.00003280,0.00000000,0.00000000
Catcher Technology Co Ltd,0.00002060,0.00002240,0.00000000,0.00000000
360 ONE WAM Ltd,0.00002060,0.00004200,0.00000000,0.00000000
Shufersal Ltd,0.00002060,0.00003260,0.00000000,0.00000000
Emaar Development PJSC,0.00002050,0.00001090,0.00000000,0.00000000
HAL Trust,0.00002050,0.00000660,0.00000000,0.00000000
Shanghai Pudong Development Bank Co Ltd,0.00002030,0.00001970,0.00000000,0.00000000
Air Arabia PJSC,0.00002030,0.00001420,0.00000000,0.00000000
Qatar International Islamic Bank QSC,0.00002030,0.00000190,0.00000000,0.00000000
Societatea Nationala Nuclearelectrica SA,0.00002030,0.00000000,0.00000000,0.00000000
Huaneng Power International Inc,0.00002030,0.00003820,0.00000000,0.00000000
YTL Power International Bhd,0.00002020,0.00004610,0.00000000,0.00000000
Bumrungrad Hospital PCL,0.00002020,0.00003690,0.00000000,0.00000000
Hengan International Group Co Ltd,0.00002020,0.00000810,0.00000000,0.00000000
China National Nuclear Power Co Ltd,0.00002010,0.00005480,0.00000000,0.00000000
Manila Electric Co,0.00002010,0.00000580,0.00000000,0.00000000
Tokyo Seimitsu Co Ltd,0.00002010,0.00005080,0.00000000,0.00050000
Treasury Wine Estates Ltd,0.00002000,0.00001560,0.00000000,0.00000000
Investment AB Latour,0.00002000,0.00000190,0.00000000,0.00000000
Haci Omer Sabanci Holding AS,0.00002000,0.00004520,0.00000000,0.00000000
Seibu Holdings Inc,0.00002000,0.00001640,0.00000000,0.00000000
Demant A/S,0.00002000,0.00002120,0.00000000,0.00000000
KEI Industries Ltd,0.00001990,0.00004560,0.00000000,0.00000000
Seatrium Ltd,0.00001980,0.00004320,0.00000000,0.00000000
Fraport AG Frankfurt Airport Services Worldwide,0.00001980,0.00001580,0.00000000,0.00000000
GMR Airports Infrastructure Ltd,0.00001980,0.00000810,0.00000000,0.00000000
China Tungsten And Hightech Materials Co Ltd,0.00001980,0.00001040,0.00000000,0.00000000
Reply SpA,0.00001980,0.00001860,0.00000000,0.00000000
China Resources Double Crane Pharmaceutical Co Ltd,0.00001960,0.00000000,0.00000000,0.00000000
LG CNS Co Ltd,0.00001950,0.00001710,0.00000000,0.00000000
Bank Negara Indonesia Persero Tbk PT,0.00001950,0.00004110,0.00000000,0.00000000
Cencosud SA,0.00001950,0.00001460,0.00000000,0.00000000
Fletcher Building Ltd,0.00001950,0.00001140,0.00000000,0.00000000
Taiyo Holdings Co Ltd,0.00001940,0.00000900,0.00000000,0.00000000
Aozora Bank Ltd,0.00001940,0.00000320,0.00000000,0.00000000
Cosan SA,0.00001930,0.00001160,0.00000000,0.00000000
Sinolink Securities Co Ltd,0.00001930,0.00000000,0.00000000,0.00000000
Chugin Financial Group Inc,0.00001930,0.00003410,0.00000000,0.00000000
Montage Technology Co Ltd,0.00001920,0.00001870,0.00000000,0.00020000
Yamaguchi Financial Group Inc,0.00001920,0.00003400,0.00000000,0.00000000
Modec Inc,0.00001920,0.00001850,0.00000000,0.00000000
Caliway Biopharmaceuticals Co Ltd,0.00001920,0.00002060,0.00000000,0.00000000
Downer EDI Ltd,0.00001920,0.00001430,0.00000000,0.00000000
Tomy Co Ltd,0.00001910,0.00002500,0.00000000,0.00000000
Canon Marketing Japan Inc,0.00001910,0.00000360,0.00000000,0.00000000
Teco Electric and Machinery Co Ltd,0.00001910,0.00001620,0.00000000,0.00000000
Shengyi Technology Co Ltd,0.00001910,0.00002430,0.00000000,0.00000000
Takasago Thermal Engineering Co Ltd,0.00001910,0.00001240,0.00000000,0.00000000
Credit Saison Co Ltd,0.00001910,0.00006230,0.00000000,0.00000000
Kongsberg Maritime AS,0.00001900,0.00001210,0.00000000,0.00000000
Toyo Seikan Group Holdings Ltd,0.00001900,0.00001720,0.00000000,0.00000000
Hera SpA,0.00001900,0.00002170,0.00000000,0.00000000
HDB Financial Services Ltd,0.00001900,0.00000150,0.00000000,0.00000000
Huaxi Securities Co Ltd,0.00001890,0.00000000,0.00000000,0.00000000
Japan Steel Works Ltd/The,0.00001890,0.00002110,0.00000000,0.00000000
Yamaha Corp,0.00001890,0.00005370,0.00000000,0.00000000
Kyowa Kirin Co Ltd,0.00001880,0.00004010,0.00000000,0.00000000
APL Apollo Tubes Ltd,0.00001880,0.00004470,0.00000000,0.00000000
Klabin SA,0.00001880,0.00001580,0.00000000,0.00000000
Covivio SA/France,0.00001870,0.00001540,0.00000000,0.00000000
TIM SA/Brazil,0.00001870,0.00001430,0.00000000,0.00000000
Salik Co PJSC,0.00001870,0.00000800,0.00000000,0.00000000
National Aluminium Co Ltd,0.00001860,0.00002040,0.00000000,0.00000000
Hankook Tire & Technology Co Ltd,0.00001860,0.00001940,0.00000000,0.00000000
Indian Overseas Bank,0.00001850,0.00000000,0.00000000,0.00000000
MBRF Global Foods Co SA,0.00001850,0.00001640,0.00000000,0.00000000
Shanghai Biren Technology Co Ltd,0.00001850,0.00000540,0.00000000,0.00000000
Wanhua Chemical Group Co Ltd,0.00001840,0.00001380,0.00000000,0.00000000
Cia de Saneamento de Minas Gerais Copasa MG,0.00001840,0.00001120,0.00000000,0.00000000
Prestige Estates Projects Ltd,0.00001830,0.00001160,0.00000000,0.00000000
Industrial & Infrastructure Fund Investment Corp,0.00001830,0.00000130,0.00000000,0.00000000
Liaoning Port Co Ltd,0.00001830,0.00000000,0.00000000,0.00000000
Nichias Corp,0.00001820,0.00001330,0.00000000,0.00000000
PTT Global Chemical PCL,0.00001820,0.00001700,0.00000000,0.00000000
Chow Tai Fook Jewellery Group Ltd,0.00001820,0.00001480,0.00000000,0.00000000
China Resources Mixc Lifestyle Services Ltd,0.00001820,0.00001500,0.00000000,0.00000000
Baoshan Iron & Steel Co Ltd,0.00001810,0.00000650,0.00000000,0.00000000
Pirelli & C SpA,0.00001810,0.00002000,0.00000000,0.00000000
La Francaise des Jeux SAEM,0.00001800,0.00001600,0.00000000,0.00000000
Reece Ltd,0.00001800,0.00001610,0.00000000,0.00000000
Remegen Co Ltd,0.00001800,0.00001530,0.00000000,0.00000000
Oracle Financial Services Software Ltd,0.00001790,0.00001560,0.00000000,0.00000000
Ecopetrol SA,0.00001790,0.00001780,0.00000000,0.00000000
NH Foods Ltd,0.00001780,0.00001800,0.00000000,0.00000000
ABLBio Inc,0.00001770,0.00001540,0.00000000,0.00000000
Suntory Beverage & Food Ltd,0.00001770,0.00001290,0.00000000,0.00000000
Mercari Inc,0.00001770,0.00001770,0.00000000,0.00000000
Billionbrains Garage Ventures Ltd,0.00001770,0.00001110,0.00000000,0.00000000
Orix JREIT Inc,0.00001770,0.00000740,0.00000000,0.00000000
JD Sports Fashion PLC,0.00001770,0.00001460,0.00000000,0.00000000
Verisure Group Topholding AB,0.00001760,0.00001750,0.00000000,0.00000000
Nikon Corp,0.00001760,0.00001660,0.00000000,0.00000000
Holmen AB,0.00001760,0.00000240,0.00000000,0.00000000
PRADA SpA,0.00001760,0.00001630,0.00000000,0.00000000
GoTo Gojek Tokopedia Tbk PT,0.00001750,0.00000000,0.00000000,0.00000000
GS Holdings Corp,0.00001750,0.00002250,0.00000000,0.00000000
MRF Ltd,0.00001750,0.00003420,0.00000000,0.00000000
Minor International PCL,0.00001750,0.00001380,0.00000000,0.00000000
Strabag SE,0.00001750,0.00001320,0.00000000,0.00000000
Strauss Group Ltd,0.00001740,0.00001050,0.00000000,0.00000000
Warba Bank KSCP,0.00001740,0.00000640,0.00000000,0.00000000
WAAREE Energies Ltd,0.00001740,0.00001320,0.00000000,0.00020000
GMO Payment Gateway Inc,0.00001740,0.00001800,0.00000000,0.00000000
SHO-BOND Holdings Co Ltd,0.00001730,0.00000120,0.00000000,0.00000000
MonotaRO Co Ltd,0.00001730,0.00001470,0.00000000,0.00000000
Mercury NZ Ltd,0.00001730,0.00000660,0.00000000,0.00000000
NC Corp,0.00001730,0.00001200,0.00000000,0.00000000
CELCOMDIGI BHD,0.00001710,0.00001380,0.00000000,0.00000000
Guming Holdings Ltd,0.00001710,0.00000970,0.00000000,0.00000000
Telekom Malaysia Bhd,0.00001710,0.00000610,0.00000000,0.00000000
HD Hyundai Marine Solution Co Ltd,0.00001700,0.00001430,0.00000000,0.00000000
Zai Lab Ltd,0.00001700,0.00001660,0.00000000,0.00000000
Schaeffler AG,0.00001700,0.00001090,0.00000000,0.00000000
Bank of Queensland Ltd,0.00001690,0.00001350,0.00000000,0.00000000
Laopu Gold Co Ltd,0.00001690,0.00001750,0.00000000,0.00000000
Steel Authority of India Ltd,0.00001690,0.00001520,0.00000000,0.00000000
Alibaba Health Information Technology Ltd,0.00001690,0.00001180,0.00000000,0.00000000
Harvey Norman Holdings Ltd,0.00001680,0.00000570,0.00000000,0.00000000
INFRONEER Holdings Inc,0.00001680,0.00001630,0.00000000,0.00000000
JSW Energy Ltd,0.00001680,0.00001270,0.00000000,0.00000000
Dongfang Electric Corp Ltd,0.00001670,0.00001100,0.00000000,0.00000000
President Chain Store Corp,0.00001670,0.00002340,0.00000000,0.00000000
Bank of Jiangsu Co Ltd,0.00001670,0.00000990,0.00000000,0.00000000
L&F Co Ltd,0.00001670,0.00002040,0.00000000,0.00000000
Godrej Properties Ltd,0.00001670,0.00001260,0.00000000,0.00000000
Open House Group Co Ltd,0.00001670,0.00003790,0.00000000,0.00000000
Lloyds Metals & Energy Ltd,0.00001660,0.00001090,0.00000000,0.00000000
Sany Heavy Industry Co Ltd,0.00001660,0.00001800,0.00000000,0.00000000
YTL Corp Bhd,0.00001660,0.00001600,0.00000000,0.00000000
Taiheiyo Cement Corp,0.00001660,0.00003230,0.00000000,0.00000000
CIG Shanghai Co Ltd,0.00001660,0.00000920,0.00000000,0.00000000
Shenzhen Zhongjin Lingnan Nonfemet Co Ltd,0.00001650,0.00000000,0.00000000,0.00000000
Grupo Aeroportuario del Centro Norte SAB de CV,0.00001650,0.00003780,0.00000000,0.00000000
InnoScience Suzhou Technology Holding Co Ltd,0.00001650,0.00001220,0.00000000,0.00000000
NOF Corp,0.00001650,0.00003880,0.00000000,0.00000000
Katilimevim Tasarruf Finansman AS,0.00001650,0.00003130,0.00000000,0.00000000
Yapi ve Kredi Bankasi AS,0.00001640,0.00001420,0.00000000,0.00000000
Inner Mongolia Yitai Coal Co Ltd,0.00001640,0.00004770,0.00000000,0.00000000
New Issuer: BB Company ID:183206,0.00001640,0.00000730,0.00000000,0.00000000
City Developments Ltd,0.00001640,0.00003490,0.00000000,0.00000000
Sendas Distribuidora S/A,0.00001640,0.00001540,0.00000000,0.00000000
Jonjee Hi-Tech Industrial And Commercial Holding Co Ltd,0.00001640,0.00002030,0.00000000,0.00000000
Charoen Pokphand Foods PCL,0.00001640,0.00001470,0.00000000,0.00000000
Megacable Holdings SAB de CV,0.00001640,0.00001640,0.00000000,0.00000000
ADNOC Logistics & Services,0.00001640,0.00001140,0.00000000,0.00000000
Gentera SAB de CV,0.00001630,0.00001310,0.00000000,0.00000000
China Everbright Bank Co Ltd,0.00001630,0.00003580,0.00000000,0.00000000
United Nova Technology Co Ltd,0.00001630,0.00000150,0.00000000,0.00010000
Sankyo Co Ltd,0.00001630,0.00000570,0.00000000,0.00000000
Atlas Arteria Ltd,0.00001630,0.00000150,0.00000000,0.00000000
Jindal Stainless Ltd,0.00001630,0.00001250,0.00000000,0.00000000
China Jushi Co Ltd,0.00001620,0.00001190,0.00000000,0.00000000
Guangdong Investment Ltd,0.00001620,0.00004810,0.00000000,0.00000000
Yamato Holdings Co Ltd,0.00001620,0.00001120,0.00000000,0.00000000
Shenzhen Techwinsemi Technology Co Ltd,0.00001610,0.00000990,0.00000000,0.00010000
First Pacific Co Ltd,0.00001610,0.00000150,0.00000000,0.00000000
Japan Prime Realty Investment Corp,0.00001610,0.00000180,0.00000000,0.00000000
Aumovio SE,0.00001610,0.00001320,0.00000000,0.00000000
Ping An Bank Co Ltd,0.00001600,0.00004220,0.00000000,0.00000000
Socionext Inc,0.00001590,0.00001140,0.00000000,0.00030000
Telix Pharmaceuticals Ltd,0.00001590,0.00001840,0.00000000,0.00000000
Torrent Power Ltd,0.00001590,0.00001180,0.00000000,0.00000000
Legend Holdings Corp,0.00001580,0.00000620,0.00000000,0.00000000
Page Industries Ltd,0.00001580,0.00001090,0.00000000,0.00000000
Mainfreight Ltd,0.00001580,0.00003450,0.00000000,0.00000000
Tingyi Cayman Islands Holding Corp,0.00001580,0.00001740,0.00000000,0.00000000
Sega Sammy Holdings Inc,0.00001580,0.00001480,0.00000000,0.00000000
Chaozhou Three-Circle Group Co Ltd,0.00001580,0.00001300,0.00000000,0.00000000
Tobu Railway Co Ltd,0.00001580,0.00004300,0.00000000,0.00000000
Eregli Demir ve Celik Fabrikalari TAS,0.00001580,0.00001590,0.00000000,0.00000000
BYD Electronic International Co Ltd,0.00001570,0.00001290,0.00000000,0.00000000
Kyushu Financial Group Inc,0.00001570,0.00003630,0.00000000,0.00000000
DRDGOLD Ltd,0.00001570,0.00000560,0.00000000,0.00000000
Bangkok Bank PCL,0.00001560,0.00001670,0.00000000,0.00000000
Spark New Zealand Ltd,0.00001560,0.00000840,0.00000000,0.00000000
Nexi SpA,0.00001560,0.00000790,0.00000000,0.00000000
Maruwa Co Ltd/Aichi,0.00001560,0.00005070,0.00000000,0.00000000
Bachem Holding AG,0.00001560,0.00001540,0.00000000,0.00000000
Stanley Electric Co Ltd,0.00001550,0.00000350,0.00000000,0.00000000
Tera Yatirim Teknoloji Holding AS,0.00001550,0.00000180,0.00000000,0.00000000
Shree Cement Ltd,0.00001550,0.00000670,0.00000000,0.00000000
Piramal Finance Ltd,0.00001550,0.00001340,0.00000000,0.00000000
Sino-American Silicon Products Inc,0.00001550,0.00001960,0.00000000,0.00040000
Nippon Life India Asset Management Ltd,0.00001550,0.00001040,0.00000000,0.00000000
NHK Spring Co Ltd,0.00001550,0.00001640,0.00000000,0.00000000
Sigma Foods SAB de CV,0.00001550,0.00001590,0.00000000,0.00000000
Rorze Corp,0.00001530,0.00001160,0.00000000,0.00030000
Minth Group Ltd,0.00001530,0.00001520,0.00000000,0.00000000
Lens Technology Co Ltd,0.00001530,0.00001640,0.00000000,0.00000000
Siemens Energy India Ltd,0.00001530,0.00001690,0.00000000,0.00000000
Smoore International Holdings Ltd,0.00001530,0.00001440,0.00000000,0.00000000
Ipca Laboratories Ltd,0.00001530,0.00001630,0.00000000,0.00000000
Parkin Co PJSC,0.00001520,0.00000150,0.00000000,0.00000000
PPB Group Bhd,0.00001520,0.00000600,0.00000000,0.00000000
IJM Corp Bhd,0.00001520,0.00003870,0.00000000,0.00000000
JK Cement Ltd,0.00001520,0.00001080,0.00000000,0.00000000
Hanjin Kal Corp,0.00001510,0.00001320,0.00000000,0.00000000
Astor Transformator Enerji Turizm Insaat Ve Petrol Sanayi Ticaret AS,0.00001510,0.00001750,0.00000000,0.00000000
Taiwan Glass Industry Corp,0.00001500,0.00001330,0.00000000,0.00000000
Magyar Telekom Telecommunications PLC,0.00001500,0.00001050,0.00000000,0.00000000
Meitu Inc,0.00001500,0.00001190,0.00000000,0.00000000
Daiwa House REIT Investment Corp,0.00001500,0.00000780,0.00000000,0.00000000
Voltronic Power Technology Corp,0.00001490,0.00001360,0.00000000,0.00000000
Traton SE,0.00001490,0.00001250,0.00000000,0.00000000
New Issuer: BB Company ID:71327236,0.00001490,0.00001120,0.00000000,0.00000000
Thai Beverage PCL,0.00001490,0.00001620,0.00000000,0.00000000
Ajanta Pharma Ltd,0.00001480,0.00000610,0.00000000,0.00000000
China Energy Engineering Corp Ltd,0.00001480,0.00000630,0.00000000,0.00000000
Lojas Renner SA,0.00001480,0.00001090,0.00000000,0.00000000
Sugi Holdings Co Ltd,0.00001480,0.00000760,0.00000000,0.00000000
Hagar hf,0.00001480,0.00000610,0.00000000,0.00000000
Yamazaki Baking Co Ltd,0.00001480,0.00001410,0.00000000,0.00000000
Tatung Co Ltd,0.00001480,0.00000560,0.00000000,0.00000000
Ningxia Baofeng Energy Group Co Ltd,0.00001480,0.00001230,0.00000000,0.00000000
Victory Giant Technology Huizhou Co Ltd,0.00001480,0.00001100,0.00000000,0.00000000
Zydus Lifesciences Ltd,0.00001480,0.00003780,0.00000000,0.00000000
Sunway Healthcare Holdings bhd,0.00001470,0.00000600,0.00000000,0.00000000
Kansai Paint Co Ltd,0.00001470,0.00004120,0.00000000,0.00000000
Rongsheng Petrochemical Co Ltd,0.00001470,0.00000770,0.00000000,0.00000000
Shaanxi Coal Industry Co Ltd,0.00001460,0.00001630,0.00000000,0.00000000
Central Retail Corp PCL,0.00001460,0.00001280,0.00000000,0.00000000
Axfood AB,0.00001450,0.00001240,0.00000000,0.00000000
Cholamandalam Financial Holdings Ltd,0.00001450,0.00000640,0.00000000,0.00000000
Organo Corp,0.00001450,0.00001240,0.00000000,0.00000000
Kenon Holdings Ltd/Singapore,0.00001450,0.00000160,0.00000000,0.00000000
Enka Insaat ve Sanayi AS,0.00001440,0.00000710,0.00000000,0.00000000
Arabian Centres Co,0.00001440,0.00000000,0.00000000,0.00000000
Sungrow Power Supply Co Ltd,0.00001440,0.00001240,0.00000000,0.00000000
DWS Group GmbH & Co KGaA,0.00001440,0.00000750,0.00000000,0.00000000
Zhongjin Gold Corp Ltd,0.00001440,0.00000520,0.00000000,0.00000000
Nichirei Corp,0.00001440,0.00001230,0.00000000,0.00000000
Embotelladora Andina SA,0.00001440,0.00000760,0.00000000,0.00000000
Konica Minolta Inc,0.00001430,0.00001210,0.00000000,0.00000000
KakaoBank Corp,0.00001430,0.00001480,0.00000000,0.00000000
Lion Corp,0.00001430,0.00002900,0.00000000,0.00000000
Mahindra & Mahindra Financial Services Ltd,0.00001430,0.00001220,0.00000000,0.00000000
Toho Gas Co Ltd,0.00001420,0.00000830,0.00000000,0.00000000
OBIC Business Consultants Co Ltd,0.00001420,0.00000840,0.00000000,0.00000000
Shanghai Fudan Microelectronics Group Co Ltd,0.00001410,0.00000700,0.00000000,0.00000000
Yamada Holdings Co Ltd,0.00001410,0.00000750,0.00000000,0.00000000
Yang Ming Marine Transport Corp,0.00001400,0.00001950,0.00000000,0.00000000
Alupar Investimento SA,0.00001400,0.00000000,0.00000000,0.00000000
Kalyan Jewellers India Ltd,0.00001400,0.00001550,0.00000000,0.00000000
Autohellas Tourist and Trading SA,0.00001390,0.00000000,0.00000000,0.00000000
Hindustan Zinc Ltd,0.00001390,0.00001240,0.00000000,0.00000000
Kadokawa Corp,0.00001390,0.00001060,0.00000000,0.00000000
Marui Group Co Ltd,0.00001380,0.00004170,0.00000000,0.00000000
Nisshin Seifun Group Inc,0.00001380,0.00000590,0.00000000,0.00000000
Kraftia Corp,0.00001370,0.00000780,0.00000000,0.00000000
Barito Pacific Tbk PT,0.00001370,0.00001050,0.00000000,0.00000000
SBI Cards & Payment Services Ltd,0.00001370,0.00000180,0.00000000,0.00000000
Alkem Laboratories Ltd,0.00001370,0.00001120,0.00000000,0.00000000
Blue Star Ltd,0.00001370,0.00000630,0.00000000,0.00000000
PI Industries Ltd,0.00001360,0.00000880,0.00000000,0.00000000
Bosideng International Holdings Ltd,0.00001360,0.00001370,0.00000000,0.00000000
Co for Cooperative Insurance/The,0.00001360,0.00001280,0.00000000,0.00000000
Nabtesco Corp,0.00001350,0.00003960,0.00000000,0.00000000
Seino Holdings Co Ltd,0.00001350,0.00000260,0.00000000,0.00000000
Allos SA,0.00001350,0.00000220,0.00000000,0.00000000
Coromandel International Ltd,0.00001350,0.00001180,0.00000000,0.00000000
China Oilfield Services Ltd,0.00001350,0.00001040,0.00000000,0.00000000
Rockchip Electronics Co Ltd,0.00001340,0.00000440,0.00000000,0.00010000
Hypera SA,0.00001340,0.00002720,0.00000000,0.00000000
HUTCHMED China Ltd,0.00001340,0.00000900,0.00000000,0.00000000
ROCKWOOL A/S,0.00001340,0.00000820,0.00000000,0.00000000
Tangshan Sanyou Chemical Industries Co Ltd,0.00001340,0.00000000,0.00000000,0.00000000
Metaplanet Inc,0.00001340,0.00001550,0.00000000,0.00000000
Nifco Inc/Japan,0.00001340,0.00001010,0.00000000,0.00000000
Cementos Argos SA,0.00001330,0.00000600,0.00000000,0.00000000
Sime Darby Bhd,0.00001330,0.00001460,0.00000000,0.00000000
China Northern Rare Earth Group High-Tech Co Ltd,0.00001330,0.00000830,0.00000000,0.00000000
Mitsui Fudosan Accommodations Fund Inc,0.00001330,0.00000230,0.00000000,0.00000000
Supreme Industries Ltd,0.00001330,0.00000650,0.00000000,0.00000000
Oil India Ltd,0.00001320,0.00001470,0.00000000,0.00000000
Hanmi Pharm Co Ltd,0.00001320,0.00001260,0.00000000,0.00000000
Punjab National Bank,0.00001320,0.00000660,0.00000000,0.00000000
Mapletree Pan Asia Commercial Trust,0.00001320,0.00000170,0.00000000,0.00000000
Shanghai United Imaging Healthcare Co Ltd,0.00001320,0.00000470,0.00000000,0.00000000
Cosmo Energy Holdings Co Ltd,0.00001320,0.00003260,0.00000000,0.00000000
New Issuer: BB Company ID:69455999,0.00001320,0.00000630,0.00000000,0.00000000
Seven Bank Ltd,0.00001310,0.00000160,0.00000000,0.00000000
Advance Residence Investment Corp,0.00001310,0.00000690,0.00000000,0.00000000
Taiba Investments Co,0.00001310,0.00000160,0.00000000,0.00000000
Dabur India Ltd,0.00001310,0.00000170,0.00000000,0.00000000
Autohome Inc,0.00001300,0.00000150,0.00000000,0.00000000
Raytron Technology Co Ltd,0.00001300,0.00000000,0.00000000,0.00000000
Brava Energia,0.00001300,0.00000600,0.00000000,0.00000000
Canara Bank,0.00001300,0.00000640,0.00000000,0.00000000
Delek Group Ltd,0.00001300,0.00001550,0.00000000,0.00000000
Mesaieed Petrochemical Holding Co,0.00001300,0.00000160,0.00000000,0.00000000
China CSSC Holdings Ltd,0.00001300,0.00001310,0.00000000,0.00000000
Banco del Bajio SA,0.00001290,0.00001600,0.00000000,0.00000000
JD Logistics Inc,0.00001290,0.00001550,0.00000000,0.00000000
Caixa Seguridade Participacoes S/A,0.00001290,0.00000620,0.00000000,0.00000000
Muyuan Foods Group Co Ltd,0.00001290,0.00001340,0.00000000,0.00000000
Round One Corp,0.00001290,0.00000640,0.00000000,0.00000000
Sanan Optoelectronics Co Ltd,0.00001280,0.00000440,0.00000000,0.00000000
RTL Group SA,0.00001270,0.00003610,0.00000000,0.00000000
Miura Co Ltd,0.00001270,0.00000610,0.00000000,0.00000000
Formosa Petrochemical Corp,0.00001270,0.00001620,0.00000000,0.00000000
Merdeka Copper Gold Tbk PT,0.00001270,0.00001220,0.00000000,0.00000000
Orion Corp/Republic of Korea,0.00001260,0.00001130,0.00000000,0.00000000
DMG Mori Co Ltd,0.00001260,0.00001430,0.00000000,0.00000000
Maxis Bhd,0.00001260,0.00004250,0.00000000,0.00000000
Haitian International Holdings Ltd,0.00001260,0.00000510,0.00000000,0.00000000
Goldwind Science & Technology Co Ltd,0.00001250,0.00000900,0.00000000,0.00000000
Infrastrutture Wireless Italiane SpA,0.00001250,0.00001120,0.00000000,0.00000000
Doosan Bobcat Inc,0.00001250,0.00000960,0.00000000,0.00000000
Xinyi Solar Holdings Ltd,0.00001240,0.00000580,0.00000000,0.00010000
China Longyuan Power Group Corp Ltd,0.00001240,0.00000960,0.00000000,0.00000000
UNO Minda Ltd,0.00001240,0.00001150,0.00000000,0.00000000
ANA Holdings Inc,0.00001230,0.00000290,0.00000000,0.00000000
Harmonic Drive Systems Inc,0.00001230,0.00001100,0.00000000,0.00000000
SIA Engineering Co Ltd,0.00001230,0.00000000,0.00000000,0.00000000
Shanghai Waigaoqiao Free Trade Zone Group Co Ltd,0.00001220,0.00000000,0.00000000,0.00000000
Haidilao International Holding Ltd,0.00001220,0.00001120,0.00000000,0.00000000
Sumitomo Rubber Industries Ltd,0.00001220,0.00001280,0.00000000,0.00000000
Kyushu Railway Co,0.00001220,0.00000690,0.00000000,0.00000000
Micro-Star International Co Ltd,0.00001220,0.00001750,0.00000000,0.00000000
Shimamura Co Ltd,0.00001220,0.00004370,0.00000000,0.00000000
Electricity Generating PCL,0.00001220,0.00000000,0.00000000,0.00000000
Saudi Tadawul Group Holding Co,0.00001210,0.00000630,0.00000000,0.00000000
Kobe Bussan Co Ltd,0.00001210,0.00000810,0.00000000,0.00000000
Jiangsu Broadcasting Cable Information Network Corp Ltd,0.00001210,0.00000000,0.00000000,0.00000000
Sinopharm Group Co Ltd,0.00001200,0.00006740,0.00000000,0.00000000
Zhejiang Hailiang Co Ltd,0.00001200,0.00000490,0.00000000,0.00000000
Titan Cement International SA,0.00001200,0.00001120,0.00000000,0.00000000
Kokuyo Co Ltd,0.00001200,0.00000180,0.00000000,0.00000000
Riyadh Cables Group Co,0.00001200,0.00001070,0.00000000,0.00000000
Hithink RoyalFlush Information Network Co Ltd,0.00001190,0.00000520,0.00000000,0.00000000
Visional Inc,0.00001190,0.00000900,0.00000000,0.00000000
Mivne Real Estate KD Ltd,0.00001190,0.00001110,0.00000000,0.00000000
Sims Ltd,0.00001190,0.00001630,0.00000000,0.00000000
Shenzhen Inovance Technology Co Ltd,0.00001190,0.00000700,0.00000000,0.00000000
Iluka Resources Ltd,0.00001190,0.00001270,0.00000000,0.00000000
Iwatani Corp,0.00001190,0.00001480,0.00000000,0.00000000
PCCW Ltd,0.00001190,0.00000240,0.00000000,0.00000000
Samsonite International SA,0.00001180,0.00000660,0.00000000,0.00000000
Mabanee Co KPSC,0.00001180,0.00001100,0.00000000,0.00000000
Yangzijiang Maritime Development Ltd,0.00001170,0.00000460,0.00000000,0.00000000
Mazagon Dock Shipbuilders Ltd,0.00001170,0.00001120,0.00000000,0.00000000
GEM Co Ltd,0.00001170,0.00000000,0.00000000,0.00000000
Internet Initiative Japan Inc,0.00001170,0.00000970,0.00000000,0.00000000
Gruma SAB de CV,0.00001160,0.00001210,0.00000000,0.00000000
Vodafone Qatar PQSC,0.00001160,0.00000150,0.00000000,0.00000000
Tongcheng Travel Holdings Ltd,0.00001160,0.00001030,0.00000000,0.00000000
Guangzhou Port Co Ltd,0.00001160,0.00000000,0.00000000,0.00000000
Chongqing Rural Commercial Bank Co Ltd,0.00001160,0.00001440,0.00000000,0.00000000
Everbright Securities Co Ltd,0.00001160,0.00000000,0.00000000,0.00000000
NHPC Ltd,0.00001160,0.00000930,0.00000000,0.00000000
Sawai Group Holdings Co Ltd,0.00001150,0.00000610,0.00000000,0.00000000
Hyundai Autoever Corp,0.00001150,0.00001170,0.00000000,0.00000000
Japan Airlines Co Ltd,0.00001150,0.00000290,0.00000000,0.00000000
Netwealth Group Ltd,0.00001150,0.00000600,0.00000000,0.00000000
Bic Camera Inc,0.00001140,0.00000170,0.00000000,0.00000000
Indian Bank,0.00001140,0.00003190,0.00000000,0.00000000
HELLENiQ ENERGY Holdings S.A.,0.00001140,0.00000620,0.00000000,0.00000000
Petronet LNG Ltd,0.00001130,0.00001240,0.00000000,0.00000000
BNK Financial Group Inc,0.00001130,0.00001330,0.00000000,0.00000000
China State Construction Engineering Corp Ltd,0.00001130,0.00003880,0.00000000,0.00000000
Longfor Group Holdings Ltd,0.00001130,0.00001090,0.00000000,0.00000000
Flat Glass Group Co Ltd,0.00001120,0.00000000,0.00000000,0.00000000
Sumitomo Pharma Co Ltd,0.00001120,0.00001330,0.00000000,0.00000000
Medipal Holdings Corp,0.00001120,0.00001650,0.00000000,0.00000000
Ades Holding Co,0.00001120,0.00000720,0.00000000,0.00000000
Tsumura & Co,0.00001120,0.00000720,0.00000000,0.00000000
Piotech Inc,0.00001110,0.00003070,0.00000000,0.00020000
New Issuer: BB Company ID:20732815,0.00001110,0.00000610,0.00000000,0.00000000
New Hope Corp Ltd,0.00001110,0.00001260,0.00000000,0.00000000
JOYY Inc,0.00001110,0.00000670,0.00000000,0.00000000
Aditya Birla Capital Ltd,0.00001110,0.00000740,0.00000000,0.00000000
Agility Global PLC,0.00001110,0.00001140,0.00000000,0.00000000
Ulvac Inc,0.00001100,0.00001430,0.00000000,0.00020000
Turkiye Is Bankasi AS,0.00001100,0.00000210,0.00000000,0.00000000
CJ Corp,0.00001100,0.00000640,0.00000000,0.00000000
SKC Co Ltd,0.00001100,0.00000660,0.00000000,0.00000000
Samsung Episholdings Co Ltd,0.00001100,0.00001120,0.00000000,0.00000000
Shanghai Zhenhua Heavy Industries Co Ltd,0.00001100,0.00002620,0.00000000,0.00000000
H Lundbeck A/S,0.00001090,0.00001070,0.00000000,0.00000000
Enel Americas SA,0.00001090,0.00000140,0.00000000,0.00000000
Orient Overseas International Ltd,0.00001090,0.00000190,0.00000000,0.00000000
China Ruyi Holdings Ltd,0.00001090,0.00001230,0.00000000,0.00000000
TCL Zhonghuan Renewable Energy Technology Co Ltd,0.00001090,0.00000000,0.00000000,0.00000000
New Issuer: BB Company ID:70038993,0.00001080,0.00000540,0.00000000,0.00000000
EBOS Group Ltd,0.00001080,0.00001180,0.00000000,0.00000000
Metcash Ltd,0.00001080,0.00001220,0.00000000,0.00000000
Daicel Corp,0.00001080,0.00000570,0.00000000,0.00000000
Ayala Land Inc,0.00001080,0.00001080,0.00000000,0.00000000
Fattal Holdings 1998 Ltd,0.00001070,0.00000720,0.00000000,0.00000000
All Winner Technology Co Ltd,0.00001070,0.00000000,0.00000000,0.00000000
Shanghai Electric Group Co Ltd,0.00001060,0.00000720,0.00000000,0.00000000
China Medical System Holdings Ltd,0.00001060,0.00001270,0.00000000,0.00000000
NTPC Green Energy Ltd,0.00001050,0.00000000,0.00000000,0.00000000
Oberoi Realty Ltd,0.00001050,0.00000660,0.00000000,0.00000000
Tata Communications Ltd,0.00001050,0.00001120,0.00000000,0.00000000
Zhejiang Sanhua Intelligent Controls Co Ltd,0.00001040,0.00001290,0.00000000,0.00000000
Suzuken Co Ltd/Aichi Japan,0.00001040,0.00000980,0.00000000,0.00000000
Yunnan Baiyao Group Co Ltd,0.00001040,0.00000230,0.00000000,0.00000000
Alfresa Holdings Corp,0.00001040,0.00001100,0.00000000,0.00000000
Petkim Petrokimya Holding AS,0.00001040,0.00000000,0.00000000,0.00000000
Chugoku Electric Power Co Inc/The,0.00001040,0.00001150,0.00000000,0.00000000
Lixil Corp,0.00001040,0.00000680,0.00000000,0.00000000
Money Forward Inc,0.00001040,0.00001230,0.00000000,0.00000000
Keio Corp,0.00001030,0.00000750,0.00000000,0.00000000
Giant Biogene Holding Co ltd,0.00001030,0.00000940,0.00000000,0.00000000
NS Solutions Corp,0.00001030,0.00000380,0.00000000,0.00000000
Hakuhodo DY Holdings Inc,0.00001030,0.00000780,0.00000000,0.00000000
LG Display Co Ltd,0.00001030,0.00001170,0.00000000,0.00000000
Weifu High-Technology Group Co Ltd,0.00001020,0.00000730,0.00000000,0.00000000
Americana Restaurants International PLC - Foreign Co,0.00001020,0.00000620,0.00000000,0.00000000
Frasers Logistics & Commercial Trust,0.00001010,0.00000780,0.00000000,0.00000000
Metropolitan Bank & Trust Co,0.00001010,0.00001120,0.00000000,0.00000000
Jubilant Foodworks Ltd,0.00001010,0.00001070,0.00000000,0.00000000
Rinnai Corp,0.00001010,0.00000350,0.00000000,0.00000000
Sumber Alfaria Trijaya Tbk PT,0.00001010,0.00000580,0.00000000,0.00000000
Posco International Corp,0.00001000,0.00000630,0.00000000,0.00000000
Shandong Nanshan Aluminum Co Ltd,0.00001000,0.00000000,0.00000000,0.00000000
CRISIL Ltd,0.00001000,0.00000170,0.00000000,0.00000000
Tianqi Lithium Corp,0.00001000,0.00000550,0.00000000,0.00000000
New Issuer: BB Company ID:67720311,0.00000990,0.00001230,0.00000000,0.00000000
Pharmaron Beijing Co Ltd,0.00000990,0.00001050,0.00000000,0.00000000
Hong Leong Bank Bhd,0.00000990,0.00001070,0.00000000,0.00000000
Gulf Bank KSCP,0.00000990,0.00001050,0.00000000,0.00000000
Turk Telekomunikasyon AS,0.00000980,0.00000000,0.00000000,0.00000000
China State Construction International Holdings Ltd,0.00000980,0.00001130,0.00000000,0.00000000
China Resources Gas Group Ltd,0.00000980,0.00000870,0.00000000,0.00000000
HTC Corp,0.00000980,0.00000540,0.00000000,0.00000000
Astral Ltd,0.00000980,0.00000630,0.00000000,0.00000000
Kangwon Land Inc,0.00000970,0.00000160,0.00000000,0.00000000
Qualitas Controladora SAB de CV,0.00000970,0.00001190,0.00000000,0.00000000
SK Biopharmaceuticals Co Ltd,0.00000970,0.00000940,0.00000000,0.00000000
BBMG Corp,0.00000970,0.00000000,0.00000000,0.00000000
Amano Corp,0.00000960,0.00000000,0.00000000,0.00000000
Jiangsu Expressway Co Ltd,0.00000960,0.00000640,0.00000000,0.00000000
Teijin Ltd,0.00000960,0.00000170,0.00000000,0.00000000
Xinyi Glass Holdings Ltd,0.00000960,0.00000150,0.00000000,0.00000000
Chicony Electronics Co Ltd,0.00000960,0.00001180,0.00000000,0.00000000
Escorts Kubota Ltd,0.00000960,0.00000150,0.00000000,0.00000000
Jardine Cycle & Carriage Ltd,0.00000950,0.00000320,0.00000000,0.00000000
Indofood Sukses Makmur Tbk PT,0.00000950,0.00000660,0.00000000,0.00000000
Exide Industries Ltd,0.00000950,0.00003600,0.00000000,0.00000000
Bank of East Asia Ltd/The,0.00000950,0.00000160,0.00000000,0.00000000
Eclat Textile Co Ltd,0.00000940,0.00001050,0.00000000,0.00000000
Shihlin Electric & Engineering Corp,0.00000940,0.00001110,0.00000000,0.00000000
Gujarat Fluorochemicals Ltd,0.00000940,0.00000630,0.00000000,0.00000000
Aldrees Petroleum and Transport Services Co,0.00000940,0.00000600,0.00000000,0.00000000
SDIC Power Holdings Co Ltd,0.00000940,0.00000190,0.00000000,0.00000000
BIPROGY Inc,0.00000940,0.00000910,0.00000000,0.00000000
Nien Made Enterprise Co Ltd,0.00000940,0.00000630,0.00000000,0.00000000
Chifeng Jilong Gold Mining Group Ltd,0.00000940,0.00001120,0.00000000,0.00000000
Adani Total Gas Ltd,0.00000940,0.00000610,0.00000000,0.00000000
Axiata Group Bhd,0.00000930,0.00001100,0.00000000,0.00000000
Air China Ltd,0.00000930,0.00000610,0.00000000,0.00000000
Dialog Group Bhd,0.00000930,0.00001250,0.00000000,0.00000000
China International Marine Containers Group Co Ltd,0.00000930,0.00000440,0.00000000,0.00000000
Flight Centre Travel Group Ltd,0.00000920,0.00000560,0.00000000,0.00000000
Kumho Petrochemical Co Ltd,0.00000920,0.00000650,0.00000000,0.00000000
Bangkok Expressway & Metro PCL,0.00000920,0.00000650,0.00000000,0.00000000
Qinghai Salt Lake Industry Co Ltd,0.00000920,0.00000700,0.00000000,0.00000000
Hangzhou Chang Chuan Technology Co Ltd,0.00000920,0.00001260,0.00000000,0.00010000
Blue Zones Holdings Co Ltd,0.00000920,0.00000180,0.00000000,0.00000000
Zhejiang China Commodities City Group Co Ltd,0.00000910,0.00000140,0.00000000,0.00000000
Natura Cosmeticos SA,0.00000910,0.00000660,0.00000000,0.00000000
Mitsubishi Motors Corp,0.00000910,0.00000640,0.00000000,0.00000000
Kaynes Technology India Ltd,0.00000910,0.00000600,0.00000000,0.00000000
Motilal Oswal Financial Services Ltd,0.00000910,0.00000650,0.00000000,0.00000000
Central Depository Services India Ltd,0.00000900,0.00000160,0.00000000,0.00000000
Eastroc Beverage Group Co Ltd,0.00000900,0.00000540,0.00000000,0.00000000
Datang International Power Generation Co Ltd,0.00000890,0.00000450,0.00000000,0.00000000
Biwin Storage Technology Co Ltd,0.00000890,0.00001070,0.00000000,0.00010000
Puregold Price Club Inc,0.00000890,0.00000460,0.00000000,0.00000000
Japan Airport Terminal Co Ltd,0.00000890,0.00001130,0.00000000,0.00000000
Hyundai Steel Co,0.00000890,0.00001140,0.00000000,0.00000000
PLDT Inc,0.00000880,0.00001160,0.00000000,0.00000000
China Animal Husbandry Industry Co Ltd,0.00000880,0.00000000,0.00000000,0.00000000
Koei Tecmo Holdings Co Ltd,0.00000880,0.00000650,0.00000000,0.00000000
Transfar Zhilian Co Ltd,0.00000880,0.00000000,0.00000000,0.00000000
New Issuer: BB Company ID:27928662,0.00000880,0.00000000,0.00000000,0.00000000
Takara Holdings Inc,0.00000880,0.00001010,0.00000000,0.00000000
Dalmia Bharat Ltd,0.00000880,0.00000620,0.00000000,0.00000000
Hisense Home Appliances Group Co Ltd,0.00000870,0.00000560,0.00000000,0.00000000
Park24 Co Ltd,0.00000870,0.00000570,0.00000000,0.00000000
Turkiye Garanti Bankasi AS,0.00000870,0.00000720,0.00000000,0.00000000
China CITIC Financial Asset Management Co Ltd,0.00000870,0.00001090,0.00000000,0.00000000
Digital Telecommunications Infrastructure Fund,0.00000870,0.00003130,0.00000000,0.00000000
Fila Holdings Corp,0.00000870,0.00000620,0.00000000,0.00000000
Fosun International Ltd,0.00000870,0.00000760,0.00000000,0.00000000
United Tractors Tbk PT,0.00000870,0.00000680,0.00000000,0.00000000
Shanxi Xinghuacun Fen Wine Factory Co Ltd,0.00000860,0.00000530,0.00000000,0.00000000
Kamigumi Co Ltd,0.00000860,0.00000470,0.00000000,0.00000000
Keihan Holdings Co Ltd,0.00000860,0.00000610,0.00000000,0.00000000
NH Investment & Securities Co Ltd,0.00000860,0.00001220,0.00000000,0.00000000
Beijing-Shanghai High Speed Railway Co Ltd,0.00000860,0.00000740,0.00000000,0.00000000
China Eastern Airlines Corp Ltd,0.00000860,0.00000570,0.00000000,0.00000000
Want Want China Holdings Ltd,0.00000860,0.00001000,0.00000000,0.00000000
Saudi Investment Bank/The,0.00000860,0.00000160,0.00000000,0.00000000
Balkrishna Industries Ltd,0.00000860,0.00001170,0.00000000,0.00000000
Poonawalla Fincorp Ltd,0.00000850,0.00000630,0.00000000,0.00000000
Cloud Music Inc,0.00000850,0.00000120,0.00000000,0.00000000
Nebras Energy,0.00000850,0.00000670,0.00000000,0.00000000
New Issuer: BB Company ID:72035566,0.00000850,0.00000600,0.00000000,0.00000000
Smartfit Escola de Ginastica e Danca SA,0.00000850,0.00000590,0.00000000,0.00000000
China National Building Material Co Ltd,0.00000850,0.00001120,0.00000000,0.00000000
Alsea SAB de CV,0.00000850,0.00001090,0.00000000,0.00000000
New Issuer: BB Company ID:21672911,0.00000850,0.00000590,0.00000000,0.00000000
Keikyu Corp,0.00000850,0.00000600,0.00000000,0.00000000
Oracle Corp Japan,0.00000850,0.00000900,0.00000000,0.00000000
Berger Paints India Ltd,0.00000840,0.00000140,0.00000000,0.00000000
Hyundai Marine & Fire Insurance Co Ltd,0.00000840,0.00001250,0.00000000,0.00000000
Thai Oil PCL,0.00000840,0.00001230,0.00000000,0.00000000
Maruichi Steel Tube Ltd,0.00000840,0.00001180,0.00000000,0.00000000
Toridoll Holdings Corp,0.00000830,0.00000000,0.00000000,0.00000000
MR DIY Group M Bhd,0.00000830,0.00000570,0.00000000,0.00000000
Workman Co Ltd,0.00000830,0.00000590,0.00000000,0.00000000
Cathay Pacific Airways Ltd,0.00000830,0.00000750,0.00000000,0.00000000
Mobile Telecommunications Co Saudi Arabia,0.00000830,0.00000150,0.00000000,0.00000000
Yadea Group Holdings Ltd,0.00000820,0.00000510,0.00000000,0.00000000
CTP NV,0.00000820,0.00001060,0.00000000,0.00000000
General Insurance Corp of India,0.00000820,0.00000610,0.00000000,0.00000000
Transcend Information Inc,0.00000820,0.00001570,0.00000000,0.00000000
Coca-Cola Icecek AS,0.00000820,0.00000680,0.00000000,0.00000000
Zhejiang Longsheng Group Co Ltd,0.00000820,0.00000000,0.00000000,0.00000000
Sany Heavy Equipment International Holdings Co Ltd,0.00000810,0.00000710,0.00000000,0.00000000
East Buy Holding Ltd,0.00000810,0.00000670,0.00000000,0.00000000
MINISO Group Holding Ltd,0.00000810,0.00000560,0.00000000,0.00000000
ZhongAn Online P&C Insurance Co Ltd,0.00000810,0.00000660,0.00000000,0.00000000
Cochin Shipyard Ltd,0.00000800,0.00000610,0.00000000,0.00000000
ASMedia Technology Inc,0.00000790,0.00000620,0.00000000,0.00020000
Saudi Industrial Investment Group,0.00000790,0.00000150,0.00000000,0.00000000
Turkiye Sise ve Cam Fabrikalari AS,0.00000790,0.00000150,0.00000000,0.00000000
Anhui Gujing Distillery Co Ltd,0.00000780,0.00000640,0.00000000,0.00000000
Athens Water Supply & Sewage Co SA,0.00000780,0.00000000,0.00000000,0.00000000
Saudi Aramco Base Oil Co,0.00000780,0.00000650,0.00000000,0.00000000
Qingdao TGOOD Electric Co Ltd,0.00000780,0.00000000,0.00000000,0.00000000
Sichuan Chuantou Energy Co Ltd,0.00000780,0.00000180,0.00000000,0.00000000
Shenzhen Longsys Electronics Co Ltd,0.00000780,0.00000870,0.00000000,0.00000000
SKY Perfect JSAT Corp,0.00000780,0.00001000,0.00000000,0.00000000
RLX Technology Inc,0.00000770,0.00000620,0.00000000,0.00000000
TAV Havalimanlari Holding AS,0.00000770,0.00000570,0.00000000,0.00000000
Cenergy Holdings SA,0.00000770,0.00001090,0.00000000,0.00000000
Bank of Changsha Co Ltd,0.00000770,0.00000460,0.00000000,0.00000000
Sundrug Co Ltd,0.00000770,0.00000000,0.00000000,0.00000000
Iida Group Holdings Co Ltd,0.00000760,0.00000230,0.00000000,0.00000000
Jiangsu Hengli Hydraulic Co Ltd,0.00000760,0.00000460,0.00000000,0.00000000
China Feihe Ltd,0.00000760,0.00000620,0.00000000,0.00000000
Johnson Electric Holdings Ltd,0.00000760,0.00000380,0.00000000,0.00000000
Regional SAB de CV,0.00000760,0.00001390,0.00000000,0.00000000
StarPower Semiconductor Ltd,0.00000760,0.00000000,0.00000000,0.00000000
Focus Media Information Technology Co Ltd,0.00000750,0.00000170,0.00000000,0.00000000
Fangda Carbon New Material Co Ltd,0.00000750,0.00000000,0.00000000,0.00000000
Greentown China Holdings Ltd,0.00000750,0.00000490,0.00000000,0.00000000
Godfrey Phillips India Ltd,0.00000750,0.00000610,0.00000000,0.00000000
Cosmos Pharmaceutical Corp,0.00000750,0.00000620,0.00000000,0.00000000
Abu Dhabi Ports Co PJSC,0.00000740,0.00000150,0.00000000,0.00000000
Indian Railway Finance Corp Ltd,0.00000740,0.00000150,0.00000000,0.00000000
C&D International Investment Group Ltd,0.00000740,0.00000640,0.00000000,0.00000000
Beijing Enterprises Holdings Ltd,0.00000740,0.00003620,0.00000000,0.00000000
Feng TAY Enterprise Co Ltd,0.00000740,0.00000470,0.00000000,0.00000000
Nihon Kohden Corp,0.00000740,0.00000720,0.00000000,0.00000000
Investec Ltd,0.00000730,0.00005650,0.00000000,0.00000000
Yancoal Australia Ltd,0.00000730,0.00001150,0.00000000,0.00000000
Yue Yuen Industrial Holdings Ltd,0.00000730,0.00000150,0.00000000,0.00000000
Sinopec Shanghai Petrochemical Co Ltd,0.00000730,0.00000000,0.00000000,0.00000000
Fraser & Neave Holdings Bhd,0.00000730,0.00000190,0.00000000,0.00000000
Nagoya Railroad Co Ltd,0.00000730,0.00000180,0.00000000,0.00000000
Aksa Enerji Uretim AS,0.00000730,0.00000000,0.00000000,0.00000000
New Issuer: BB Company ID:37276143,0.00000730,0.00001770,0.00000000,0.00000000
SAL Saudi Logistics Services,0.00000730,0.00000150,0.00000000,0.00000000
Volvo Car AB,0.00000730,0.00000620,0.00000000,0.00000000
Bharat Dynamics Ltd,0.00000720,0.00000580,0.00000000,0.00000000
Kagome Co Ltd,0.00000720,0.00000260,0.00000000,0.00000000
Ningbo Deye Technology Corp,0.00000720,0.00000800,0.00000000,0.00000000
Astra Industrial Group,0.00000720,0.00000600,0.00000000,0.00000000
Reysas Tasimacilik ve Lojistik Ticaret AS,0.00000720,0.00000550,0.00000000,0.00000000
Jeol Ltd,0.00000720,0.00000670,0.00000000,0.00000000
Country Garden Services Holdings Co Ltd,0.00000720,0.00000710,0.00000000,0.00000000
Orora Ltd,0.00000710,0.00000600,0.00000000,0.00000000
Sankyu Inc,0.00000710,0.00000790,0.00000000,0.00000000
Nestle Malaysia Bhd,0.00000710,0.00000380,0.00000000,0.00000000
Bank Al-Jazira,0.00000710,0.00000180,0.00000000,0.00000000
Casio Computer Co Ltd,0.00000710,0.00001440,0.00000000,0.00000000
China Cinda Asset Management Co Ltd,0.00000710,0.00001160,0.00000000,0.00000000
Beijing Kingsoft Office Software Inc,0.00000710,0.00001130,0.00000000,0.00000000
Luzhou Laojiao Co Ltd,0.00000710,0.00000520,0.00000000,0.00000000
China Power International Development Ltd,0.00000710,0.00000600,0.00000000,0.00000000
Zhongshan Public Utilities Group Co Ltd,0.00000710,0.00000000,0.00000000,0.00000000
Accelink Technologies Co Ltd,0.00000710,0.00000820,0.00000000,0.00000000
Daiwa Securities Living Investments Corp,0.00000700,0.00000180,0.00000000,0.00000000
Metalurgica Gerdau SA,0.00000700,0.00000640,0.00000000,0.00000000
Japan Logistics Fund Inc,0.00000700,0.00000180,0.00000000,0.00000000
Carabao Group PCL,0.00000700,0.00000000,0.00000000,0.00000000
Indian Railway Catering & Tourism Corp Ltd,0.00000690,0.00000150,0.00000000,0.00000000
Brilliance China Automotive Holdings Ltd,0.00000690,0.00000610,0.00000000,0.00000000
Energix-Renewable Energies Ltd,0.00000690,0.00001080,0.00000000,0.00000000
Daqin Railway Co Ltd,0.00000690,0.00000240,0.00000000,0.00000000
Ford Otomotiv Sanayi AS,0.00000690,0.00000150,0.00000000,0.00000000
Kobayashi Pharmaceutical Co Ltd,0.00000690,0.00000000,0.00000000,0.00000000
Huadian Power International Corp Ltd,0.00000690,0.00002130,0.00000000,0.00000000
Region RE Ltd,0.00000690,0.00000760,0.00000000,0.00000000
Jiangsu Linyang Energy Co Ltd,0.00000690,0.00000000,0.00000000,0.00000000
Dukhan Bank,0.00000690,0.00000150,0.00000000,0.00000000
Mitsui Fudosan Retail Fund Investment Corp,0.00000690,0.00000150,0.00000000,0.00000000
Mouwasat Medical Services Co,0.00000690,0.00000620,0.00000000,0.00000000
Domino's Pizza Enterprises Ltd,0.00000690,0.00000490,0.00000000,0.00000000
RoboTechnik Intelligent Technology Co Ltd,0.00000680,0.00000000,0.00000000,0.00000000
NETLINK NBN TRUST,0.00000680,0.00000630,0.00000000,0.00000000
ACC Ltd,0.00000680,0.00000000,0.00000000,0.00000000
Huaneng Lancang River Hydropower Inc,0.00000680,0.00000000,0.00000000,0.00000000
Empresas CMPC SA,0.00000680,0.00000580,0.00000000,0.00000000
Huaxin Building Materials Group Co Ltd,0.00000680,0.00000000,0.00000000,0.00000000
Gree Electric Appliances Inc of Zhuhai,0.00000680,0.00000710,0.00000000,0.00000000
Societatea Energetica Electrica SA,0.00000680,0.00000980,0.00000000,0.00000000
KCC Corp,0.00000680,0.00000740,0.00000000,0.00000000
FIT Hon Teng Ltd,0.00000680,0.00000680,0.00000000,0.00000000
Guangzhou Automobile Group Co Ltd,0.00000680,0.00000150,0.00000000,0.00000000
Narayana Hrudayalaya Ltd,0.00000670,0.00000630,0.00000000,0.00000000
Bank of Ningbo Co Ltd,0.00000670,0.00001470,0.00000000,0.00000000
Goldwin Inc,0.00000670,0.00000610,0.00000000,0.00000000
Rail Vikas Nigam Ltd,0.00000670,0.00000140,0.00000000,0.00000000
Schaeffler India Ltd,0.00000670,0.00000710,0.00000000,0.00000000
Qingdao Port International Co Ltd,0.00000670,0.00000160,0.00000000,0.00000000
Aarti Industries Ltd,0.00000660,0.00000600,0.00000000,0.00000000
Al Rajhi Co for Co-operative Insurance,0.00000660,0.00000640,0.00000000,0.00000000
Orbia Advance Corp SAB de CV,0.00000660,0.00000590,0.00000000,0.00000000
Nippon Shinyaku Co Ltd,0.00000660,0.00000680,0.00000000,0.00000000
Tata Elxsi Ltd,0.00000660,0.00000600,0.00000000,0.00000000
Emirates Central Cooling Systems Corp,0.00000660,0.00000000,0.00000000,0.00000000
Lendlease Corp Ltd,0.00000660,0.00000630,0.00000000,0.00000000
National Silicon Industry Group Co Ltd,0.00000660,0.00000460,0.00000000,0.00000000
Bank of Suzhou Co Ltd,0.00000660,0.00000000,0.00000000,0.00000000
Kotobuki Spirits Co Ltd,0.00000660,0.00000790,0.00000000,0.00000000
Land & Houses PCL,0.00000660,0.00000150,0.00000000,0.00000000
Adaro Energy Indonesia Tbk PT,0.00000650,0.00000660,0.00000000,0.00000000
Aier Eye Hospital Group Co Ltd,0.00000650,0.00000150,0.00000000,0.00000000
K's Holdings Corp,0.00000650,0.00002510,0.00000000,0.00000000
Mitsubishi Logistics Corp,0.00000650,0.00001020,0.00000000,0.00000000
Kose Holdings Corp,0.00000650,0.00000000,0.00000000,0.00000000
GC Biopharma Corp,0.00000650,0.00000000,0.00000000,0.00000000
China Conch Venture Holdings Ltd,0.00000650,0.00000980,0.00000000,0.00000000
Perpetual Ltd,0.00000640,0.00000600,0.00000000,0.00000000
Patanjali Foods Ltd,0.00000640,0.00000150,0.00000000,0.00000000
3M India Ltd,0.00000640,0.00000160,0.00000000,0.00000000
Jamjoom Pharmaceuticals Factory Co,0.00000640,0.00000150,0.00000000,0.00000000
Toei Animation Co Ltd,0.00000640,0.00000290,0.00000000,0.00000000
Indofood CBP Sukses Makmur Tbk PT,0.00000640,0.00000150,0.00000000,0.00000000
Aguas Andinas SA,0.00000640,0.00000150,0.00000000,0.00000000
Covestro AG,0.00000640,0.00000000,0.00000000,0.00000000
Verisilicon Microelectronics Shanghai Co Ltd,0.00000640,0.00000910,0.00000000,0.00010000
AIA Engineering Ltd,0.00000640,0.00000610,0.00000000,0.00000000
Cia Cervecerias Unidas SA,0.00000640,0.00000420,0.00000000,0.00000000
Zhangzhou Pientzehuang Pharmaceutical Co Ltd,0.00000640,0.00002490,0.00000000,0.00000000
Cheil Worldwide Inc,0.00000640,0.00000160,0.00000000,0.00000000
Mitsui Fudosan Logistics Park Inc,0.00000640,0.00000200,0.00000000,0.00000000
Wens Foodstuff Group Co Ltd,0.00000640,0.00000190,0.00000000,0.00000000
Anhui Expressway Co Ltd,0.00000640,0.00000450,0.00000000,0.00000000
Inner Mongolia ERDOS Resources Co Ltd,0.00000630,0.00000490,0.00000000,0.00000000
Nippon Shokubai Co Ltd,0.00000630,0.00000250,0.00000000,0.00000000
Bandhan Bank Ltd,0.00000630,0.00000580,0.00000000,0.00000000
Shandong Hi-speed Co Ltd,0.00000630,0.00000000,0.00000000,0.00000000
Globe Telecom Inc,0.00000630,0.00000440,0.00000000,0.00000000
Eve Energy Co Ltd,0.00000630,0.00000600,0.00000000,0.00000000
Indosat Tbk PT,0.00000630,0.00000430,0.00000000,0.00000000
Petronas Dagangan Bhd,0.00000630,0.00000770,0.00000000,0.00000000
Leyard Optoelectronic Co Ltd,0.00000630,0.00000000,0.00000000,0.00000000
Chongqing Changan Automobile Co Ltd,0.00000630,0.00000220,0.00000000,0.00000000
GlaxoSmithKline Pharmaceuticals Ltd,0.00000630,0.00000620,0.00000000,0.00000000
Charoen Pokphand Indonesia Tbk PT,0.00000620,0.00000600,0.00000000,0.00000000
Parade Technologies Ltd,0.00000620,0.00000640,0.00000000,0.00010000
RBL Bank Ltd,0.00000620,0.00000630,0.00000000,0.00000000
Lotte Shopping Co Ltd,0.00000610,0.00000500,0.00000000,0.00000000
Sahara International Petrochemical Co,0.00000610,0.00000170,0.00000000,0.00000000
Quinenco SA,0.00000610,0.00000150,0.00000000,0.00000000
Huapont Life Sciences Co Ltd,0.00000610,0.00000000,0.00000000,0.00000000
HL Mando Co Ltd,0.00000610,0.00000620,0.00000000,0.00000000
Hwatsing Technology Co Ltd,0.00000600,0.00001180,0.00000000,0.00010000
Qatar Fuel QSC,0.00000600,0.00000140,0.00000000,0.00000000
Zangge Mining Co Ltd,0.00000600,0.00000710,0.00000000,0.00000000
Indorama Ventures PCL,0.00000600,0.00000670,0.00000000,0.00000000
Dr Lal PathLabs Ltd,0.00000600,0.00000630,0.00000000,0.00000000
China Literature Ltd,0.00000600,0.00000660,0.00000000,0.00000000
Advanced Energy Solution Holding Co Ltd,0.00000580,0.00000650,0.00000000,0.00000000
New World Development Co Ltd,0.00000580,0.00000150,0.00000000,0.00000000
Krungthai Card PCL,0.00000580,0.00000150,0.00000000,0.00000000
Catrion Catering Holding Co,0.00000580,0.00000150,0.00000000,0.00000000
AVICOPTER PLC,0.00000580,0.00000500,0.00000000,0.00000000
Shandong Weigao Group Medical Polymer Co Ltd,0.00000580,0.00000560,0.00000000,0.00000000
GCC SAB de CV,0.00000580,0.00001110,0.00000000,0.00000000
Bank of India,0.00000580,0.00000150,0.00000000,0.00000000
Borouge PLC,0.00000580,0.00000150,0.00000000,0.00000000
Indraprastha Gas Ltd,0.00000570,0.00000150,0.00000000,0.00000000
Foschini Group Ltd,0.00000570,0.00000650,0.00000000,0.00000000
Guangdong HEC Technology Holding Co Ltd,0.00000570,0.00000600,0.00000000,0.00000000
Spring Airlines Co Ltd,0.00000570,0.00000000,0.00000000,0.00000000
NANKAI Co Ltd,0.00000570,0.00000890,0.00000000,0.00000000
Range Intelligent Computing Technology Group Co Ltd,0.00000570,0.00000600,0.00000000,0.00000000
Genius Electronic Optical Co Ltd,0.00000560,0.00001620,0.00000000,0.00000000
Ruijie Networks Co Ltd,0.00000560,0.00000580,0.00000000,0.00000000
Bank of Nanjing Co Ltd,0.00000560,0.00000740,0.00000000,0.00000000
Nine Dragons Paper Holdings Ltd,0.00000560,0.00000560,0.00000000,0.00000000
Hanwha Industrial Solutions Co Ltd/ New,0.00000560,0.00000600,0.00000000,0.00000000
IEIT Systems Co Ltd,0.00000560,0.00000580,0.00000000,0.00000000
Arabian Internet & Communications Services Co,0.00000550,0.00000160,0.00000000,0.00000000
China Merchants Energy Shipping Co Ltd,0.00000550,0.00001100,0.00000000,0.00000000
Shanghai Tunnel Engineering Co Ltd,0.00000550,0.00000000,0.00000000,0.00000000
Ryman Healthcare Ltd,0.00000550,0.00000610,0.00000000,0.00000000
Grupo Comercial Chedraui SA de CV,0.00000550,0.00001030,0.00000000,0.00000000
Giant Manufacturing Co Ltd,0.00000550,0.00000640,0.00000000,0.00000000
Suntec Real Estate Investment Trust,0.00000550,0.00001190,0.00000000,0.00000000
Dubai Investments PJSC,0.00000550,0.00000620,0.00000000,0.00000000
Zhejiang Juhua Co Ltd,0.00000540,0.00000550,0.00000000,0.00000000
Hainan Mining Co Ltd,0.00000540,0.00000000,0.00000000,0.00000000
NMDC Group PJSC,0.00000540,0.00000620,0.00000000,0.00000000
Linde India Ltd,0.00000540,0.00000150,0.00000000,0.00000000
Sinoma Science & Technology Co Ltd,0.00000540,0.00000600,0.00000000,0.00000000
AECC Aviation Power Co Ltd,0.00000540,0.00000700,0.00000000,0.00000000
Star Health & Allied Insurance Co Ltd,0.00000540,0.00000600,0.00000000,0.00000000
China Jinmao Holdings Group Ltd,0.00000530,0.00000540,0.00000000,0.00000000
Dallah Healthcare Co,0.00000530,0.00000610,0.00000000,0.00000000
African Rainbow Minerals Ltd,0.00000530,0.00000580,0.00000000,0.00000000
Indah Kiat Pulp & Paper Tbk PT,0.00000530,0.00000460,0.00000000,0.00000000
Kakaopay Corp,0.00000530,0.00000630,0.00000000,0.00000000
Qfin Holdings Inc,0.00000530,0.00000460,0.00000000,0.00000000
Sunshine Insurance Group Co Ltd,0.00000520,0.00000710,0.00000000,0.00000000
Shenzhen Airport Co Ltd,0.00000520,0.00000000,0.00000000,0.00000000
CITIC Heavy Industries Co Ltd,0.00000520,0.00000000,0.00000000,0.00000000
BGF retail Co Ltd,0.00000520,0.00000460,0.00000000,0.00000000
AviChina Industry & Technology Co Ltd,0.00000520,0.00001060,0.00000000,0.00000000
Shenzhen Kinwong Electronic Co Ltd,0.00000520,0.00000440,0.00000000,0.00000000
Global Power Synergy PCL,0.00000520,0.00000000,0.00000000,0.00000000
U-Ming Marine Transport Corp,0.00000520,0.00000530,0.00000000,0.00000000
Shenzhen Expressway Corp Ltd,0.00000520,0.00000150,0.00000000,0.00000000
Beach Energy Ltd,0.00000520,0.00000440,0.00000000,0.00000000
JCET Group Co Ltd,0.00000520,0.00000510,0.00000000,0.00010000
360 Security Technology Inc,0.00000510,0.00000000,0.00000000,0.00000000
Uni-President China Holdings Ltd,0.00000510,0.00000570,0.00000000,0.00000000
Yihai International Holding Ltd,0.00000510,0.00000770,0.00000000,0.00000000
Youngor Fashion Co Ltd,0.00000510,0.00000000,0.00000000,0.00000000
Zeon Corp,0.00000510,0.00000240,0.00000000,0.00000000
DFI Retail Group Holdings Ltd,0.00000510,0.00000170,0.00000000,0.00000000
LONGi Green Energy Technology Co Ltd,0.00000510,0.00000160,0.00000000,0.00010000
IRB Infrastructure Developers Ltd,0.00000510,0.00000000,0.00000000,0.00000000
Reysas Gayrimenkul Yatirim Ortakligi AS,0.00000510,0.00000520,0.00000000,0.00000000
KPIT Technologies Ltd,0.00000510,0.00000600,0.00000000,0.00000000
Thai Union Group PCL,0.00000510,0.00000580,0.00000000,0.00000000
China Merchants Expressway Network & Technology Holdings Co Ltd,0.00000500,0.00000000,0.00000000,0.00000000
Yantai Jereh Oilfield Services Group Co Ltd,0.00000500,0.00000590,0.00000000,0.00000000
Lingyi iTech Guangdong Co,0.00000500,0.00000140,0.00000000,0.00000000
Alpek SAB de CV,0.00000500,0.00001200,0.00000000,0.00000000
Inner Mongolia BaoTou Steel Union Co Ltd,0.00000500,0.00000640,0.00000000,0.00000000
Deepak Nitrite Ltd,0.00000500,0.00000610,0.00000000,0.00000000
Shengyi Electronics Co Ltd,0.00000500,0.00000580,0.00000000,0.00000000
E-MART Inc,0.00000500,0.00000630,0.00000000,0.00000000
Fuji Oil Holdings Inc,0.00000500,0.00000440,0.00000000,0.00000000
Huaqin Co Ltd,0.00000500,0.00000550,0.00000000,0.00000000
Housing & Urban Development Corp Ltd,0.00000500,0.00000150,0.00000000,0.00000000
Beijing Gehua CATV Network Co Ltd,0.00000500,0.00000000,0.00000000,0.00000000
Bank of Shanghai Co Ltd,0.00000500,0.00000730,0.00000000,0.00000000
Daido Steel Co Ltd,0.00000500,0.00001090,0.00000000,0.00000000
Microport Scientific Corp,0.00000490,0.00000590,0.00000000,0.00000000
Savola Group/The,0.00000490,0.00000610,0.00000000,0.00000000
Emlak Konut Gayrimenkul Yatirim Ortakligi AS,0.00000490,0.00000160,0.00000000,0.00000000
Hangzhou Tigermed Consulting Co Ltd,0.00000490,0.00000150,0.00000000,0.00000000
Universal Robina Corp,0.00000490,0.00000590,0.00000000,0.00000000
Guoyuan Securities Co Ltd,0.00000490,0.00000000,0.00000000,0.00000000
Syngene International Ltd,0.00000490,0.00000000,0.00000000,0.00000000
Suzhou Maxwell Technologies Co Ltd,0.00000490,0.00000510,0.00000000,0.00010000
Jiangsu Yanghe Distillery Co Ltd,0.00000490,0.00000090,0.00000000,0.00000000
Thermax Ltd,0.00000490,0.00000590,0.00000000,0.00000000
Morinaga Milk Industry Co Ltd,0.00000480,0.00002620,0.00000000,0.00000000
CTEEP-Cia de Transmissao de Energia Eletrica Paulista,0.00000480,0.00000180,0.00000000,0.00000000
Banpu PCL,0.00000480,0.00002570,0.00000000,0.00000000
Tata Technologies Ltd,0.00000480,0.00000630,0.00000000,0.00000000
Wynn Macau Ltd,0.00000480,0.00000150,0.00000000,0.00000000
Barwa Real Estate Co,0.00000480,0.00000150,0.00000000,0.00000000
NongShim Co Ltd,0.00000480,0.00000150,0.00000000,0.00000000
MGM China Holdings Ltd,0.00000480,0.00000150,0.00000000,0.00000000
Petrindo Jaya Kreasi Tbk PT,0.00000480,0.00000450,0.00000000,0.00000000
TBEA Co Ltd,0.00000470,0.00000170,0.00000000,0.00000000
Home Product Center PCL,0.00000470,0.00000600,0.00000000,0.00000000
Hexaware Technologies Ltd,0.00000470,0.00000460,0.00000000,0.00000000
Alvotech SA,0.00000470,0.00000460,0.00000000,0.00000000
Anadolu Efes Biracilik Ve Malt Sanayii AS,0.00000470,0.00000140,0.00000000,0.00000000
Vedanta Oil and Gas Ltd,0.00000470,0.00000000,0.00000000,0.00000000
Arcelik AS,0.00000470,0.00000000,0.00000000,0.00000000
Mao Geping Cosmetics Co LTD,0.00000470,0.00000380,0.00000000,0.00000000
PTT Oil & Retail Business PCL,0.00000470,0.00000150,0.00000000,0.00000000
Anhui Jianghuai Automobile Group Corp Ltd,0.00000460,0.00000000,0.00000000,0.00000000
Ping An Healthcare and Technology Co Ltd,0.00000460,0.00000580,0.00000000,0.00000000
NLC India Ltd,0.00000460,0.00000450,0.00000000,0.00000000
Saudi Kayan Petrochemical Co,0.00000460,0.00000150,0.00000000,0.00000000
Genting Bhd,0.00000450,0.00000590,0.00000000,0.00000000
TongFu Microelectronics Co Ltd,0.00000450,0.00000590,0.00000000,0.00010000
SHIFT Inc,0.00000450,0.00000640,0.00000000,0.00000000
XCMG Construction Machinery Co Ltd,0.00000450,0.00000590,0.00000000,0.00000000
Ningbo Tuopu Group Co Ltd,0.00000450,0.00002550,0.00000000,0.00000000
Budweiser Brewing Co APAC Ltd,0.00000450,0.00000140,0.00000000,0.00000000
CP AXTRA PCL,0.00000440,0.00000460,0.00000000,0.00000000
Gubre Fabrikalari TAS,0.00000440,0.00002570,0.00000000,0.00000000
Magellan Financial Group Ltd,0.00000440,0.00000520,0.00000000,0.00000000
Asset World Corp PCL,0.00000440,0.00000000,0.00000000,0.00000000
Beijing Tong Ren Tang Co Ltd,0.00000440,0.00000000,0.00000000,0.00000000
LIC Housing Finance Ltd,0.00000440,0.00003210,0.00000000,0.00000000
ACM Research Shanghai Inc,0.00000440,0.00001370,0.00000000,0.00060000
ASR Microelectronics Co Ltd,0.00000430,0.00000000,0.00000000,0.00000000
Hang Lung Properties Ltd,0.00000430,0.00000150,0.00000000,0.00000000
Power & Water Utility Co for Jubail & Yanbu,0.00000430,0.00000470,0.00000000,0.00000000
SAIC Motor Corp Ltd,0.00000430,0.00000160,0.00000000,0.00000000
Yunnan Aluminium Co Ltd,0.00000430,0.00000610,0.00000000,0.00000000
Vedanta Power Ltd,0.00000430,0.00000000,0.00000000,0.00000000
Adani Wilmar Ltd,0.00000430,0.00000000,0.00000000,0.00000000
Qingdao Rural Commercial Bank Corp,0.00000430,0.00000000,0.00000000,0.00000000
Shanghai Junshi Biosciences Co Ltd,0.00000430,0.00000410,0.00000000,0.00000000
Seres Group Co Ltd,0.00000430,0.00000110,0.00000000,0.00000000
Colt CZ Group SE,0.00000430,0.00000450,0.00000000,0.00000000
Pegasus Hava Tasimaciligi AS,0.00000430,0.00000000,0.00000000,0.00000000
Nexchip Semiconductor Corp,0.00000430,0.00000460,0.00000000,0.00010000
China Reinsurance Group Corp,0.00000430,0.00000620,0.00000000,0.00000000
Activia Properties Inc,0.00000430,0.00000130,0.00000000,0.00000000
Top Glove Corp Bhd,0.00000430,0.00000450,0.00000000,0.00000000
Emami Ltd,0.00000430,0.00000000,0.00000000,0.00000000
Migros Ticaret AS,0.00000430,0.00002730,0.00000000,0.00000000
GoerTek Inc,0.00000420,0.00000160,0.00000000,0.00000000
Nippon Kayaku Co Ltd,0.00000420,0.00000200,0.00000000,0.00000000
UBE Corp,0.00000420,0.00000340,0.00000000,0.00000000
Ecopro Materials Co Ltd,0.00000420,0.00000500,0.00000000,0.00000000
Hgtech Co Ltd,0.00000420,0.00000470,0.00000000,0.00000000
Grupo de Inversiones Suramericana SA,0.00000420,0.00000600,0.00000000,0.00000000
New Issuer: BB Company ID:71589552,0.00000420,0.00000000,0.00000000,0.00000000
Ratch Group PCL,0.00000420,0.00000160,0.00000000,0.00000000
GQG Partners Inc,0.00000410,0.00000410,0.00000000,0.00000000
Pearl Abyss Corp,0.00000410,0.00000450,0.00000000,0.00000000
Nahdi Medical Co,0.00000410,0.00000150,0.00000000,0.00000000
Hebei Yangyuan Zhihui Beverage Co Ltd,0.00000410,0.00000000,0.00000000,0.00000000
Kalbe Farma Tbk PT,0.00000410,0.00000150,0.00000000,0.00000000
Kaneka Corp,0.00000410,0.00000000,0.00000000,0.00000000
L&T Technology Services Ltd,0.00000410,0.00000620,0.00000000,0.00000000
Metallurgical Corp of China Ltd,0.00000410,0.00000150,0.00000000,0.00000000
Jollibee Foods Corp,0.00000410,0.00000570,0.00000000,0.00000000
Saudia Dairy & Foodstuff Co,0.00000410,0.00000160,0.00000000,0.00000000
COFCO Sugar Holding Co Ltd,0.00000410,0.00000000,0.00000000,0.00000000
China Greatwall Technology Group Co Ltd,0.00000410,0.00000000,0.00000000,0.00000000
Damai Entertainment Holdings Ltd,0.00000410,0.00000480,0.00000000,0.00000000
Lotte Chemical Corp,0.00000410,0.00000000,0.00000000,0.00000000
Beijing Enterprises Water Group Ltd,0.00000410,0.00000500,0.00000000,0.00000000
Sasa Polyester Sanayi AS,0.00000410,0.00000000,0.00000000,0.00000000
Iflytek Co Ltd,0.00000410,0.00000180,0.00000000,0.00000000
Corp ACCIONA Energias Renovables SA,0.00000410,0.00000000,0.00000000,0.00000000
JG Summit Holdings Inc,0.00000400,0.00000590,0.00000000,0.00000000
GD Power Development Co Ltd,0.00000400,0.00000190,0.00000000,0.00000000
LaSalle Logiport REIT,0.00000400,0.00000140,0.00000000,0.00000000
Sharp Corp/Japan,0.00000400,0.00000630,0.00000000,0.00000000
Saudi Ground Services Co,0.00000400,0.00000000,0.00000000,0.00000000
Deutsche Wohnen SE,0.00000390,0.00000150,0.00000000,0.00000000
Ral Yatirim Holding AS,0.00000390,0.00000460,0.00000000,0.00000000
Guangdong Haid Group Co Ltd,0.00000390,0.00000100,0.00000000,0.00000000
Sinopec Engineering Group Co Ltd,0.00000390,0.00000600,0.00000000,0.00000000
Zenkoku Hosho Co Ltd,0.00000390,0.00000310,0.00000000,0.00000000
Guangzhou Tinci Materials Technology Co Ltd,0.00000390,0.00000000,0.00000000,0.00000000
Indian Renewable Energy Development Agency Ltd,0.00000390,0.00000160,0.00000000,0.00000000
China Vanke Co Ltd,0.00000390,0.00000150,0.00000000,0.00000000
Castrol India Ltd,0.00000380,0.00000000,0.00000000,0.00000000
Baiyin Nonferrous Group Co Ltd,0.00000380,0.00000480,0.00000000,0.00000000
China Suntien Green Energy Corp Ltd,0.00000380,0.00000600,0.00000000,0.00000000
Thai Life Insurance PCL,0.00000380,0.00000450,0.00000000,0.00000000
Kuang-Chi Technologies Co Ltd,0.00000380,0.00000130,0.00000000,0.00000000
CSPC Innovation Pharmaceutical Co Ltd,0.00000380,0.00000500,0.00000000,0.00000000
Jiangsu King's Luck Brewery JSC Ltd,0.00000380,0.00000000,0.00000000,0.00000000
Shenzhen Transsion Holdings Co Ltd,0.00000380,0.00000460,0.00000000,0.00000000
Sinotrans Ltd,0.00000380,0.00000160,0.00000000,0.00000000
Maanshan Iron & Steel Co Ltd,0.00000380,0.00000470,0.00000000,0.00000000
Korea Gas Corp,0.00000370,0.00000000,0.00000000,0.00000000
Perusahaan Gas Negara Persero Tbk PT,0.00000370,0.00000150,0.00000000,0.00000000
Hengli Petrochemical Co Ltd,0.00000370,0.00000610,0.00000000,0.00000000
Colbun SA,0.00000370,0.00000160,0.00000000,0.00000000
Dayamitra Telekomunikasi PT,0.00000370,0.00000000,0.00000000,0.00000000
Endurance Technologies Ltd,0.00000370,0.00000590,0.00000000,0.00000000
Posco DX Co Ltd,0.00000370,0.00000480,0.00000000,0.00000000
BOC International China Co Ltd,0.00000360,0.00000000,0.00000000,0.00000000
DGB Financial Group Inc,0.00000360,0.00000910,0.00000000,0.00000000
Netmarble Corp,0.00000360,0.00000000,0.00000000,0.00000000
Shanghai Huayi Group Co Ltd,0.00000360,0.00000000,0.00000000,0.00000000
Godrej Industries Ltd,0.00000360,0.00000000,0.00000000,0.00000000
Auren Energia SA,0.00000360,0.00000000,0.00000000,0.00000000
Guangzhou Baiyunshan Pharmaceutical Holdings Co Ltd,0.00000350,0.00000000,0.00000000,0.00000000
XL Axiata Tbk PT,0.00000350,0.00000480,0.00000000,0.00000000
Zhejiang Huayou Cobalt Co Ltd,0.00000350,0.00000090,0.00000000,0.00000000
China Rare Earth Resources And Technology Co Ltd,0.00000350,0.00000420,0.00000000,0.00000000
Shanghai Lingang Holdings Corp Ltd,0.00000350,0.00000000,0.00000000,0.00000000
Power Construction Corp of China Ltd,0.00000340,0.00000150,0.00000000,0.00000000
Daqo New Energy Corp,0.00000340,0.00000410,0.00000000,0.00010000
Transmissora Alianca de Energia Eletrica S/A,0.00000340,0.00000210,0.00000000,0.00000000
NOK Corp,0.00000340,0.00000290,0.00000000,0.00000000
AG Anadolu Grubu Holding AS,0.00000340,0.00000160,0.00000000,0.00000000
Porto Seguro SA,0.00000340,0.00000620,0.00000000,0.00000000
Advanced Petrochemical Co,0.00000340,0.00000150,0.00000000,0.00000000
Sichuan Biokin Pharmaceutical Co Ltd,0.00000340,0.00001210,0.00000000,0.00000000
Canmax Technologies Co Ltd,0.00000340,0.00000000,0.00000000,0.00000000
Fuji Media Holdings Inc,0.00000340,0.00000400,0.00000000,0.00000000
Industrial Securities Co Ltd,0.00000340,0.00000000,0.00000000,0.00000000
Beijing Dabeinong Technology Group Co Ltd,0.00000340,0.00000000,0.00000000,0.00000000
House Foods Group Inc,0.00000340,0.00000000,0.00000000,0.00000000
Chongqing Brewery Co Ltd,0.00000340,0.00000000,0.00000000,0.00000000
China XD Electric Co Ltd,0.00000340,0.00000460,0.00000000,0.00000000
Presight AI Holding PLC,0.00000340,0.00000000,0.00000000,0.00000000
United Breweries Ltd,0.00000330,0.00000150,0.00000000,0.00000000
Whirlpool of India Ltd,0.00000330,0.00000000,0.00000000,0.00000000
Ahlatci Dogal Gaz Dagitim Enerji VE Yatirim AS,0.00000330,0.00000000,0.00000000,0.00000000
United Energy Group Ltd,0.00000330,0.00000500,0.00000000,0.00000000
Unilever Indonesia Tbk PT,0.00000330,0.00000000,0.00000000,0.00000000
Genting Malaysia Bhd,0.00000330,0.00000000,0.00000000,0.00000000
Saudi Research & Media Group,0.00000330,0.00000460,0.00000000,0.00000000
Hotel Shilla Co Ltd,0.00000330,0.00000160,0.00000000,0.00000000
JMDC Inc,0.00000330,0.00000000,0.00000000,0.00000000
China Everbright Ltd,0.00000330,0.00000480,0.00000000,0.00000000
Nipro Corp,0.00000330,0.00001030,0.00000000,0.00000000
Osotspa PCL,0.00000330,0.00000000,0.00000000,0.00000000
Zhejiang Expressway Co Ltd,0.00000330,0.00002880,0.00000000,0.00000000
Sichuan Kelun Pharmaceutical Co Ltd,0.00000330,0.00000090,0.00000000,0.00000000
Borusan Birlesik Boru Fabrikalari Sanayi ve Ticaret AS,0.00000330,0.00000000,0.00000000,0.00000000
BAIC Motor Corp Ltd,0.00000330,0.00000000,0.00000000,0.00000000
Sangfor Technologies Inc,0.00000330,0.00000000,0.00000000,0.00000000
COSCO SHIPPING Development Co Ltd,0.00000330,0.00000160,0.00000000,0.00000000
Addsino Co Ltd,0.00000320,0.00000000,0.00000000,0.00000000
Bank of Hangzhou Co Ltd,0.00000320,0.00000760,0.00000000,0.00000000
Mavi Giyim Sanayi Ve Ticaret AS,0.00000320,0.00000000,0.00000000,0.00000000
Empyrean Technology Co Ltd,0.00000320,0.00000000,0.00000000,0.00000000
Elang Mahkota Teknologi Tbk PT,0.00000320,0.00000000,0.00000000,0.00000000
China Resources Microelectronics Ltd,0.00000320,0.00000480,0.00000000,0.00010000
GMO internet group Inc,0.00000310,0.00000400,0.00000000,0.00000000
SICC Co Ltd,0.00000310,0.00000000,0.00000000,0.00000000
Shenzhen MTC Co Ltd,0.00000310,0.00000000,0.00000000,0.00000000
Cia Sud Americana de Vapores SA,0.00000310,0.00000420,0.00000000,0.00000000
Mori Hills REIT Investment Corp,0.00000310,0.00000120,0.00000000,0.00000000
GS Engineering & Construction Corp,0.00000310,0.00001130,0.00000000,0.00000000
SK Bioscience Co Ltd,0.00000310,0.00000160,0.00000000,0.00000000
Sichuan Road and Bridge Group Co Ltd,0.00000310,0.00000160,0.00000000,0.00000000
Haisco Pharmaceutical Group Co Ltd,0.00000310,0.00000450,0.00000000,0.00000000
Beijing Enlight Media Co Ltd,0.00000310,0.00000000,0.00000000,0.00000000
Zhejiang NHU Co Ltd,0.00000310,0.00000120,0.00000000,0.00000000
Tongwei Co Ltd,0.00000300,0.00000000,0.00000000,0.00000000
TR Anadolu Metal Madencilik Isletmeleri AS,0.00000300,0.00000470,0.00000000,0.00000000
COSCO SHIPPING Ports Ltd,0.00000300,0.00000160,0.00000000,0.00000000
United Electronics Co,0.00000300,0.00000000,0.00000000,0.00000000
Nexteer Automotive Group Ltd,0.00000300,0.00000390,0.00000000,0.00000000
Arabian Drilling Co,0.00000300,0.00000000,0.00000000,0.00000000
Rakus Co Ltd,0.00000300,0.00000550,0.00000000,0.00000000
MLP Saglik Hizmetleri AS,0.00000300,0.00000610,0.00000000,0.00000000
flynas Co SJSC,0.00000300,0.00000150,0.00000000,0.00000000
Relo Group Inc,0.00000300,0.00000210,0.00000000,0.00000000
QL Resources Bhd,0.00000290,0.00000620,0.00000000,0.00000000
Calbee Inc,0.00000290,0.00000300,0.00000000,0.00000000
Margun Enerji Uretim Sanayi VE Ticaret AS,0.00000290,0.00000000,0.00000000,0.00000000
Apex Investment Co PSC,0.00000290,0.00000620,0.00000000,0.00000000
Shougang Fushan Resources Group Ltd,0.00000290,0.00000470,0.00000000,0.00000000
SJVN Ltd,0.00000290,0.00000000,0.00000000,0.00000000
Giant Network Group Co Ltd,0.00000290,0.00000000,0.00000000,0.00000000
Man Wah Holdings Ltd,0.00000290,0.00000000,0.00000000,0.00000000
Festi hf,0.00000290,0.00000600,0.00000000,0.00000000
Cencosud Shopping SA,0.00000290,0.00000150,0.00000000,0.00000000
CNPC Capital Co Ltd,0.00000280,0.00000000,0.00000000,0.00000000
Alliance Bank Malaysia Bhd,0.00000280,0.00000170,0.00000000,0.00000000
Indocement Tunggal Prakarsa Tbk PT,0.00000280,0.00000000,0.00000000,0.00000000
Ingenic Semiconductor Co Ltd,0.00000280,0.00000630,0.00000000,0.00010000
Relaxo Footwears Ltd,0.00000280,0.00000000,0.00000000,0.00000000
JSW Infrastructure Ltd,0.00000280,0.00000160,0.00000000,0.00000000
China Baoan Group Co Ltd,0.00000280,0.00000000,0.00000000,0.00000000
Aboitiz Power Corp,0.00000280,0.00000000,0.00000000,0.00000000
Yutong Bus Co Ltd,0.00000280,0.00002430,0.00000000,0.00000000
YTO Express Group Co Ltd,0.00000280,0.00000000,0.00000000,0.00000000
Anker Innovations Technology Co Ltd,0.00000280,0.00000570,0.00000000,0.00000000
Ezaki Glico Co Ltd,0.00000280,0.00000000,0.00000000,0.00000000
Amlogic Shanghai Co Ltd,0.00000280,0.00000000,0.00000000,0.00000000
Shanjin International Gold Co Ltd,0.00000270,0.00000120,0.00000000,0.00000000
Yunnan Yuntianhua Co Ltd,0.00000270,0.00000000,0.00000000,0.00000000
Yonyou Network Technology Co Ltd,0.00000270,0.00000000,0.00000000,0.00000000
LianChuang Electronic Technology Co Ltd,0.00000270,0.00000000,0.00000000,0.00000000
SCG Packaging PCL,0.00000270,0.00000000,0.00000000,0.00000000
Shanghai Allist Pharmaceuticals Co Ltd,0.00000270,0.00000000,0.00000000,0.00000000
Huafon Chemical Co Ltd,0.00000270,0.00000000,0.00000000,0.00000000
Fertiglobe plc,0.00000270,0.00000000,0.00000000,0.00000000
Beijing Compass Technology Development Co Ltd,0.00000270,0.00000000,0.00000000,0.00000000
Resorttrust Inc,0.00000270,0.00000180,0.00000000,0.00000000
CPFL Energia SA,0.00000270,0.00000160,0.00000000,0.00000000
Grupo Mateus SA,0.00000270,0.00000450,0.00000000,0.00000000
Shanghai Rural Commercial Bank Co Ltd,0.00000270,0.00000630,0.00000000,0.00000000
iQIYI Inc,0.00000270,0.00000000,0.00000000,0.00000000
China Communications Services Corp Ltd,0.00000270,0.00000600,0.00000000,0.00000000
Shapir Engineering and Industry Ltd,0.00000270,0.00001090,0.00000000,0.00000000
Ballys Intralot SA,0.00000260,0.00000150,0.00000000,0.00000000
Ito En Ltd,0.00000260,0.00000290,0.00000000,0.00000000
AEON REIT Investment Corp,0.00000260,0.00000230,0.00000000,0.00000000
CTF Services Ltd,0.00000260,0.00000160,0.00000000,0.00000000
Yuexiu Property Co Ltd,0.00000260,0.00000130,0.00000000,0.00000000
NanJi E-Commerce Co Ltd,0.00000260,0.00000000,0.00000000,0.00000000
CSN Mineracao SA,0.00000260,0.00000000,0.00000000,0.00000000
Tibet Cheezheng Tibetan Medicine Co Ltd,0.00000260,0.00000000,0.00000000,0.00000000
Luye Pharma Group Ltd,0.00000260,0.00000410,0.00000000,0.00000000
Shanghai Mechanical and Electrical Industry Co Ltd,0.00000260,0.00000000,0.00000000,0.00000000
BTS Group Holdings PCL,0.00000260,0.00000000,0.00000000,0.00000000
Meinian Onehealth Healthcare Holdings Co Ltd,0.00000250,0.00000000,0.00000000,0.00000000
Wanxiang Qianchao Co Ltd,0.00000250,0.00000000,0.00000000,0.00000000
Western Securities Co Ltd,0.00000250,0.00000000,0.00000000,0.00000000
Lulu Retail Holdings PLC,0.00000250,0.00000150,0.00000000,0.00000000
LunR Royalties Corp,0.00000250,0.00000000,0.00000000,0.00000000
Deterra Royalties Ltd,0.00000250,0.00000640,0.00000000,0.00000000
Authum Investment & Infrastructure Ltd,0.00000250,0.00000460,0.00000000,0.00000000
Lotte Corp,0.00000250,0.00000000,0.00000000,0.00000000
ABC-Mart Inc,0.00000250,0.00000260,0.00000000,0.00000000
Hunan Yuneng New Energy Battery Material Co Ltd,0.00000250,0.00000420,0.00000000,0.00000000
Sotetsu Holdings Inc,0.00000240,0.00000750,0.00000000,0.00000000
Shanghai Electric Power Co Ltd,0.00000240,0.00000000,0.00000000,0.00000000
MED Life SA,0.00000240,0.00000420,0.00000000,0.00000000
Multiplan Empreendimentos Imobiliarios SA,0.00000240,0.00000200,0.00000000,0.00000000
Bata India Ltd,0.00000240,0.00000000,0.00000000,0.00000000
Weibo Corp,0.00000240,0.00000140,0.00000000,0.00000000
AEON Financial Service Co Ltd,0.00000240,0.00000160,0.00000000,0.00000000
Hainan Airlines Holding Co Ltd,0.00000240,0.00000000,0.00000000,0.00000000
Guanghui Energy Co Ltd,0.00000240,0.00000000,0.00000000,0.00000000
Shanghai Stonehill Technology Co Ltd,0.00000240,0.00000000,0.00000000,0.00000000
China Traditional Chinese Medicine Holdings Co Ltd,0.00000240,0.00000580,0.00000000,0.00000000
Henan Shuanghui Investment & Development Co Ltd,0.00000230,0.00000160,0.00000000,0.00000000
Huizhou Desay Sv Automotive Co Ltd,0.00000230,0.00000000,0.00000000,0.00000000
Phoenix Group PLC,0.00000230,0.00000000,0.00000000,0.00000000
TravelSky Technology Ltd,0.00000230,0.00000670,0.00000000,0.00000000
China Resources Sanjiu Medical & Pharmaceutical Co Ltd,0.00000230,0.00000000,0.00000000,0.00000000
Xtep International Holdings Ltd,0.00000230,0.00000580,0.00000000,0.00000000
ZJLD Group Inc,0.00000230,0.00000460,0.00000000,0.00000000
Acom Co Ltd,0.00000230,0.00000000,0.00000000,0.00000000
Dentsu Soken Inc,0.00000230,0.00000270,0.00000000,0.00000000
Telekom Austria AG,0.00000230,0.00000000,0.00000000,0.00000000
Qatar Aluminum Manufacturing Co,0.00000230,0.00000160,0.00000000,0.00000000
Shanghai International Port Group Co Ltd,0.00000230,0.00000000,0.00000000,0.00000000
Loongson Technology Corp Ltd,0.00000230,0.00000000,0.00000000,0.00000000
Kuyumcukent Gayrimenkul Yatirimlari AS,0.00000230,0.00000480,0.00000000,0.00000000
Gotion High-tech Co Ltd,0.00000230,0.00000000,0.00000000,0.00000000
Guangxi Wuzhou Zhongheng Group Co Ltd,0.00000230,0.00000000,0.00000000,0.00000000
Kerry Properties Ltd,0.00000230,0.00000140,0.00000000,0.00000000
Kusuri no Aoki Holdings Co Ltd,0.00000220,0.00000390,0.00000000,0.00000000
Shanghai Jinjiang International Hotels Co Ltd,0.00000220,0.00002550,0.00000000,0.00000000
Monde Nissin Corp,0.00000220,0.00000000,0.00000000,0.00000000
Wolong Electric Group Co Ltd,0.00000220,0.00000000,0.00000000,0.00000000
Shanghai RAAS Blood Products Co Ltd,0.00000220,0.00000000,0.00000000,0.00000000
Honeywell Automation India Ltd,0.00000220,0.00000000,0.00000000,0.00000000
Jiangsu Zhongtian Technology Co Ltd,0.00000220,0.00000640,0.00000000,0.00000000
Aksa Akrilik Kimya Sanayii AS,0.00000220,0.00000000,0.00000000,0.00000000
Hysan Development Co Ltd,0.00000210,0.00000140,0.00000000,0.00000000
Shenzhen New Industries Biomedical Engineering Co Ltd,0.00000210,0.00000000,0.00000000,0.00000000
Arabian Contracting Services Co,0.00000210,0.00000000,0.00000000,0.00000000
Isoftstone Information Technology Group Co Ltd,0.00000210,0.00000000,0.00000000,0.00000000
Enerya Enerji AS,0.00000210,0.00000000,0.00000000,0.00000000
Talkweb Information System Co Ltd,0.00000210,0.00000000,0.00000000,0.00000000
Cia Siderurgica Nacional SA,0.00000210,0.00000480,0.00000000,0.00000000
AVIC Chengdu UAS Co Ltd,0.00000210,0.00000000,0.00000000,0.00000000
Wuhan Guide Infrared Co Ltd,0.00000210,0.00000000,0.00000000,0.00000000
Shanghai Zhangjiang High-Tech Park Development Co Ltd,0.00000210,0.00000000,0.00000000,0.00000000
Guangshen Railway Co Ltd,0.00000200,0.00000000,0.00000000,0.00000000
Kingnet Network Co Ltd,0.00000200,0.00000000,0.00000000,0.00000000
China National Accord Medicines Corp Ltd,0.00000200,0.00000000,0.00000000,0.00000000
TPG Telecom Ltd,0.00000200,0.00000610,0.00000000,0.00000000
CSI Solar Co Ltd,0.00000200,0.00000000,0.00000000,0.00000000
Kingfa Sci & Tech Co Ltd,0.00000200,0.00000000,0.00000000,0.00000000
Sichuan Hebang Biotechnology Co Ltd,0.00000200,0.00000000,0.00000000,0.00000000
JA Solar Technology Co Ltd,0.00000200,0.00000000,0.00000000,0.00000000
Shenzhen Infogem Technologies Co Ltd,0.00000200,0.00000000,0.00000000,0.00000000
Hopson Development Holdings Ltd,0.00000200,0.00000000,0.00000000,0.00000000
JL Mag Rare-Earth Co Ltd,0.00000200,0.00000000,0.00000000,0.00000000
Shenzhen Hepalink Pharmaceutical Group Co Ltd,0.00000200,0.00000000,0.00000000,0.00000000
Lufax Holding Ltd,0.00000200,0.00000000,0.00000000,0.00000000
F&F Co Ltd / New,0.00000200,0.00000000,0.00000000,0.00000000
Zhongsheng Group Holdings Ltd,0.00000200,0.00000000,0.00000000,0.00000000
China Resources Pharmaceutical Group Ltd,0.00000200,0.00000570,0.00000000,0.00000000
Fuyo General Lease Co Ltd,0.00000200,0.00000000,0.00000000,0.00000000
Kiler Holding AS,0.00000200,0.00000450,0.00000000,0.00000000
Becle SAB de CV,0.00000200,0.00000460,0.00000000,0.00000000
China National Software & Service Co Ltd,0.00000190,0.00000000,0.00000000,0.00000000
GEN Ilac VE Saglik Urunleri Sanayi VE Ticaret AS,0.00000190,0.00000000,0.00000000,0.00000000
Hutchison Port Holdings Trust,0.00000190,0.00000610,0.00000000,0.00000000
Turkiye Sigorta AS,0.00000190,0.00000000,0.00000000,0.00000000
Songcheng Performance Development Co Ltd,0.00000190,0.00000000,0.00000000,0.00000000
Shandong Himile Mechanical Science & Technology Co Ltd,0.00000190,0.00000000,0.00000000,0.00000000
Koza Altin Isletmeleri AS,0.00000190,0.00000610,0.00000000,0.00000000
Justsystems Corp,0.00000190,0.00000000,0.00000000,0.00000000
VOYAH Automobile Technology Co Ltd,0.00000190,0.00000000,0.00000000,0.00000000
Daiwa Office Investment Corp,0.00000190,0.00000000,0.00000000,0.00000000
EIS Eczacibasi Ilac ve Sinai ve Finansal Yatirimlar Sanayi ve Ticaret AS,0.00000190,0.00000000,0.00000000,0.00000000
Jinko Solar Co Ltd,0.00000190,0.00000000,0.00000000,0.00000000
Bank of Beijing Co Ltd,0.00000190,0.00000760,0.00000000,0.00000000
Hanwha Life Insurance Co Ltd,0.00000190,0.00000660,0.00000000,0.00000000
Avia Avian Tbk PT,0.00000190,0.00000000,0.00000000,0.00000000
Yulon Motor Co Ltd,0.00000190,0.00000000,0.00000000,0.00000000
National Industrialization Co,0.00000190,0.00000150,0.00000000,0.00000000
Jiangsu Hoperun Software Co Ltd,0.00000190,0.00000000,0.00000000,0.00000000
Israel Corp Ltd,0.00000190,0.00000630,0.00000000,0.00000000
Ziraat Gayrimenkul Yatirim Ortakligi AS,0.00000180,0.00000000,0.00000000,0.00000000
Shenzhen SC New Energy Technology Corp,0.00000180,0.00000000,0.00000000,0.00000000
Xinjiang Daqo New Energy Co Ltd,0.00000180,0.00000000,0.00000000,0.00000000
Shenzhen Salubris Pharmaceuticals Co Ltd,0.00000180,0.00000000,0.00000000,0.00000000
Kvika banki hf,0.00000180,0.00000470,0.00000000,0.00000000
Dogus Otomotiv Servis ve Ticaret AS,0.00000180,0.00000000,0.00000000,0.00000000
Enerjisa Enerji AS,0.00000180,0.00000000,0.00000000,0.00000000
Santam Ltd,0.00000180,0.00000470,0.00000000,0.00000000
Yuan Longping High-tech Agriculture Co Ltd,0.00000180,0.00000000,0.00000000,0.00000000
Vedant Fashions Ltd,0.00000180,0.00000000,0.00000000,0.00000000
Topsports International Holdings Ltd,0.00000180,0.00000430,0.00000000,0.00000000
Sun Art Retail Group Ltd,0.00000180,0.00000000,0.00000000,0.00000000
Hang Lung Group Ltd,0.00000180,0.00000150,0.00000000,0.00000000
Lydia Yesil Enerji Kaynaklari Anonimsirketi,0.00000180,0.00000000,0.00000000,0.00000000
Guosen Securities Co Ltd,0.00000170,0.00000000,0.00000000,0.00000000
Is Yatirim Menkul Degerler AS,0.00000170,0.00000000,0.00000000,0.00000000
S-1 Corp,0.00000170,0.00000650,0.00000000,0.00000000
China Merchants Shekou Industrial Zone Holdings Co Ltd,0.00000170,0.00000130,0.00000000,0.00000000
Ulker Biskuvi Sanayi AS,0.00000170,0.00000000,0.00000000,0.00000000
El Puerto de Liverpool SAB de CV,0.00000170,0.00000150,0.00000000,0.00000000
Bestechnic Shanghai Co Ltd,0.00000170,0.00000000,0.00000000,0.00000000
Shenzhen Everwin Precision Technology Co Ltd,0.00000170,0.00000000,0.00000000,0.00000000
Tera Yatirim Menkul Degerler AS,0.00000170,0.00000470,0.00000000,0.00000000
Shanghai Industrial Holdings Ltd,0.00000160,0.00000530,0.00000000,0.00000000
Pan Ocean Co Ltd,0.00000160,0.00000560,0.00000000,0.00000000
Shijiazhuang Changshan BeiMing Technology Co Ltd,0.00000160,0.00000000,0.00000000,0.00000000
Yonghui Superstores Co Ltd,0.00000160,0.00000000,0.00000000,0.00000000
Borusan Yatirim ve Pazarlama AS,0.00000160,0.00000000,0.00000000,0.00000000
Zhejiang Jingsheng Mechanical & Electrical Co Ltd,0.00000160,0.00000490,0.00000000,0.00000000
Kumba Iron Ore Ltd,0.00000160,0.00000450,0.00000000,0.00000000
PT Tower Bersama Infrastructure Tbk,0.00000160,0.00000000,0.00000000,0.00000000
New Issuer: BB Company ID:28698077,0.00000160,0.00000000,0.00000000,0.00000000
Itoham Yonekyu Holdings Inc,0.00000160,0.00000000,0.00000000,0.00000000
Hanwha Machinery & Service Holdings Co Ltd,0.00000160,0.00000000,0.00000000,0.00000000
Huaxia Bank Co Ltd,0.00000150,0.00000560,0.00000000,0.00000000
Shanxi Coking Coal Energy Group Co Ltd,0.00000150,0.00000000,0.00000000,0.00000000
Shenzhen International Holdings Ltd,0.00000150,0.00000600,0.00000000,0.00000000
Grainturk Tarim AS,0.00000150,0.00000000,0.00000000,0.00000000
Formosa Sumco Technology Corp,0.00000150,0.00000460,0.00000000,0.00020000
momo.com Inc,0.00000150,0.00000000,0.00000000,0.00000000
GT Capital Holdings Inc,0.00000150,0.00000440,0.00000000,0.00000000
MIA Teknoloji AS,0.00000150,0.00000000,0.00000000,0.00000000
Toyota Boshoku Corp,0.00000140,0.00000220,0.00000000,0.00000000
Seera Group Holding,0.00000140,0.00000150,0.00000000,0.00000000
Satellite Chemical Co Ltd,0.00000140,0.00000650,0.00000000,0.00000000
Mayora Indah Tbk PT,0.00000140,0.00000000,0.00000000,0.00000000
Hanmi Science Co ltd,0.00000140,0.00000000,0.00000000,0.00000000
Shanxi Taigang Stainless Steel Co Ltd,0.00000140,0.00000000,0.00000000,0.00000000
Xiamen Tungsten Co Ltd,0.00000140,0.00000610,0.00000000,0.00000000
Lee & Man Paper Manufacturing Ltd,0.00000140,0.00000450,0.00000000,0.00000000
CCOOP Group Co Ltd,0.00000140,0.00000000,0.00000000,0.00000000
Shijiazhuang Yiling Pharmaceutical Co Ltd,0.00000140,0.00000000,0.00000000,0.00000000
Opus Global Nyrt,0.00000140,0.00000460,0.00000000,0.00000000
China South Publishing & Media Group Co Ltd,0.00000140,0.00000000,0.00000000,0.00000000
Yunnan Tin Co Ltd,0.00000140,0.00000000,0.00000000,0.00000000
Celltrion Pharm Inc,0.00000140,0.00000150,0.00000000,0.00000000
Angelalign Technology Inc,0.00000140,0.00000350,0.00000000,0.00000000
Beijing Shougang Co Ltd,0.00000140,0.00000000,0.00000000,0.00000000
SG Micro Corp,0.00000140,0.00000520,0.00000000,0.00010000
Amot Investments Ltd,0.00000140,0.00000600,0.00000000,0.00000000
Yealink Network Technology Corp Ltd,0.00000140,0.00000560,0.00000000,0.00000000
Xinhua Winshare Publishing and Media Co Ltd,0.00000130,0.00000460,0.00000000,0.00000000
Zhejiang Medicine Co Ltd,0.00000130,0.00000000,0.00000000,0.00000000
ACEN Corp,0.00000130,0.00000000,0.00000000,0.00000000
Converge Information and Communications Technology Solutions Inc,0.00000130,0.00000000,0.00000000,0.00000000
NagaCorp Ltd,0.00000130,0.00000000,0.00000000,0.00000000
Tongling Nonferrous Metals Group Co Ltd,0.00000130,0.00000150,0.00000000,0.00000000
China Great Wall Securities Co Ltd,0.00000130,0.00000000,0.00000000,0.00000000
Tofas Turk Otomobil Fabrikasi AS,0.00000130,0.00000150,0.00000000,0.00000000
Citic Pacific Special Steel Group Co Ltd,0.00000130,0.00000470,0.00000000,0.00000000
Blue Moon Group Holdings Ltd,0.00000130,0.00000000,0.00000000,0.00000000
Sarana Menara Nusantara Tbk PT,0.00000130,0.00000000,0.00000000,0.00000000
Efor Yatirim Sanayi Ticaret AS,0.00000130,0.00000000,0.00000000,0.00000000
Kunlun Tech Co Ltd,0.00000130,0.00000000,0.00000000,0.00000000
KEPCO Plant Service & Engineering Co Ltd,0.00000130,0.00000000,0.00000000,0.00000000
Lao Feng Xiang Co Ltd,0.00000130,0.00000470,0.00000000,0.00000000
Shanxi Lu'an Environmental Energy Development Co Ltd,0.00000130,0.00000000,0.00000000,0.00000000
Seazen Group Ltd,0.00000120,0.00000480,0.00000000,0.00000000
Shenzhen Dynanonic Co Ltd,0.00000120,0.00000000,0.00000000,0.00000000
Hunan Gold Corp Ltd,0.00000120,0.00000000,0.00000000,0.00000000
Dah Sing Banking Group Ltd,0.00000120,0.00000000,0.00000000,0.00000000
Muangthai Capital PCL,0.00000120,0.00000000,0.00000000,0.00000000
Hanon Systems,0.00000120,0.00000460,0.00000000,0.00000000
Hebei Changshan Biochemical Pharmaceutical Co Ltd,0.00000120,0.00000000,0.00000000,0.00000000
Joinn Laboratories China Co Ltd,0.00000120,0.00002430,0.00000000,0.00000000
Bukit Asam Persero Tbk PT,0.00000120,0.00000000,0.00000000,0.00000000
China National Chemical Engineering Co Ltd,0.00000120,0.00000000,0.00000000,0.00000000
Sansteel Minguang Co Ltd Fujian,0.00000120,0.00000000,0.00000000,0.00000000
Shandong Hualu Hengsheng Chemical Co Ltd,0.00000120,0.00000000,0.00000000,0.00000000
Pola Orbis Holdings Inc,0.00000120,0.00000000,0.00000000,0.00000000
Gujarat Energy Ltd,0.00000110,0.00000580,0.00000000,0.00000000
Poly Developments and Holdings Group Co Ltd,0.00000110,0.00000000,0.00000000,0.00000000
Poly Property Services Co Ltd,0.00000110,0.00000000,0.00000000,0.00000000
TBS Holdings Inc,0.00000110,0.00000000,0.00000000,0.00000000
Dongsuh Cos Inc,0.00000110,0.00000000,0.00000000,0.00000000
LYDIA HOLDING AS,0.00000110,0.00000000,0.00000000,0.00000000
Jiangsu Eastern Shenghong Co Ltd,0.00000110,0.00000660,0.00000000,0.00000000
Yihai Kerry Arawana Holdings Co Ltd,0.00000110,0.00000000,0.00000000,0.00000000
Hektas Ticaret TAS,0.00000110,0.00000000,0.00000000,0.00000000
Unisplendour Corp Ltd,0.00000110,0.00000620,0.00000000,0.00000000
Shenghe Resources Holding Co Ltd,0.00000110,0.00000000,0.00000000,0.00000000
Zhejiang Huace Film & Television Co Ltd,0.00000110,0.00000000,0.00000000,0.00000000
Vale Indonesia Tbk PT,0.00000100,0.00000000,0.00000000,0.00000000
Towngas Smart Energy Co Ltd,0.00000100,0.00000480,0.00000000,0.00000000
Sinopec Oilfield Service Corp,0.00000100,0.00000000,0.00000000,0.00000000
Zhefu Holding Group Co Ltd,0.00000100,0.00000000,0.00000000,0.00000000
Samsung Card Co Ltd,0.00000100,0.00000000,0.00000000,0.00000000
China Lesso Group Holdings Ltd,0.00000100,0.00000000,0.00000000,0.00000000
KLN Logistics Group Ltd,0.00000100,0.00000000,0.00000000,0.00000000
Jiangsu Yoke Technology Co Ltd,0.00000100,0.00000320,0.00000000,0.00000000
DMCI Holdings Inc,0.00000100,0.00000440,0.00000000,0.00000000
Chongqing Zhifei Biological Products Co Ltd,0.00000100,0.00000000,0.00000000,0.00000000
Trina Solar Co Ltd,0.00000100,0.00000000,0.00000000,0.00000000
Delek Yizum Nechasim Ltd,0.00000100,0.00000000,0.00000000,0.00000000
Metro Brands Ltd,0.00000100,0.00000000,0.00000000,0.00000000
Olam Group Ltd,0.00000100,0.00000450,0.00000000,0.00000000
CJ Logistics Corp,0.00000100,0.00000000,0.00000000,0.00000000
Shenzhen Capchem Technology Co Ltd,0.00000100,0.00000000,0.00000000,0.00000000
GS Retail Co Ltd,0.00000100,0.00000460,0.00000000,0.00000000
Shanghai Putailai New Energy Technology Group Co Ltd,0.00000100,0.00000000,0.00000000,0.00000000
Gudang Garam Tbk PT,0.00000100,0.00000000,0.00000000,0.00000000
New Hope Liuhe Co Ltd,0.00000090,0.00000000,0.00000000,0.00000000
SK IE Technology Co Ltd,0.00000090,0.00000000,0.00000000,0.00000000
Do-Fluoride New Materials Co Ltd,0.00000090,0.00000000,0.00000000,0.00000000
Yunnan Energy New Material Group Co Ltd,0.00000090,0.00000000,0.00000000,0.00000000
CECEP Wind-Power Corp,0.00000090,0.00000000,0.00000000,0.00000000
Maxscend Microelectronics Co Ltd,0.00000090,0.00000000,0.00000000,0.00000000
CanSino Biologics Inc,0.00000090,0.00000000,0.00000000,0.00000000
4iG Nyrt,0.00000090,0.00000000,0.00000000,0.00000000
China Resources Building Materials Technology Holdings Ltd,0.00000090,0.00000440,0.00000000,0.00000000
Champion REIT,0.00000080,0.00001980,0.00000000,0.00000000
Berli Jucker PCL,0.00000080,0.00000000,0.00000000,0.00000000
Tianshan Aluminum Group Co Ltd,0.00000080,0.00002540,0.00000000,0.00000000
37 Interactive Entertainment Network Technology Group Co Ltd,0.00000080,0.00000000,0.00000000,0.00000000
Shangri-La Asia Ltd,0.00000080,0.00000000,0.00000000,0.00000000
SJM Holdings Ltd,0.00000080,0.00001960,0.00000000,0.00000000
China World Trade Center Co Ltd,0.00000080,0.00000000,0.00000000,0.00000000
Hundsun Technologies Inc,0.00000080,0.00000000,0.00000000,0.00000000
Shanghai Jinqiao Export Processing Zone Development Co Ltd,0.00000080,0.00000770,0.00000000,0.00000000
Tongkun Group Co Ltd,0.00000080,0.00000000,0.00000000,0.00000000
Shenzhen Kaifa Technology Co Ltd,0.00000080,0.00000000,0.00000000,0.00000000
LB Group Co Ltd,0.00000080,0.00000000,0.00000000,0.00000000
Beijing Jingneng Clean Energy Co Ltd,0.00000080,0.00000450,0.00000000,0.00000000
Shenzhen Overseas Chinese Town Co Ltd,0.00000070,0.00000000,0.00000000,0.00000000
Burgan Bank SAK,0.00000070,0.00000530,0.00000000,0.00000000
Semirara Mining & Power Corp,0.00000070,0.00000000,0.00000000,0.00000000
Zhejiang Chint Electrics Co Ltd,0.00000070,0.00000120,0.00000000,0.00000000
Angang Steel Co Ltd,0.00000070,0.00000000,0.00000000,0.00000000
Gemdale Corp,0.00000070,0.00000000,0.00000000,0.00000000
Jizhong Energy Resources Co Ltd,0.00000070,0.00000000,0.00000000,0.00000000
Huaibei Mining Holdings Co Ltd,0.00000070,0.00002630,0.00000000,0.00000000
Hubei Energy Group Co Ltd,0.00000070,0.00000000,0.00000000,0.00000000
Asymchem Laboratories Tianjin Co Ltd,0.00000070,0.00000370,0.00000000,0.00000000
Bank Syariah Indonesia Persero Tbk PT,0.00000070,0.00000000,0.00000000,0.00000000
Huadong Medicine Co Ltd,0.00000070,0.00000000,0.00000000,0.00000000
Pangang Group Vanadium Titanium & Resources Co Ltd,0.00000070,0.00000000,0.00000000,0.00000000
Sun TV Network Ltd,0.00000070,0.00000000,0.00000000,0.00000000
Zhejiang Huahai Pharmaceutical Co Ltd,0.00000060,0.00000000,0.00000000,0.00000000
Semen Indonesia Persero Tbk PT,0.00000060,0.00000000,0.00000000,0.00000000
Bayer CropScience Ltd/India,0.00000060,0.00000000,0.00000000,0.00000000
Hoyuan Green Energy Co Ltd,0.00000060,0.00000000,0.00000000,0.00000000
Megaworld Corp,0.00000060,0.00000470,0.00000000,0.00000000
Jasa Marga Persero Tbk PT,0.00000060,0.00000000,0.00000000,0.00000000
Shenzhen Energy Group Co Ltd,0.00000060,0.00000000,0.00000000,0.00000000
LDR Turizm AS,0.00000060,0.00000000,0.00000000,0.00000000
M Dias Branco SA,0.00000060,0.00000000,0.00000000,0.00000000
Red Star Macalline Group Corp Ltd,0.00000060,0.00000000,0.00000000,0.00000000
By-health Co Ltd,0.00000060,0.00000000,0.00000000,0.00000000
Mango Excellent Media Co Ltd,0.00000060,0.00000000,0.00000000,0.00000000
Ecovacs Robotics Co Ltd,0.00000060,0.00000000,0.00000000,0.00000000
Changchun High-Tech Industry Group Co Ltd,0.00000060,0.00000000,0.00000000,0.00000000
Sunwoda Electronic Co Ltd,0.00000050,0.00000000,0.00000000,0.00000000
Zhuhai Huafa Properties Co Ltd,0.00000050,0.00000000,0.00000000,0.00000000
CICT Mobile Communication Technology Co Ltd,0.00000050,0.00000500,0.00000000,0.00000000
G-bits Network Technology Xiamen Co Ltd,0.00000050,0.00000000,0.00000000,0.00000000
Huayu Automotive Systems Co Ltd,0.00000050,0.00000460,0.00000000,0.00000000
Ningbo Sanxing Medical Electric Co Ltd,0.00000050,0.00000000,0.00000000,0.00000000
Pingdingshan Tianan Coal Mining Co Ltd,0.00000050,0.00000000,0.00000000,0.00000000
Topchoice Medical Corp,0.00000050,0.00000000,0.00000000,0.00000000
Walvax Biotechnology Co Ltd,0.00000050,0.00000000,0.00000000,0.00000000
Shanghai International Airport Co Ltd,0.00000050,0.00000000,0.00000000,0.00000000
Hunan Valin Steel Co Ltd,0.00000050,0.00000000,0.00000000,0.00000000
Ginlong Technologies Co Ltd,0.00000050,0.00000000,0.00000000,0.00000000
Ufuk Yatirim Yonetim ve Gayrimenkul AS,0.00000050,0.00000400,0.00000000,0.00000000
Hangzhou First Applied Material Co Ltd,0.00000050,0.00000000,0.00000000,0.00000000
JiuGui Liquor Co Ltd,0.00000050,0.00000000,0.00000000,0.00000000
Shanghai BOCHU Electronic Technology Corp Ltd,0.00000050,0.00000000,0.00000000,0.00000000
Lepu Medical Technology Beijing Co Ltd,0.00000050,0.00000000,0.00000000,0.00000000
ENN Natural Gas Co Ltd,0.00000050,0.00000460,0.00000000,0.00000000
Yunnan Copper Co Ltd,0.00000050,0.00000000,0.00000000,0.00000000
Kum Yang Co Ltd,0.00000050,0.00000000,0.00000000,0.00000000
Luxi Chemical Group Co Ltd,0.00000050,0.00000000,0.00000000,0.00000000
Bumi Serpong Damai Tbk PT,0.00000050,0.00000000,0.00000000,0.00000000
Hualan Biological Engineering Inc,0.00000050,0.00000000,0.00000000,0.00000000
Xuji Electric Co Ltd,0.00000040,0.00000000,0.00000000,0.00000000
Ezdan Holding Group QSC,0.00000040,0.00002010,0.00000000,0.00000000
Dubai Financial Market PJSC,0.00000040,0.00000000,0.00000000,0.00000000
Yifeng Pharmacy Chain Co Ltd,0.00000040,0.00000000,0.00000000,0.00000000
Thunder Software Technology Co Ltd,0.00000040,0.00000000,0.00000000,0.00000000
Shan Xi Hua Yang Group New Energy Co Ltd,0.00000040,0.00000000,0.00000000,0.00000000
Perfect World Co Ltd/China,0.00000040,0.00000000,0.00000000,0.00000000
Imeik Technology Development Co Ltd,0.00000040,0.00000000,0.00000000,0.00000000
Intco Medical Technology Co Ltd,0.00000040,0.00000000,0.00000000,0.00000000
Hoshine Silicon Industry Co Ltd,0.00000040,0.00000000,0.00000000,0.00000000
Zhejiang Yongtai Technology Co Ltd,0.00000040,0.00000000,0.00000000,0.00000000
Turkiye Vakiflar Bankasi TAO,0.00000040,0.00000000,0.00000000,0.00000000
CETC Cyberspace Security Technology Co Ltd,0.00000040,0.00000000,0.00000000,0.00000000
Kansai Nerolac Paints Ltd,0.00000040,0.00000000,0.00000000,0.00000000
CECEP Solar Energy Co Ltd,0.00000030,0.00000000,0.00000000,0.00000000
Shenzhen Gas Corp Ltd,0.00000030,0.00000000,0.00000000,0.00000000
Guosheng Securities Inc,0.00000030,0.00000000,0.00000000,0.00000000
Ningbo Joyson Electronic Corp,0.00000030,0.00000000,0.00000000,0.00000000
Beijing New Building Materials PLC,0.00000030,0.00000000,0.00000000,0.00000000
StarHub Ltd,0.00000030,0.00000470,0.00000000,0.00000000
Shanghai Bairun Investment Holding Group Co Ltd,0.00000030,0.00000000,0.00000000,0.00000000
Sichuan Swellfun Co Ltd,0.00000030,0.00000000,0.00000000,0.00000000
Angel Yeast Co Ltd,0.00000030,0.00000000,0.00000000,0.00000000
Xizang Zhufeng Resources Co Ltd,0.00000030,0.00000000,0.00000000,0.00000000
Western Superconducting Technologies Co Ltd,0.00000030,0.00000000,0.00000000,0.00000000
Beijing Shiji Information Technology Co Ltd,0.00000030,0.00000000,0.00000000,0.00000000
Zhejiang Dingli Machinery Co Ltd,0.00000030,0.00000000,0.00000000,0.00000000
Inner Mongolia Junzheng Energy & Chemical Industry Group Co Ltd,0.00000030,0.00000000,0.00000000,0.00000000
Wuchan Zhongda Group Co Ltd,0.00000030,0.00000000,0.00000000,0.00000000
Beijing Shunxin Agriculture Co Ltd,0.00000030,0.00000000,0.00000000,0.00000000
Fujian Funeng Co Ltd,0.00000030,0.00000000,0.00000000,0.00000000
Beijing Wantai Biological Pharmacy Enterprise Co Ltd,0.00000020,0.00000000,0.00000000,0.00000000
Guangzhou Kingmed Diagnostics Group Co Ltd,0.00000020,0.00000000,0.00000000,0.00000000
Shenzhen Kangtai Biological Products Co Ltd,0.00000020,0.00000000,0.00000000,0.00000000
Zhuzhou Kibing Group Co Ltd,0.00000020,0.00000000,0.00000000,0.00000000
Skshu Paint Co Ltd,0.00000020,0.00000000,0.00000000,0.00000000
Zhejiang Jiuzhou Pharmaceutical Co Ltd,0.00000020,0.00000000,0.00000000,0.00000000
Yonfer Agricultural Technology Co Ltd,0.00000020,0.00000000,0.00000000,0.00000000
Ovctek China Inc,0.00000020,0.00000000,0.00000000,0.00000000
Weihai Guangwei Composites Co Ltd,0.00000020,0.00000000,0.00000000,0.00000000
Changzhou Xingyu Automotive Lighting Systems Co Ltd,0.00000020,0.00000000,0.00000000,0.00000000
Minimax Group Inc,0.00000020,0.00000540,0.00000000,0.00000000
Offcn Education Technology Co Ltd,0.00000020,0.00000000,0.00000000,0.00000000
Guolian Securities Co Ltd,0.00000020,0.00002010,0.00000000,0.00000000
Nanjing Hanrui Cobalt Co Ltd,0.00000020,0.00000000,0.00000000,0.00000000
North Industries Group Red Arrow Co Ltd,0.00000020,0.00000000,0.00000000,0.00000000
Shanghai Yuyuan Tourist Mart Group Co Ltd,0.00000020,0.00000000,0.00000000,0.00000000
Jason Furniture Hangzhou Co Ltd,0.00000020,0.00000000,0.00000000,0.00000000
Anjoy Foods Group Co Ltd,0.00000020,0.00001870,0.00000000,0.00000000
Guangdong Electric Power Development Co Ltd,0.00000020,0.00000170,0.00000000,0.00000000
Jafron Biomedical Co Ltd,0.00000010,0.00000000,0.00000000,0.00000000
Zhejiang Wolwo Bio-Pharmaceutical Co Ltd,0.00000010,0.00000000,0.00000000,0.00000000
Shandong Linglong Tyre Co Ltd,0.00000010,0.00000000,0.00000000,0.00000000
OSB Group PLC,0.00000000,0.00000640,0.00000000,0.00000000
OSAKA Titanium Technologies Co Ltd,0.00000000,0.00000510,0.00000000,0.00000000
Orum Therapeutics Inc,0.00000000,0.00000410,0.00000000,0.00000000
Osaka Soda Co Ltd,0.00000000,0.00000600,0.00000000,0.00000000
Ormat Technologies Inc,0.00000000,0.00005960,0.00000000,0.00000000
Orient Cement Ltd,0.00000000,0.00000460,0.00000000,0.00000000
Organon & Co,0.00000000,0.00002310,0.00000000,0.00000000
Orange Polska SA,0.00000000,0.00001240,0.00000000,0.00000000
Otter Tail Corp,0.00000000,0.00004550,0.00000000,0.00000000
OSL Group Ltd,0.00000000,0.00000600,0.00000000,0.00000000
Osisko Gold Royalties Ltd,0.00000000,0.00011340,0.00000000,0.00000000
OSI Systems Inc,0.00000000,0.00001870,0.00000000,0.00000000
Oshkosh Corp,0.00000000,0.00010140,0.00000000,0.00000000
Onewo Inc,0.00000000,0.00000480,0.00000000,0.00000000
Paragon Banking Group PLC,0.00000000,0.00000170,0.00000000,0.00000000
Paradeep Phosphates Ltd,0.00000000,0.00000460,0.00000000,0.00000000
Papa John's International Inc,0.00000000,0.00000440,0.00000000,0.00000000
PAX Global Technology Ltd,0.00000000,0.00000470,0.00000000,0.00000000
Patterson-UTI Energy Inc,0.00000000,0.00002610,0.00000000,0.00000000
Patrick Industries Inc,0.00000000,0.00001630,0.00000000,0.00000000
Patria Renda Urbana FII RL,0.00000000,0.00000460,0.00000000,0.00000000
Patria Log Fundo De Investimento Imobiliario Responsabilidade Ltda,0.00000000,0.00000610,0.00000000,0.00000000
Oscotec Inc,0.00000000,0.00000430,0.00000000,0.00000000
Parsons Corp,0.00000000,0.00001130,0.00000000,0.00000000
Parkway Life Real Estate Investment Trust,0.00000000,0.00000600,0.00000000,0.00000000
Ora Banda Mining Ltd,0.00000000,0.00001050,0.00000000,0.00000000
Option Care Health Inc,0.00000000,0.00002230,0.00000000,0.00000000
Opmobility,0.00000000,0.00000610,0.00000000,0.00000000
OPENLANE Inc,0.00000000,0.00002140,0.00000000,0.00000000
oOh!media Ltd,0.00000000,0.00000460,0.00000000,0.00000000
Onto Innovation Inc,0.00000000,0.00012410,0.00000000,0.00170000
Onex Corp,0.00000000,0.00005910,0.00000000,0.00000000
Partner Communications Co Ltd,0.00000000,0.00001060,0.00000000,0.00000000
Per Aarsleff Holding A/S,0.00000000,0.00002800,0.00000000,0.00000000
Perenti Ltd,0.00000000,0.00001020,0.00000000,0.00000000
Performance Food Group Co,0.00000000,0.00013800,0.00000000,0.00000000
Pegasystems Inc,0.00000000,0.00001890,0.00000000,0.00000000
Peker Gayrimenkul Yatirim Ortakligi AS,0.00000000,0.00000160,0.00000000,0.00000000
Peloton Interactive Inc,0.00000000,0.00001270,0.00000000,0.00000000
Penn Entertainment Inc,0.00000000,0.00001220,0.00000000,0.00000000
Pennon Group PLC,0.00000000,0.00001140,0.00000000,0.00000000
PennyMac Financial Services Inc,0.00000000,0.00001080,0.00000000,0.00000000
Penske Automotive Group Inc,0.00000000,0.00004090,0.00000000,0.00000000
Penta-Ocean Construction Co Ltd,0.00000000,0.00001110,0.00000000,0.00000000
Paycom Software Inc,0.00000000,0.00011940,0.00000000,0.00000000
Paylocity Holding Corp,0.00000000,0.00007710,0.00000000,0.00000000
Payoneer Global Inc,0.00000000,0.00000610,0.00000000,0.00000000
Paz Retail And Energy Ltd,0.00000000,0.00001680,0.00000000,0.00000000
OSG Corp,0.00000000,0.00000350,0.00000000,0.00000000
Planet Fitness Inc,0.00000000,0.00002510,0.00000000,0.00000000
Pixart Imaging Inc,0.00000000,0.00000150,0.00000000,0.00010000
Piramal Pharma Ltd,0.00000000,0.00000620,0.00000000,0.00000000
Piper Sandler Cos,0.00000000,0.00005390,0.00000000,0.00000000
Pinnacle West Capital Corp,0.00000000,0.00018910,0.00000000,0.00000000
PNC Infratech Ltd,0.00000000,0.00000420,0.00000000,0.00000000
PNB Housing Finance Ltd,0.00000000,0.00000760,0.00000000,0.00000000
PBF Energy Inc,0.00000000,0.00006590,0.00000000,0.00000000
Plus500 Ltd,0.00000000,0.00001870,0.00000000,0.00000000
Plug Power Inc,0.00000000,0.00001820,0.00000000,0.00000000
Plexus Corp,0.00000000,0.00004300,0.00000000,0.00000000
Playtech Plc,0.00000000,0.00000610,0.00000000,0.00000000
Platzer Fastigheter Holding AB,0.00000000,0.00000440,0.00000000,0.00000000
Pebblebrook Hotel Trust,0.00000000,0.00001080,0.00000000,0.00000000
Peabody Energy Corp,0.00000000,0.00002220,0.00000000,0.00000000
Peab AB,0.00000000,0.00000620,0.00000000,0.00000000
Pluxee NV,0.00000000,0.00000620,0.00000000,0.00000000
Pacific Basin Shipping Ltd,0.00000000,0.00001150,0.00000000,0.00000000
OY Nofar Energy Ltd,0.00000000,0.00001020,0.00000000,0.00000000
Oxford Nanopore Technologies PLC,0.00000000,0.00000600,0.00000000,0.00000000
Pantoro Ltd,0.00000000,0.00000490,0.00000000,0.00000000
Panion & BF Biotech Inc,0.00000000,0.00000560,0.00000000,0.00000000
Pandox AB,0.00000000,0.00000680,0.00000000,0.00000000
Pan Jit International Inc,0.00000000,0.00000890,0.00000000,0.00020000
Peptron Inc,0.00000000,0.00001770,0.00000000,0.00000000
Palomar Holdings Inc,0.00000000,0.00002080,0.00000000,0.00000000
Palfinger AG,0.00000000,0.00000470,0.00000000,0.00000000
Paladin Energy Ltd,0.00000000,0.00002100,0.00000000,0.00000000
Park Systems Corp,0.00000000,0.00000440,0.00000000,0.00000000
Park National Corp,0.00000000,0.00001580,0.00000000,0.00000000
Park Hotels & Resorts Inc,0.00000000,0.00001330,0.00000000,0.00000000
Parex Resources Inc,0.00000000,0.00001250,0.00000000,0.00000000
Paramount Resources Ltd,0.00000000,0.00001070,0.00000000,0.00000000
Pan African Resources PLC,0.00000000,0.00002320,0.00000000,0.00000000
PeptiDream Inc,0.00000000,0.00000420,0.00000000,0.00000000
Pepco Group NV,0.00000000,0.00001090,0.00000000,0.00000000
People Inc,0.00000000,0.00000890,0.00000000,0.00000000
Penumbra Inc,0.00000000,0.00009940,0.00000000,0.00000000
Pfeiffer Vacuum Technology AG,0.00000000,0.00000820,0.00000000,0.00000000
Peyto Exploration & Development Corp,0.00000000,0.00005000,0.00000000,0.00000000
PEXA Group Ltd,0.00000000,0.00000420,0.00000000,0.00000000
Pacific Securities Co Ltd/The/China,0.00000000,0.00002250,0.00000000,0.00000000
Pet Valu Holdings Ltd,0.00000000,0.00000590,0.00000000,0.00000000
Perseus Mining Ltd,0.00000000,0.00006310,0.00000000,0.00000000
Perrigo Co PLC,0.00000000,0.00001240,0.00000000,0.00000000
Perpetua Resources Corp,0.00000000,0.00001480,0.00000000,0.00000000
PAL GROUP Holdings Co Ltd,0.00000000,0.00000140,0.00000000,0.00000000
Pagseguro Digital Ltd,0.00000000,0.00000160,0.00000000,0.00000000
Padini Holdings Bhd,0.00000000,0.00000400,0.00000000,0.00000000
PACS Group Inc,0.00000000,0.00001020,0.00000000,0.00000000
Pets at Home Group Plc,0.00000000,0.00000610,0.00000000,0.00000000
Nippon Television Holdings Inc,0.00000000,0.00000290,0.00000000,0.00000000
Nutanix Inc,0.00000000,0.00015960,0.00000000,0.00000000
Nuvama Wealth Management Ltd,0.00000000,0.00000620,0.00000000,0.00000000
Nuvoton Technology Corp,0.00000000,0.00000580,0.00000000,0.00010000
nVent Electric PLC,0.00000000,0.00019140,0.00050000,0.00000000
O-Bank Co Ltd,0.00000000,0.00000450,0.00000000,0.00000000
O-I Glass Inc,0.00000000,0.00000620,0.00000000,0.00000000
A O Smith Corp,0.00000000,0.00006540,0.00000000,0.00000000
OC Oerlikon Corp AG Pfaeffikon,0.00000000,0.00000620,0.00000000,0.00000000
NSD Co Ltd,0.00000000,0.00000280,0.00000000,0.00000000
NTG Nordic Transport Group A/S,0.00000000,0.00000450,0.00000000,0.00000000
PJT Partners Inc,0.00000000,0.00002310,0.00000000,0.00000000
NTT DC REIT,0.00000000,0.00000630,0.00000000,0.00000000
NTT UD REIT Investment Corp,0.00000000,0.00000120,0.00000000,0.00000000
Nufarm Ltd,0.00000000,0.00000470,0.00000000,0.00000000
Nuh Cimento Sanayi AS,0.00000000,0.00000450,0.00000000,0.00000000
NuScale Power Corp,0.00000000,0.00001820,0.00000000,0.00000000
Norwegian Cruise Line Holdings Ltd,0.00000000,0.00006480,0.00000000,0.00000000
NOS SGPS SA,0.00000000,0.00000160,0.00000000,0.00000000
NOV Inc,0.00000000,0.00010650,0.00000000,0.00000000
Novagold Resources Inc,0.00000000,0.00001820,0.00000000,0.00000000
Novanta Inc,0.00000000,0.00005880,0.00000000,0.00000000
Novocure Ltd,0.00000000,0.00001170,0.00000000,0.00000000
NPR-RIKEN CORP,0.00000000,0.00000380,0.00000000,0.00000000
NTN Corp,0.00000000,0.00000610,0.00000000,0.00000000
Nordson Corp,0.00000000,0.00011360,0.00000000,0.00000000
Noritake Co Ltd,0.00000000,0.00000350,0.00000000,0.00000000
NKT A/S,0.00000000,0.00012820,0.00000000,0.00000000
NMI Holdings Inc,0.00000000,0.00001290,0.00000000,0.00000000
NNN REIT Inc,0.00000000,0.00017770,0.00000000,0.00000000
NOBA Bank Group AB,0.00000000,0.00000580,0.00000000,0.00000000
Noble Corp PLC,0.00000000,0.00006040,0.00000000,0.00000000
Noevir Holdings Co Ltd,0.00000000,0.00001880,0.00000000,0.00000000
Nojima Corp,0.00000000,0.00000610,0.00000000,0.00000000
Nolato AB,0.00000000,0.00000620,0.00000000,0.00000000
Nippon Yakin Kogyo Co Ltd,0.00000000,0.00000520,0.00000000,0.00000000
Nippon Sharyo Ltd,0.00000000,0.00000350,0.00000000,0.00000000
Nishi-Nippon Railroad Co Ltd,0.00000000,0.00000300,0.00000000,0.00000000
Nisshinbo Holdings Inc,0.00000000,0.00001090,0.00000000,0.00000000
Nisso Holdings Co Ltd,0.00000000,0.00000460,0.00000000,0.00000000
Nissui Corp,0.00000000,0.00000850,0.00000000,0.00000000
Nittetsu Mining Co Ltd,0.00000000,0.00000730,0.00000000,0.00000000
Nitto Boseki Co Ltd,0.00000000,0.00001830,0.00000000,0.00000000
Ninety One Ltd,0.00000000,0.00000470,0.00000000,0.00000000
Nippn Corp,0.00000000,0.00000280,0.00000000,0.00000000
Nippon Gas Co Ltd,0.00000000,0.00000870,0.00000000,0.00000000
Nippon Light Metal Holdings Co Ltd,0.00000000,0.00000870,0.00000000,0.00000000
Nippon Paper Industries Co Ltd,0.00000000,0.00000670,0.00000000,0.00000000
Nippon Seiki Co Ltd,0.00000000,0.00000260,0.00000000,0.00000000
Nishi-Nippon Financial Holdings Inc,0.00000000,0.00003260,0.00000000,0.00000000
Oil Refineries Ltd,0.00000000,0.00000630,0.00000000,0.00000000
Oita Bank Ltd/The,0.00000000,0.00000290,0.00000000,0.00000000
Okamura Corp,0.00000000,0.00000230,0.00000000,0.00000000
Okasan Securities Group Inc,0.00000000,0.00000590,0.00000000,0.00000000
Oki Electric Industry Co Ltd,0.00000000,0.00000820,0.00000000,0.00000000
Oklo Inc,0.00000000,0.00003790,0.00000000,0.00000000
OKUMA Corp,0.00000000,0.00000460,0.00000000,0.00000000
Ocado Group PLC,0.00000000,0.00001160,0.00000000,0.00000000
OceanaGold Corp,0.00000000,0.00006810,0.00000000,0.00000000
Oceaneering International Inc,0.00000000,0.00005390,0.00000000,0.00000000
OCI Holdings Co Ltd,0.00000000,0.00001640,0.00000000,0.00000000
NRW Holdings Ltd,0.00000000,0.00001260,0.00000000,0.00000000
Odfjell Drilling Ltd,0.00000000,0.00000620,0.00000000,0.00000000
Oesterreichische Post AG,0.00000000,0.00000610,0.00000000,0.00000000
Ogaki Kyoritsu Bank Ltd/The,0.00000000,0.00000790,0.00000000,0.00000000
Ottobock SE & Co KGaA,0.00000000,0.00000450,0.00000000,0.00000000
OUE Real Estate Investment Trust,0.00000000,0.00000460,0.00000000,0.00000000
Outfront Media Inc,0.00000000,0.00004520,0.00000000,0.00000000
Outokumpu Oyj,0.00000000,0.00001370,0.00000000,0.00000000
OVH Groupe SA,0.00000000,0.00000420,0.00000000,0.00000000
Ovintiv Inc,0.00000000,0.00017940,0.00000000,0.00000000
Owens Corning,0.00000000,0.00013750,0.00000000,0.00000000
Oxford Instruments PLC,0.00000000,0.00000840,0.00000000,0.00000000
Oscar Health Inc,0.00000000,0.00005560,0.00000000,0.00000000
Octave Intelligence PLC,0.00000000,0.00002590,0.00000000,0.00000000
Norma Group SE,0.00000000,0.00000460,0.00000000,0.00000000
North Pacific Bank Ltd,0.00000000,0.00001240,0.00000000,0.00000000
North West Co Inc/The,0.00000000,0.00001140,0.00000000,0.00000000
Northern Oil & Gas Inc,0.00000000,0.00001590,0.00000000,0.00000000
Northland Power Inc,0.00000000,0.00003960,0.00000000,0.00000000
Northwest Bancshares Inc,0.00000000,0.00000650,0.00000000,0.00000000
Northwest Natural Holding Co,0.00000000,0.00001060,0.00000000,0.00000000
Northwestern Energy Group Inc,0.00000000,0.00006010,0.00000000,0.00000000
Omnia Holdings Ltd,0.00000000,0.00000150,0.00000000,0.00000000
Omnicell Inc,0.00000000,0.00001160,0.00000000,0.00000000
On Holding AG,0.00000000,0.00006210,0.00000000,0.00000000
OGE Energy Corp,0.00000000,0.00023510,0.00000000,0.00000000
One Software Technologies Ltd,0.00000000,0.00000640,0.00000000,0.00000000
One United Properties SA,0.00000000,0.00000440,0.00000000,0.00000000
OneMain Holdings Inc,0.00000000,0.00004420,0.00000000,0.00000000
Onesource Speciality Pharma Ltd,0.00000000,0.00000460,0.00000000,0.00000000
Okuwa Co Ltd,0.00000000,0.00000460,0.00000000,0.00000000
Ola Electric Mobility Ltd,0.00000000,0.00000520,0.00000000,0.00000000
Old National Bancorp/IN,0.00000000,0.00015730,0.00000000,0.00000000
Old Republic International Corp,0.00000000,0.00013000,0.00000000,0.00000000
Olin Corp,0.00000000,0.00001190,0.00000000,0.00000000
OliX Pharmaceuticals Inc,0.00000000,0.00000610,0.00000000,0.00000000
Ollie's Bargain Outlet Holdings Inc,0.00000000,0.00002680,0.00000000,0.00000000
Omega Healthcare Investors Inc,0.00000000,0.00011520,0.00000000,0.00000000
ONE Gas Inc,0.00000000,0.00004510,0.00000000,0.00000000
Rengo Co Ltd,0.00000000,0.00000620,0.00000000,0.00000000
Renishaw PLC,0.00000000,0.00001130,0.00000000,0.00000000
Repligen Corp,0.00000000,0.00010660,0.00000000,0.00000000
REPT BATTERO Energy Co Ltd,0.00000000,0.00000440,0.00000000,0.00000000
Regis Healthcare Ltd,0.00000000,0.00000470,0.00000000,0.00000000
Regis Resources Ltd,0.00000000,0.00004620,0.00000000,0.00000000
Reinsurance Group of America Inc,0.00000000,0.00014200,0.00000000,0.00000000
Reitir fasteignafelag hf,0.00000000,0.00000450,0.00000000,0.00000000
Reliance Inc,0.00000000,0.00016900,0.00000000,0.00000000
Reliance Infrastructure Ltd,0.00000000,0.00000430,0.00000000,0.00000000
Reliance Worldwide Corp Ltd,0.00000000,0.00001100,0.00000000,0.00000000
Norion Bank AB,0.00000000,0.00000450,0.00000000,0.00000000
Recursion Pharmaceuticals Inc,0.00000000,0.00001070,0.00000000,0.00000000
Red Rock Resorts Inc,0.00000000,0.00001520,0.00000000,0.00000000
Redcare Pharmacy NV,0.00000000,0.00000620,0.00000000,0.00000000
Redefine Properties Ltd,0.00000000,0.00001240,0.00000000,0.00000000
Redington Ltd,0.00000000,0.00001260,0.00000000,0.00000000
Regal Rexnord Corp,0.00000000,0.00010470,0.00000000,0.00000000
Regency Centers Corp,0.00000000,0.00009780,0.00000000,0.00000000
Reginn HF,0.00000000,0.00000470,0.00000000,0.00000000
Robert Half Inc,0.00000000,0.00002770,0.00000000,0.00000000
Robertet SA,0.00000000,0.00000720,0.00000000,0.00000000
Robinsons Land Corp,0.00000000,0.00000440,0.00000000,0.00000000
RoboSense Technology Co Ltd,0.00000000,0.00000130,0.00000000,0.00000000
Remitly Global Inc,0.00000000,0.00002830,0.00000000,0.00000000
QXO Inc,0.00000000,0.00010550,0.00000000,0.00000000
Radian Group Inc,0.00000000,0.00004780,0.00000000,0.00000000
Radiant Opto-Electronics Corp,0.00000000,0.00000570,0.00000000,0.00010000
Radico Khaitan Ltd,0.00000000,0.00003940,0.00000000,0.00000000
Radium Life Tech Co Ltd,0.00000000,0.00000430,0.00000000,0.00000000
QT Group Oyj,0.00000000,0.00000460,0.00000000,0.00000000
Quadient SA,0.00000000,0.00000520,0.00000000,0.00000000
Quaker Chemical Corp,0.00000000,0.00001210,0.00000000,0.00000000
Qualitau Ltd,0.00000000,0.00000400,0.00000000,0.00000000
Quality Houses PCL,0.00000000,0.00000560,0.00000000,0.00000000
Qualys Inc,0.00000000,0.00006400,0.00000000,0.00000000
Renasant Corp,0.00000000,0.00001640,0.00000000,0.00000000
QuantumScape Corp,0.00000000,0.00001740,0.00000000,0.00000000
Resideo Technologies Inc,0.00000000,0.00001540,0.00000000,0.00000000
Resilient REIT Ltd,0.00000000,0.00000610,0.00000000,0.00000000
Resolute Mining Ltd,0.00000000,0.00001270,0.00000000,0.00000000
Restaurant Brands Asia Ltd,0.00000000,0.00000420,0.00000000,0.00000000
Retail Estates NV,0.00000000,0.00000910,0.00000000,0.00000000
Reunert Ltd,0.00000000,0.00000450,0.00000000,0.00000000
Revenio Group Oyj,0.00000000,0.00000460,0.00000000,0.00000000
REVOLUTION Medicines Inc,0.00000000,0.00033610,0.00190000,0.00000000
Remy Cointreau SA,0.00000000,0.00000600,0.00000000,0.00000000
REN - Redes Energeticas Nacionais SGPS SA,0.00000000,0.00001080,0.00000000,0.00000000
RenaissanceRe Holdings Ltd,0.00000000,0.00010470,0.00000000,0.00000000
Quanta Storage Inc,0.00000000,0.00000320,0.00000000,0.00000000
Rhythm Pharmaceuticals Inc,0.00000000,0.00005880,0.00000000,0.00000000
Rich Development Co Ltd,0.00000000,0.00000450,0.00000000,0.00000000
Safestore Holdings PLC,0.00000000,0.00000590,0.00000000,0.00000000
Sagility Ltd,0.00000000,0.00000670,0.00000000,0.00000000
SAI Life Sciences Ltd,0.00000000,0.00001090,0.00000000,0.00000000
Saia Inc,0.00000000,0.00009410,0.00000000,0.00000000
Saibu Gas Holdings Co Ltd,0.00000000,0.00000490,0.00000000,0.00000000
SailPoint Inc,0.00000000,0.00000690,0.00000000,0.00000000
Saipem SpA,0.00000000,0.00004220,0.00000000,0.00000000
Saizeriya Co Ltd,0.00000000,0.00000670,0.00000000,0.00000000
Ryan Specialty Holdings Inc,0.00000000,0.00002880,0.00000000,0.00000000
Robotis Co Ltd,0.00000000,0.00001200,0.00000000,0.00000000
Ryman Hospitality Properties Inc,0.00000000,0.00012490,0.00000000,0.00000000
Rznomics Inc,0.00000000,0.00000440,0.00000000,0.00000000
S&T Bancorp Inc,0.00000000,0.00000630,0.00000000,0.00000000
D/S Norden A/S,0.00000000,0.00000440,0.00000000,0.00000000
Sabra Health Care REIT Inc,0.00000000,0.00005270,0.00000000,0.00000000
Sacyr SA,0.00000000,0.00001090,0.00000000,0.00000000
Rubis SCA,0.00000000,0.00001680,0.00000000,0.00000000
Rubrik Inc,0.00000000,0.00011730,0.00000000,0.00000000
Ruentex Industries Ltd,0.00000000,0.00000680,0.00000000,0.00000000
Run Long Construction Co Ltd,0.00000000,0.00000490,0.00000000,0.00000000
Rural Funds Trust,0.00000000,0.00000460,0.00000000,0.00000000
Rush Enterprises Inc,0.00000000,0.00004390,0.00000000,0.00000000
Ryder System Inc,0.00000000,0.00014630,0.00000000,0.00000000
Rocket Cos Inc,0.00000000,0.00010960,0.00000000,0.00000000
Rogers Corp,0.00000000,0.00001200,0.00000000,0.00000000
Roivant Sciences Ltd,0.00000000,0.00013210,0.00050000,0.00000000
Riot Platforms Inc,0.00000000,0.00006040,0.00000000,0.00000000
Riso Kagaku Corp,0.00000000,0.00000440,0.00000000,0.00000000
Riso Kyoiku Group Corp,0.00000000,0.00002020,0.00000000,0.00000000
Rithm Capital Corp,0.00000000,0.00006450,0.00000000,0.00000000
Riverstone Holdings Ltd,0.00000000,0.00000450,0.00000000,0.00000000
Rizzoli Corriere Della Sera Mediagroup SpA,0.00000000,0.00000520,0.00000000,0.00000000
RL Commercial REIT Inc,0.00000000,0.00000450,0.00000000,0.00000000
RLI Corp,0.00000000,0.00006500,0.00000000,0.00000000
RHI Magnesita NV,0.00000000,0.00000440,0.00000000,0.00000000
Ricoh Leasing Co Ltd,0.00000000,0.00001960,0.00000000,0.00000000
Ridley Corp Ltd,0.00000000,0.00000450,0.00000000,0.00000000
Rigaku Holdings Corp,0.00000000,0.00000620,0.00000000,0.00000000
Rigetti Computing Inc,0.00000000,0.00003570,0.00000000,0.00050000
RingCentral Inc,0.00000000,0.00003170,0.00000000,0.00000000
Ringkjoebing Landbobank A/S,0.00000000,0.00009990,0.00000000,0.00000000
RioCan Real Estate Investment Trust,0.00000000,0.00005080,0.00000000,0.00000000
Revvity Inc,0.00000000,0.00015180,0.00000000,0.00000000
Rexford Industrial Realty Inc,0.00000000,0.00015440,0.00000000,0.00000000
Reynolds Consumer Products Inc,0.00000000,0.00000140,0.00000000,0.00000000
RFHIC Corp,0.00000000,0.00000460,0.00000000,0.00000000
RH,0.00000000,0.00001390,0.00000000,0.00000000
Richelieu Hardware Ltd,0.00000000,0.00000610,0.00000000,0.00000000
Prime US REIT,0.00000000,0.00000450,0.00000000,0.00000000
PrairieSky Royalty Ltd,0.00000000,0.00006550,0.00000000,0.00000000
Praxis Precision Medicines Inc,0.00000000,0.00006930,0.00000000,0.00000000
Prc Newco Inc,0.00000000,0.00017290,0.00000000,0.00000000
Precinct Properties Group,0.00000000,0.00000150,0.00000000,0.00000000
Predictive Discovery Ltd,0.00000000,0.00001480,0.00000000,0.00000000
Premier Foods PLC,0.00000000,0.00000600,0.00000000,0.00000000
Premier Investments Ltd,0.00000000,0.00000450,0.00000000,0.00000000
Premium Brands Holdings Corp,0.00000000,0.00001440,0.00000000,0.00000000
Popular Inc,0.00000000,0.00015180,0.00000000,0.00000000
Porr Ag,0.00000000,0.00000430,0.00000000,0.00000000
Qurient Co Ltd,0.00000000,0.00002000,0.00000000,0.00000000
Post Holdings Inc,0.00000000,0.00001850,0.00000000,0.00000000
PostNL NV,0.00000000,0.00000460,0.00000000,0.00000000
Power Integrations Inc,0.00000000,0.00001670,0.00000000,0.00030000
PowerGrid Infrastructure Investment Trust,0.00000000,0.00000460,0.00000000,0.00000000
Poya International Co Ltd,0.00000000,0.00000510,0.00000000,0.00000000
PNE AG,0.00000000,0.00000470,0.00000000,0.00000000
Polaris Inc,0.00000000,0.00001970,0.00000000,0.00000000
Poly Medicure Ltd,0.00000000,0.00000460,0.00000000,0.00000000
Poly Property Group Co Ltd,0.00000000,0.00000420,0.00000000,0.00000000
PolyNovo Ltd,0.00000000,0.00000430,0.00000000,0.00000000
PolyPeptide Group AG,0.00000000,0.00000460,0.00000000,0.00000000
Pool Corp,0.00000000,0.00003750,0.00000000,0.00000000
Portland General Electric Co,0.00000000,0.00005860,0.00000000,0.00000000
Planet Labs PBC,0.00000000,0.00005390,0.00000000,0.00000000
Planisware SA,0.00000000,0.00000460,0.00000000,0.00000000
Piaggio & C SpA,0.00000000,0.00000440,0.00000000,0.00000000
Pick n Pay Stores Ltd,0.00000000,0.00000460,0.00000000,0.00000000
Picton Property Income Ltd,0.00000000,0.00000450,0.00000000,0.00000000
Pigeon Corp,0.00000000,0.00000200,0.00000000,0.00000000
Pilgrim's Pride Corp,0.00000000,0.00000600,0.00000000,0.00000000
Pilot Corp,0.00000000,0.00000200,0.00000000,0.00000000
Pinnacle Financial Partners Inc,0.00000000,0.00014990,0.00000000,0.00000000
Pinnacle Investment Management Group Ltd,0.00000000,0.00001030,0.00000000,0.00000000
PG Electroplast Ltd,0.00000000,0.00000590,0.00000000,0.00000000
Primax Electronics Ltd,0.00000000,0.00000150,0.00000000,0.00000000
Phancy Group Co Ltd,0.00000000,0.00000640,0.00000000,0.00000000
Pharma Mar SA,0.00000000,0.00000660,0.00000000,0.00000000
PharmaResearch Co Ltd,0.00000000,0.00001230,0.00000000,0.00000000
Phillips Edison & Co Inc,0.00000000,0.00005560,0.00000000,0.00000000
Phinia Inc,0.00000000,0.00001520,0.00000000,0.00000000
Phoenix Silicon International Corp,0.00000000,0.00001310,0.00000000,0.00020000
President Securities Corp,0.00000000,0.00000640,0.00000000,0.00000000
Prestige Consumer Healthcare Inc,0.00000000,0.00001600,0.00000000,0.00000000
PriceSmart Inc,0.00000000,0.00004140,0.00000000,0.00000000
Pricol Ltd,0.00000000,0.00000470,0.00000000,0.00000000
Primaris Real Estate Investment Trust,0.00000000,0.00000600,0.00000000,0.00000000
Primary Health Properties PLC,0.00000000,0.00000680,0.00000000,0.00000000
PGE Polska Grupa Energetyczna SA,0.00000000,0.00001470,0.00000000,0.00000000
Primoris Services Corp,0.00000000,0.00002350,0.00000000,0.00000000
Priortech Ltd,0.00000000,0.00000470,0.00000000,0.00000000
Privia Health Group Inc,0.00000000,0.00001510,0.00000000,0.00000000
Procept Biorobotics Corp,0.00000000,0.00000610,0.00000000,0.00000000
Procore Technologies Inc,0.00000000,0.00009820,0.00000000,0.00000000
Procrea Holdings Inc,0.00000000,0.00000440,0.00000000,0.00000000
Ramkrishna Forgings Ltd,0.00000000,0.00000470,0.00000000,0.00000000
Range Resources Corp,0.00000000,0.00013200,0.00000000,0.00000000
Raspberry PI Holdings PLC,0.00000000,0.00000450,0.00000000,0.00000000
Rathbones Group PLC,0.00000000,0.00000150,0.00000000,0.00000000
Ratnamani Metals & Tubes Ltd,0.00000000,0.00000450,0.00000000,0.00000000
Poongsan Corp,0.00000000,0.00000590,0.00000000,0.00000000
RBC Bearings Inc,0.00000000,0.00013240,0.00000000,0.00000000
Realord Technology Co Ltd,0.00000000,0.00000350,0.00000000,0.00000000
RadNet Inc,0.00000000,0.00005320,0.00000000,0.00000000
Raffles Medical Group Ltd,0.00000000,0.00000460,0.00000000,0.00000000
Rainbow Children's Medicare Ltd,0.00000000,0.00000450,0.00000000,0.00000000
Ralliant Corp,0.00000000,0.00009740,0.00000000,0.00000000
Ralph Lauren Corp,0.00000000,0.00011510,0.00000000,0.00000000
Rambus Inc,0.00000000,0.00009170,0.00000000,0.00130000
Ramco Cements Ltd/The,0.00000000,0.00000590,0.00000000,0.00000000
Rami Levy Chain Stores Hashikma Marketing 2006 Ltd,0.00000000,0.00000620,0.00000000,0.00000000
QuidelOrtho Corp,0.00000000,0.00000600,0.00000000,0.00000000
Quilter PLC,0.00000000,0.00001460,0.00000000,0.00000000
Rayonier Inc,0.00000000,0.00005940,0.00000000,0.00000000
Puya Semiconductor Shanghai Co Ltd,0.00000000,0.00001880,0.00000000,0.00000000
PVH Corp,0.00000000,0.00001960,0.00000000,0.00000000
PVR Inox Ltd,0.00000000,0.00000600,0.00000000,0.00000000
PWR Holdings Ltd,0.00000000,0.00000450,0.00000000,0.00000000
Q2 Holdings Inc,0.00000000,0.00002360,0.00000000,0.00000000
QinetiQ Group PLC,0.00000000,0.00002040,0.00000000,0.00000000
Qisda Corp,0.00000000,0.00000560,0.00000000,0.00000000
Qorvo Inc,0.00000000,0.00011760,0.00000000,0.00100000
Provident Financial Services Inc,0.00000000,0.00001190,0.00000000,0.00000000
PSK Inc,0.00000000,0.00001180,0.00000000,0.00040000
PT TIMAH Persero Tbk,0.00000000,0.00000450,0.00000000,0.00000000
PTC Industries Ltd,0.00000000,0.00000640,0.00000000,0.00000000
Primo Brands Corp,0.00000000,0.00005720,0.00000000,0.00000000
PTG Energy PCL,0.00000000,0.00000450,0.00000000,0.00000000
Puig Brands SA,0.00000000,0.00003830,0.00000000,0.00000000
Puma SE,0.00000000,0.00001710,0.00000000,0.00000000
Progress Software Corp,0.00000000,0.00001300,0.00000000,0.00000000
Progyny Inc,0.00000000,0.00001130,0.00000000,0.00000000
Prosegur Cash SA,0.00000000,0.00000460,0.00000000,0.00000000
Prosegur Cia de Seguridad SA,0.00000000,0.00000460,0.00000000,0.00000000
ProSiebenSat.1 Media SE,0.00000000,0.00000460,0.00000000,0.00000000
Prosperity Bancshares Inc,0.00000000,0.00014280,0.00000000,0.00000000
Protagonist Therapeutics Inc,0.00000000,0.00009380,0.00000000,0.00000000
Protector Forsikring ASA,0.00000000,0.00001450,0.00000000,0.00000000
Primerica Inc,0.00000000,0.00013580,0.00000000,0.00000000
PTC Therapeutics Inc,0.00000000,0.00005580,0.00000000,0.00000000
LIFENET INSURANCE CO,0.00000000,0.00000410,0.00000000,0.00000000
LifeStance Health Group Inc,0.00000000,0.00001550,0.00000000,0.00000000
Lifestyle Communities Ltd,0.00000000,0.00000420,0.00000000,0.00000000
Lifetech Scientific Corp,0.00000000,0.00000480,0.00000000,0.00000000
LigaChem Biosciences Inc,0.00000000,0.00001150,0.00000000,0.00000000
Ligand Pharmaceuticals Inc,0.00000000,0.00005840,0.00000000,0.00000000
LG Electronics India Ltd,0.00000000,0.00000620,0.00000000,0.00000000
Liberty Energy Inc,0.00000000,0.00001880,0.00000000,0.00000000
Liberty Global Ltd,0.00000000,0.00003830,0.00000000,0.00000000
Liberty Latin America Ltd,0.00000000,0.00000630,0.00000000,0.00000000
Liberty Live Holdings Inc,0.00000000,0.00007400,0.00000000,0.00000000
Miyazaki Bank Ltd/The,0.00000000,0.00000250,0.00000000,0.00000000
Lien Hwa Industrial Holdings Corp,0.00000000,0.00000750,0.00000000,0.00000000
Life Healthcare Group Holdings Ltd,0.00000000,0.00000630,0.00000000,0.00000000
Lyft Inc,0.00000000,0.00005860,0.00000000,0.00000000
M/I Homes Inc,0.00000000,0.00004690,0.00000000,0.00000000
MA Financial Group Ltd,0.00000000,0.00000420,0.00000000,0.00000000
Maas Group Holdings Ltd,0.00000000,0.00000420,0.00000000,0.00000000
Macerich Co/The,0.00000000,0.00006120,0.00000000,0.00000000
Machvision Inc,0.00000000,0.00000480,0.00000000,0.00010000
MACOM Technology Solutions Holdings Inc,0.00000000,0.00014220,0.00000000,0.00240000
Macronix International Co Ltd,0.00000000,0.00006370,0.00000000,0.00080000
LTC Properties Inc,0.00000000,0.00001090,0.00000000,0.00000000
Lucid Group Inc,0.00000000,0.00000420,0.00000000,0.00000000
Liechtensteinische Landesbank AG,0.00000000,0.00000590,0.00000000,0.00000000
La Comer SAB de CV,0.00000000,0.00000900,0.00000000,0.00000000
La-Z-Boy Inc,0.00000000,0.00000610,0.00000000,0.00000000
Laboratorios Farmaceuticos Rovi SA,0.00000000,0.00000640,0.00000000,0.00000000
Labrador Iron Ore Royalty Corp,0.00000000,0.00001040,0.00000000,0.00000000
Ladder Capital Corp,0.00000000,0.00000860,0.00000000,0.00000000
Lagardere SA,0.00000000,0.00000450,0.00000000,0.00000000
Lagercrantz Group AB,0.00000000,0.00005340,0.00000000,0.00000000
Lingbao Gold Group Co Ltd,0.00000000,0.00001430,0.00000000,0.00000000
Lintec Corp,0.00000000,0.00000530,0.00000000,0.00000000
Liontown Ltd,0.00000000,0.00001170,0.00000000,0.00000000
LISI SA,0.00000000,0.00001080,0.00000000,0.00000000
Life360 Inc,0.00000000,0.00002080,0.00000000,0.00000000
Littelfuse Inc,0.00000000,0.00013370,0.00000000,0.00000000
LivaNova PLC,0.00000000,0.00002550,0.00000000,0.00000000
Live Oak Bancshares Inc,0.00000000,0.00000590,0.00000000,0.00000000
Lightspeed Commerce Inc,0.00000000,0.00000650,0.00000000,0.00000000
Linamar Corp,0.00000000,0.00003690,0.00000000,0.00000000
Lincoln Electric Holdings Inc,0.00000000,0.00014260,0.00000000,0.00000000
Lincoln National Corp,0.00000000,0.00006870,0.00000000,0.00000000
Lindab International AB,0.00000000,0.00000160,0.00000000,0.00000000
Lindsay Corp,0.00000000,0.00000610,0.00000000,0.00000000
Linea Directa Aseguradora SA Cia de Seguros y Reaseguros,0.00000000,0.00001090,0.00000000,0.00000000
Lineage Inc,0.00000000,0.00001520,0.00000000,0.00000000
Life Time Group Holdings Inc,0.00000000,0.00005480,0.00000000,0.00000000
Lithia Motors Inc,0.00000000,0.00013310,0.00000000,0.00000000
Marqeta Inc,0.00000000,0.00000620,0.00000000,0.00000000
MARR SpA,0.00000000,0.00000440,0.00000000,0.00000000
Marriott Vacations Worldwide Corp,0.00000000,0.00001710,0.00000000,0.00000000
Marshalls PLC,0.00000000,0.00000460,0.00000000,0.00000000
Mandatum Oyj,0.00000000,0.00003980,0.00000000,0.00000000
Manhattan Associates Inc,0.00000000,0.00015530,0.00000000,0.00000000
Mani Inc,0.00000000,0.00000450,0.00000000,0.00000000
Manila Water Co Inc,0.00000000,0.00000440,0.00000000,0.00000000
ManpowerGroup Inc,0.00000000,0.00001780,0.00000000,0.00000000
Manulife US Real Estate Investment Trust,0.00000000,0.00000430,0.00000000,0.00000000
Maple Leaf Foods Inc,0.00000000,0.00000600,0.00000000,0.00000000
Luk Fook Holdings International Ltd,0.00000000,0.00000550,0.00000000,0.00000000
Maire SpA,0.00000000,0.00001110,0.00000000,0.00000000
Makalot Industrial Co Ltd,0.00000000,0.00001080,0.00000000,0.00000000
MakeMyTrip Ltd,0.00000000,0.00002650,0.00000000,0.00000000
Makino Milling Machine Co Ltd,0.00000000,0.00001460,0.00000000,0.00000000
Malayan Cement Bhd,0.00000000,0.00000150,0.00000000,0.00000000
Malaysian Pacific Industries Bhd,0.00000000,0.00000470,0.00000000,0.00010000
Man Group PLC/Jersey,0.00000000,0.00004820,0.00000000,0.00000000
Manappuram Finance Ltd,0.00000000,0.00000760,0.00000000,0.00000000
Macy's Inc,0.00000000,0.00005350,0.00000000,0.00000000
Madison Square Garden Entertainment Corp,0.00000000,0.00001830,0.00000000,0.00000000
Madison Square Garden Sports Corp,0.00000000,0.00005680,0.00000000,0.00000000
Madrigal Pharmaceuticals Inc,0.00000000,0.00007480,0.00000000,0.00000000
Maplebear Inc,0.00000000,0.00006950,0.00000000,0.00000000
Lumen Technologies Inc,0.00000000,0.00005790,0.00000000,0.00000000
Lumentum Holdings Inc,0.00000000,0.00055710,0.00580000,0.00000000
LuxNet Corp,0.00000000,0.00001450,0.00000000,0.00000000
Luzerner Kantonalbank AG,0.00000000,0.00001790,0.00000000,0.00000000
LXP Industrial Trust,0.00000000,0.00003710,0.00000000,0.00000000
Longwell Co,0.00000000,0.00000180,0.00000000,0.00000000
Lonking Holdings Ltd,0.00000000,0.00000650,0.00000000,0.00000000
Loomis AB,0.00000000,0.00004550,0.00000000,0.00000000
Lottomatica Group Spa,0.00000000,0.00006400,0.00000000,0.00000000
Lotus Pharmaceutical Co Ltd,0.00000000,0.00002710,0.00000000,0.00000000
Louisiana-Pacific Corp,0.00000000,0.00002480,0.00000000,0.00000000
Marksans Pharma Ltd,0.00000000,0.00000460,0.00000000,0.00000000
LT Group Inc,0.00000000,0.00000450,0.00000000,0.00000000
LiveRamp Holdings Inc,0.00000000,0.00001290,0.00000000,0.00000000
LKQ Corp,0.00000000,0.00006780,0.00000000,0.00000000
LMW Ltd,0.00000000,0.00000150,0.00000000,0.00000000
Loar Holdings Inc,0.00000000,0.00001970,0.00000000,0.00000000
Log-in Logistica Intermodal SA,0.00000000,0.00000450,0.00000000,0.00000000
Logista Integral SA,0.00000000,0.00000620,0.00000000,0.00000000
LondonMetric Property PLC,0.00000000,0.00005940,0.00000000,0.00000000
De' Longhi SpA,0.00000000,0.00001700,0.00000000,0.00000000
MARA Holdings Inc,0.00000000,0.00002520,0.00000000,0.00000000
MarketAxess Holdings Inc,0.00000000,0.00005820,0.00000000,0.00000000
Marketech International Corp,0.00000000,0.00000150,0.00000000,0.00020000
Lovisa Holdings Ltd,0.00000000,0.00000660,0.00000000,0.00000000
Knight-Swift Transportation Holdings Inc,0.00000000,0.00012650,0.00000000,0.00000000
Knowles Corp,0.00000000,0.00005990,0.00000000,0.00000000
Koh Young Technology Inc,0.00000000,0.00000590,0.00000000,0.00020000
Kinik Co,0.00000000,0.00001120,0.00000000,0.00000000
Kinnevik AB,0.00000000,0.00000190,0.00000000,0.00000000
Kinpo Electronics,0.00000000,0.00000620,0.00000000,0.00000000
Kinsale Capital Group Inc,0.00000000,0.00009790,0.00000000,0.00000000
Kinsus Interconnect Technology Corp,0.00000000,0.00008710,0.00000000,0.00120000
Kirby Corp,0.00000000,0.00006570,0.00000000,0.00000000
Kirloskar Oil Engines Ltd,0.00000000,0.00001210,0.00000000,0.00000000
Kissei Pharmaceutical Co Ltd,0.00000000,0.00000390,0.00000000,0.00000000
L1 Group Ltd,0.00000000,0.00000450,0.00000000,0.00000000
Kinea Indice de Precos FII,0.00000000,0.00001110,0.00000000,0.00000000
Kinea Renda Imobiliaria FII RL,0.00000000,0.00000620,0.00000000,0.00000000
Kinea Rendimentos Imobiliarios Fundo De Investimento Imobiliario Resp Ltda,0.00000000,0.00001070,0.00000000,0.00000000
Kinepolis Group NV,0.00000000,0.00000460,0.00000000,0.00000000
Kingsemi Co Ltd,0.00000000,0.00001680,0.00000000,0.00000000
Kingsgate Consolidated Ltd,0.00000000,0.00000480,0.00000000,0.00000000
Kingsoft Cloud Holdings Ltd,0.00000000,0.00001240,0.00000000,0.00000000
KYB Corp,0.00000000,0.00000460,0.00000000,0.00000000
Kymera Therapeutics Inc,0.00000000,0.00006570,0.00000000,0.00000000
Kyndryl Holdings Inc,0.00000000,0.00001830,0.00000000,0.00000000
Kyoei Steel Ltd,0.00000000,0.00000390,0.00000000,0.00000000
Kyokuyo Co Ltd,0.00000000,0.00000450,0.00000000,0.00000000
Kinea High Yield Cri Fundo De Investimento Imobiliario RL,0.00000000,0.00000460,0.00000000,0.00000000
KBR Inc,0.00000000,0.00005130,0.00000000,0.00000000
KCE Electronics PCL,0.00000000,0.00000780,0.00000000,0.00000000
KEE TAI Properties Co Ltd,0.00000000,0.00000420,0.00000000,0.00000000
Keiyo Bank Ltd/The,0.00000000,0.00000810,0.00000000,0.00000000
Kanagawa Chuo Kotsu Co Ltd,0.00000000,0.00000380,0.00000000,0.00000000
Kanematsu Corp,0.00000000,0.00000220,0.00000000,0.00000000
Kaori Heat Treatment Co Ltd,0.00000000,0.00001760,0.00000000,0.00000000
KAP Ltd,0.00000000,0.00000460,0.00000000,0.00000000
Kardex Holding AG,0.00000000,0.00001120,0.00000000,0.00000000
Karman Holdings Inc,0.00000000,0.00001810,0.00000000,0.00000000
Karoon Energy Ltd,0.00000000,0.00000450,0.00000000,0.00000000
Knife River Corp,0.00000000,0.00002190,0.00000000,0.00000000
Kolmar Korea Co Ltd,0.00000000,0.00000840,0.00000000,0.00000000
Kolon Industries Inc,0.00000000,0.00000500,0.00000000,0.00000000
Konecranes Oyj,0.00000000,0.00005740,0.00000000,0.00000000
Konfoong Materials International Co Ltd,0.00000000,0.00000550,0.00000000,0.00000000
Koninklijke BAM Groep NV,0.00000000,0.00001910,0.00000000,0.00000000
Koninklijke Heijmans N.V,0.00000000,0.00001270,0.00000000,0.00000000
Koninklijke Vopak NV,0.00000000,0.00001790,0.00000000,0.00000000
Kontoor Brands Inc,0.00000000,0.00002500,0.00000000,0.00000000
Kite Realty Group Trust,0.00000000,0.00003620,0.00000000,0.00000000
Kitz Corp,0.00000000,0.00000370,0.00000000,0.00000000
KIWOOM Securities Co Ltd,0.00000000,0.00001670,0.00000000,0.00000000
Kiyo Bank Ltd/The,0.00000000,0.00000490,0.00000000,0.00000000
Karur Vysya Bank Ltd/The,0.00000000,0.00000640,0.00000000,0.00000000
Legalzoom.com Inc,0.00000000,0.00000480,0.00000000,0.00000000
Lemonade Inc,0.00000000,0.00002320,0.00000000,0.00000000
Lendlease Global Commercial REIT,0.00000000,0.00000610,0.00000000,0.00000000
Lennox International Inc,0.00000000,0.00012580,0.00000000,0.00000000
Leon's Furniture Ltd,0.00000000,0.00000450,0.00000000,0.00000000
Leonardo DRS Inc,0.00000000,0.00001780,0.00000000,0.00000000
Leopalace21 Corp,0.00000000,0.00000180,0.00000000,0.00000000
Leroy Seafood Group ASA,0.00000000,0.00000170,0.00000000,0.00000000
LANXESS AG,0.00000000,0.00000650,0.00000000,0.00000000
Lapidoth Capital Ltd,0.00000000,0.00000460,0.00000000,0.00000000
Lattice Semiconductor Corp,0.00000000,0.00014560,0.00000000,0.00200000
Kyoritsu Maintenance Co Ltd,0.00000000,0.00000660,0.00000000,0.00000000
Lazard Inc,0.00000000,0.00002280,0.00000000,0.00000000
LCI Industries,0.00000000,0.00001530,0.00000000,0.00000000
Lear Corp,0.00000000,0.00006130,0.00000000,0.00000000
LEENO Industrial Inc,0.00000000,0.00001520,0.00000000,0.00040000
Lakefront Biotherapeutics NV,0.00000000,0.00001040,0.00000000,0.00000000
Lamar Advertising Co,0.00000000,0.00009910,0.00000000,0.00000000
Lamb Weston Holdings Inc,0.00000000,0.00006960,0.00000000,0.00000000
Lancashire Holdings Ltd,0.00000000,0.00001080,0.00000000,0.00000000
Landis+Gyr Group AG,0.00000000,0.00001070,0.00000000,0.00000000
LandMark Optoelectronics Corp,0.00000000,0.00007790,0.00000000,0.00000000
Landstar System Inc,0.00000000,0.00006130,0.00000000,0.00000000
Lantheus Holdings Inc,0.00000000,0.00006010,0.00000000,0.00000000
Laureate Education Inc,0.00000000,0.00002380,0.00000000,0.00000000
L&C Bio Co Ltd,0.00000000,0.00000470,0.00000000,0.00000000
L&K Engineering Co Ltd,0.00000000,0.00002190,0.00000000,0.00000000
Kung Long Batteries Industrial Co Ltd,0.00000000,0.00000570,0.00000000,0.00000000
Kuo Yang Construction Co Ltd,0.00000000,0.00000410,0.00000000,0.00000000
Kurimoto Ltd,0.00000000,0.00000510,0.00000000,0.00000000
Kuwait International Bank KSCP,0.00000000,0.00000480,0.00000000,0.00000000
Kuwait Projects Co Holding KSCP,0.00000000,0.00000460,0.00000000,0.00000000
Kuwait Real Estate Co KSC,0.00000000,0.00000650,0.00000000,0.00000000
Kuwait Telecommunications Co,0.00000000,0.00000580,0.00000000,0.00000000
KWS Saat SE & Co KGaA,0.00000000,0.00000640,0.00000000,0.00000000
Krishna Institute of Medical Sciences Ltd,0.00000000,0.00001100,0.00000000,0.00000000
Krones AG,0.00000000,0.00000640,0.00000000,0.00000000
Kratos Defense & Security Solutions Inc,0.00000000,0.00008380,0.00000000,0.00000000
Krystal Biotech Inc,0.00000000,0.00009460,0.00000000,0.00000000
KSB SE & Co KGaA,0.00000000,0.00000460,0.00000000,0.00000000
Kulicke & Soffa Industries Inc,0.00000000,0.00002300,0.00000000,0.00060000
Kumagai Gumi Co Ltd,0.00000000,0.00000120,0.00000000,0.00000000
Kumho Tire Co Inc,0.00000000,0.00000490,0.00000000,0.00000000
Kontron AG,0.00000000,0.00000450,0.00000000,0.00000000
KORE US REIT,0.00000000,0.00000440,0.00000000,0.00000000
Korean Reinsurance Co,0.00000000,0.00000700,0.00000000,0.00000000
Korn Ferry,0.00000000,0.00005290,0.00000000,0.00000000
Kossan Rubber Industries Bhd,0.00000000,0.00000460,0.00000000,0.00000000
KPJ Healthcare Bhd,0.00000000,0.00001100,0.00000000,0.00000000
KPR Mill Ltd,0.00000000,0.00000640,0.00000000,0.00000000
KRUK SA,0.00000000,0.00000770,0.00000000,0.00000000
Monogatari Corp/The,0.00000000,0.00000550,0.00000000,0.00000000
Montage Gold Corp,0.00000000,0.00002290,0.00000000,0.00000000
Montana Aerospace AG,0.00000000,0.00000580,0.00000000,0.00000000
Montea NV,0.00000000,0.00001020,0.00000000,0.00000000
MONY Group PLC,0.00000000,0.00000150,0.00000000,0.00000000
NBT Bancorp Inc,0.00000000,0.00001140,0.00000000,0.00000000
NCAB Group AB,0.00000000,0.00000670,0.00000000,0.00000000
NCC AB,0.00000000,0.00000610,0.00000000,0.00000000
nCino Inc,0.00000000,0.00001340,0.00000000,0.00000000
NCR Atleos Corp,0.00000000,0.00001540,0.00000000,0.00000000
NCR Voyix Corp,0.00000000,0.00000650,0.00000000,0.00000000
Magnite Inc,0.00000000,0.00002060,0.00000000,0.00000000
Neinor Homes SA,0.00000000,0.00000590,0.00000000,0.00000000
National Industries Group Holding SAK,0.00000000,0.00001290,0.00000000,0.00000000
National Medical Care Co,0.00000000,0.00000450,0.00000000,0.00000000
Naturecell Co Ltd,0.00000000,0.00000510,0.00000000,0.00000000
Nava Ltd,0.00000000,0.00000460,0.00000000,0.00000000
Navin Fluorine International Ltd,0.00000000,0.00001750,0.00000000,0.00000000
Nayax Ltd,0.00000000,0.00000450,0.00000000,0.00000000
Nazara Technologies Ltd,0.00000000,0.00000480,0.00000000,0.00000000
NBCC India Ltd,0.00000000,0.00000150,0.00000000,0.00000000
Nanosonics Ltd,0.00000000,0.00000340,0.00000000,0.00000000
Nanto Bank Ltd/The,0.00000000,0.00000750,0.00000000,0.00000000
Nanya New Material Technology Co Ltd,0.00000000,0.00001440,0.00000000,0.00000000
Nebius Group NV,0.00000000,0.00037280,0.00180000,0.00000000
Murphy Oil Corp,0.00000000,0.00005360,0.00000000,0.00000000
Murphy USA Inc,0.00000000,0.00006830,0.00000000,0.00000000
Musashi Seimitsu Industry Co Ltd,0.00000000,0.00000310,0.00000000,0.00000000
Musashino Bank Ltd/The,0.00000000,0.00000270,0.00000000,0.00000000
Mycronic AB,0.00000000,0.00004010,0.00000000,0.00000000
MyState Ltd,0.00000000,0.00000620,0.00000000,0.00000000
Motus Holdings Ltd,0.00000000,0.00000630,0.00000000,0.00000000
MP Materials Corp,0.00000000,0.00006510,0.00000000,0.00000000
MPC Container Ships ASA,0.00000000,0.00000440,0.00000000,0.00000000
MSA Safety Inc,0.00000000,0.00006000,0.00000000,0.00000000
MSC Industrial Direct Co Inc,0.00000000,0.00004850,0.00000000,0.00000000
Mongolian Mining Corp,0.00000000,0.00000630,0.00000000,0.00000000
Mueller Industries Inc,0.00000000,0.00010750,0.00000000,0.00000000
Mueller Water Products Inc,0.00000000,0.00004210,0.00000000,0.00000000
Moog Inc,0.00000000,0.00009840,0.00000000,0.00000000
Moonpig Group PLC,0.00000000,0.00000650,0.00000000,0.00000000
Morgan Advanced Materials PLC,0.00000000,0.00000160,0.00000000,0.00000000
Morgan Sindall Group PLC,0.00000000,0.00003300,0.00000000,0.00000000
Morinaga & Co Ltd/Japan,0.00000000,0.00000240,0.00000000,0.00000000
Morningstar Inc,0.00000000,0.00002570,0.00000000,0.00000000
Mosaic Co/The,0.00000000,0.00007910,0.00000000,0.00000000
Motherson Sumi Wiring India Ltd,0.00000000,0.00000140,0.00000000,0.00000000
Monday.com Ltd,0.00000000,0.00002710,0.00000000,0.00000000
Monex Group Inc,0.00000000,0.00000140,0.00000000,0.00000000
MTAR Technologies Ltd,0.00000000,0.00000630,0.00000000,0.00000000
NHN Corp,0.00000000,0.00000520,0.00000000,0.00000000
nib holdings Ltd/Australia,0.00000000,0.00001190,0.00000000,0.00000000
Nichicon Corp,0.00000000,0.00000530,0.00000000,0.00000000
Neuland Laboratories Ltd,0.00000000,0.00001140,0.00000000,0.00000000
Neuren Pharmaceuticals Ltd,0.00000000,0.00000930,0.00000000,0.00000000
Neurocrine Biosciences Inc,0.00000000,0.00012730,0.00000000,0.00000000
Newell Brands Inc,0.00000000,0.00001630,0.00000000,0.00000000
Newmark Group Inc,0.00000000,0.00001490,0.00000000,0.00000000
NewMarket Corp,0.00000000,0.00005470,0.00000000,0.00000000
Nexans SA,0.00000000,0.00006980,0.00000000,0.00000000
NexGen Energy Ltd,0.00000000,0.00006360,0.00000000,0.00000000
Natco Pharma Ltd,0.00000000,0.00000440,0.00000000,0.00000000
Nemak SAB de CV,0.00000000,0.00000490,0.00000000,0.00000000
Netcare Ltd,0.00000000,0.00001060,0.00000000,0.00000000
Netcompany Group A/S,0.00000000,0.00001090,0.00000000,0.00000000
NetDragon Websoft Holdings Ltd,0.00000000,0.00000490,0.00000000,0.00000000
NetScout Systems Inc,0.00000000,0.00004270,0.00000000,0.00000000
Neturen Co Ltd,0.00000000,0.00000440,0.00000000,0.00000000
Netweb Technologies India Ltd,0.00000000,0.00000440,0.00000000,0.00000000
Nomad Foods Ltd,0.00000000,0.00000590,0.00000000,0.00000000
Nomura Micro Science Co Ltd,0.00000000,0.00000340,0.00000000,0.00000000
Nordex SE,0.00000000,0.00005430,0.00000000,0.00000000
Nordic Semiconductor ASA,0.00000000,0.00001670,0.00000000,0.00040000
Nordnet AB publ,0.00000000,0.00006880,0.00000000,0.00000000
Nelnet Inc,0.00000000,0.00000150,0.00000000,0.00000000
National Beverage Corp,0.00000000,0.00000430,0.00000000,0.00000000
National Co for Learning & Education,0.00000000,0.00000160,0.00000000,0.00000000
National Fuel Gas Co,0.00000000,0.00007120,0.00000000,0.00000000
National Health Investors Inc,0.00000000,0.00004350,0.00000000,0.00000000
Nagaileben Co Ltd,0.00000000,0.00000490,0.00000000,0.00000000
Nagarro SE,0.00000000,0.00000460,0.00000000,0.00000000
Nakanishi Inc,0.00000000,0.00000600,0.00000000,0.00000000
Nakayama Steel Works Ltd,0.00000000,0.00000480,0.00000000,0.00000000
Namchow Holdings Co Ltd,0.00000000,0.00000470,0.00000000,0.00000000
Namura Shipbuilding Co Ltd,0.00000000,0.00000920,0.00000000,0.00000000
Nan Kang Rubber Tire Co Ltd,0.00000000,0.00000450,0.00000000,0.00000000
NGEx Minerals Ltd,0.00000000,0.00001640,0.00000000,0.00000000
Nichidenbo Corp,0.00000000,0.00000840,0.00000000,0.00000000
Nick Scali Ltd,0.00000000,0.00000590,0.00000000,0.00000000
Nickel Industries Ltd,0.00000000,0.00000590,0.00000000,0.00000000
Nihon M&A Center Holdings Inc,0.00000000,0.00000130,0.00000000,0.00000000
Nihon Parkerizing Co Ltd,0.00000000,0.00000170,0.00000000,0.00000000
Nihon Tokushu Toryo Co Ltd,0.00000000,0.00000520,0.00000000,0.00000000
Nikkiso Co Ltd,0.00000000,0.00000360,0.00000000,0.00000000
Nine Entertainment Co Holdings Ltd,0.00000000,0.00000600,0.00000000,0.00000000
Nexstar Media Group Inc,0.00000000,0.00005800,0.00000000,0.00000000
Nextage Co Ltd,0.00000000,0.00000320,0.00000000,0.00000000
Nextpower Inc,0.00000000,0.00009550,0.00000000,0.00000000
NFI Group Inc,0.00000000,0.00001100,0.00000000,0.00000000
Nanjing Iron & Steel Co Ltd,0.00000000,0.00000460,0.00000000,0.00000000
Max Co Ltd,0.00000000,0.00001340,0.00000000,0.00000000
Maxi Renda Fundo De Investimento Imobiliario-Fii-RL,0.00000000,0.00000610,0.00000000,0.00000000
Dr Martens PLC,0.00000000,0.00000450,0.00000000,0.00000000
Marzetti Company/The,0.00000000,0.00001200,0.00000000,0.00000000
MAS P.L.C.,0.00000000,0.00000450,0.00000000,0.00000000
Masco Corp,0.00000000,0.00016350,0.00000000,0.00000000
MasTec Inc,0.00000000,0.00012810,0.00000000,0.00000000
Masterbrand Inc,0.00000000,0.00001000,0.00000000,0.00000000
Matador Resources Co,0.00000000,0.00006990,0.00000000,0.00000000
Match Group Inc,0.00000000,0.00015090,0.00000000,0.00000000
MGE Energy Inc,0.00000000,0.00001480,0.00000000,0.00000000
Murakami Corp,0.00000000,0.00000650,0.00000000,0.00000000
MGM Resorts International,0.00000000,0.00007100,0.00000000,0.00000000
Michael Page PLC,0.00000000,0.00000610,0.00000000,0.00000000
Micronics Japan Co Ltd,0.00000000,0.00001220,0.00000000,0.00030000
Middleby Corp/The,0.00000000,0.00004840,0.00000000,0.00000000
Midera Food Processing Inc,0.00000000,0.00001430,0.00000000,0.00000000
Mie Kotsu Group Holdings Inc,0.00000000,0.00000470,0.00000000,0.00000000
Meshek Energy Renewable Energies Ltd,0.00000000,0.00000490,0.00000000,0.00000000
Mesoblast Ltd,0.00000000,0.00000600,0.00000000,0.00000000
Metals X Ltd,0.00000000,0.00000620,0.00000000,0.00000000
Methanex Corp,0.00000000,0.00002620,0.00000000,0.00000000
Metropole Television SA,0.00000000,0.00000910,0.00000000,0.00000000
Metropolis Healthcare Ltd,0.00000000,0.00000480,0.00000000,0.00000000
MGIC Investment Corp,0.00000000,0.00005450,0.00000000,0.00000000
Magnolia Oil & Gas Corp,0.00000000,0.00003930,0.00000000,0.00000000
Maharashtra Seamless Ltd,0.00000000,0.00000480,0.00000000,0.00000000
Mahle Metal Leve SA,0.00000000,0.00000460,0.00000000,0.00000000
Medacta Group SA,0.00000000,0.00000590,0.00000000,0.00000000
Medartis Holding AG,0.00000000,0.00000450,0.00000000,0.00000000
Media Nusantara Citra Tbk PT,0.00000000,0.00000450,0.00000000,0.00000000
Medical Properties Trust Inc,0.00000000,0.00001140,0.00000000,0.00000000
Medicover AB,0.00000000,0.00000610,0.00000000,0.00000000
Medmix AG,0.00000000,0.00000470,0.00000000,0.00000000
Medpace Holdings Inc,0.00000000,0.00011940,0.00000000,0.00000000
Medplus Health Services Ltd,0.00000000,0.00000460,0.00000000,0.00000000
Mawson Gold Ltd,0.00000000,0.00001210,0.00000000,0.00000000
MaxLinear Inc,0.00000000,0.00003550,0.00000000,0.00100000
Maynilad Water Services Inc,0.00000000,0.00000150,0.00000000,0.00000000
McGrath RentCorp,0.00000000,0.00001320,0.00000000,0.00000000
McMillan Shakespeare Ltd,0.00000000,0.00000620,0.00000000,0.00000000
MDA Space Ltd,0.00000000,0.00002880,0.00000000,0.00000000
MDS Retailing Tbk PT,0.00000000,0.00000450,0.00000000,0.00000000
MDU Resources Group Inc,0.00000000,0.00002340,0.00000000,0.00000000
Materion Corp,0.00000000,0.00005000,0.00000000,0.00000000
Matson Inc,0.00000000,0.00000650,0.00000000,0.00000000
Matsuda Sangyo Co Ltd,0.00000000,0.00000670,0.00000000,0.00000000
Matsuya Co Ltd,0.00000000,0.00000430,0.00000000,0.00000000
Mattel Inc,0.00000000,0.00004550,0.00000000,0.00000000
Maximus Inc,0.00000000,0.00001930,0.00000000,0.00000000
Russel Metals Inc,0.00000000,0.00001150,0.00000000,0.00000000
Mizuno Corp,0.00000000,0.00000390,0.00000000,0.00000000
MKS Instruments Inc,0.00000000,0.00015880,0.00000000,0.00000000
Mobimo Holding AG,0.00000000,0.00001550,0.00000000,0.00000000
Mobvista Inc,0.00000000,0.00001000,0.00000000,0.00000000
Modern Times Group MTG AB,0.00000000,0.00000600,0.00000000,0.00000000
Moderna Inc,0.00000000,0.00043710,0.00000000,0.00000000
Mitac Holdings Corp,0.00000000,0.00001540,0.00000000,0.00000000
Mitchells & Butlers PLC,0.00000000,0.00000600,0.00000000,0.00000000
Mitie Group PLC,0.00000000,0.00001420,0.00000000,0.00000000
Mitsuba Corp,0.00000000,0.00000510,0.00000000,0.00000000
Mezzion Pharma Co Ltd,0.00000000,0.00000680,0.00000000,0.00000000
Mitsubishi Pencil Co Ltd,0.00000000,0.00000300,0.00000000,0.00000000
Mitsui High-Tec Inc,0.00000000,0.00000450,0.00000000,0.00010000
Mitsui-Soko Holdings Co Ltd,0.00000000,0.00000320,0.00000000,0.00000000
MillerKnoll Inc,0.00000000,0.00001040,0.00000000,0.00000000
Millicom International Cellular SA,0.00000000,0.00009780,0.00040000,0.00000000
Millrose Properties Inc,0.00000000,0.00004540,0.00000000,0.00000000
Mindspace Business Parks REIT,0.00000000,0.00000610,0.00000000,0.00000000
Minerals Technologies Inc,0.00000000,0.00001140,0.00000000,0.00000000
Minerva SA/Brazil,0.00000000,0.00000430,0.00000000,0.00000000
MIPS AB,0.00000000,0.00000610,0.00000000,0.00000000
Mirion Technologies Inc,0.00000000,0.00002120,0.00000000,0.00000000
Munters Group AB,0.00000000,0.00001190,0.00000000,0.00000000
Mitsubishi Estate Logistics REIT Investment Corp,0.00000000,0.00001840,0.00000000,0.00000000
MFE-MediaForEurope NV,0.00000000,0.00000590,0.00000000,0.00000000
Menicon Co Ltd,0.00000000,0.00000360,0.00000000,0.00000000
Mercialys SA,0.00000000,0.00001040,0.00000000,0.00000000
Mercury General Corp,0.00000000,0.00001460,0.00000000,0.00000000
Mercury Systems Inc,0.00000000,0.00005160,0.00000000,0.00000000
Merit Medical Systems Inc,0.00000000,0.00003860,0.00000000,0.00000000
Meritage Homes Corp,0.00000000,0.00005650,0.00000000,0.00000000
Merry Electronics Co Ltd,0.00000000,0.00000150,0.00000000,0.00000000
Mersen SA,0.00000000,0.00000620,0.00000000,0.00000000
Meesho Ltd,0.00000000,0.00000610,0.00000000,0.00000000
Mega Union Technology Inc,0.00000000,0.00000690,0.00000000,0.00000000
Megaport Ltd,0.00000000,0.00001680,0.00000000,0.00000000
Mixue Group,0.00000000,0.00000550,0.00000000,0.00000000
Meidensha Corp,0.00000000,0.00003390,0.00000000,0.00000000
Meiko Electronics Co Ltd,0.00000000,0.00001890,0.00000000,0.00000000
Melexis NV,0.00000000,0.00000620,0.00000000,0.00020000
Melia Hotels International SA,0.00000000,0.00000650,0.00000000,0.00000000
Modine Manufacturing Co,0.00000000,0.00007280,0.00000000,0.00000000
Modivo SA,0.00000000,0.00000580,0.00000000,0.00000000
Moelis & Co,0.00000000,0.00005610,0.00000000,0.00000000
Mohawk Industries Inc,0.00000000,0.00006270,0.00000000,0.00000000
Molina Healthcare Inc,0.00000000,0.00008140,0.00000000,0.00000000
Molson Coors Beverage Co,0.00000000,0.00007190,0.00000000,0.00000000
Molten Ventures PLC,0.00000000,0.00000620,0.00000000,0.00000000
Monadelphous Group Ltd,0.00000000,0.00001030,0.00000000,0.00000000
Megmilk Snow Brand Co Ltd,0.00000000,0.00000360,0.00000000,0.00000000
Valaris Ltd,0.00000000,0.00005010,0.00000000,0.00000000
Unum Group,0.00000000,0.00013500,0.00000000,0.00000000
UOB-Kay Hian Holdings Ltd,0.00000000,0.00000440,0.00000000,0.00000000
Upstart Holdings Inc,0.00000000,0.00001240,0.00000000,0.00000000
Upwork Inc,0.00000000,0.00000670,0.00000000,0.00000000
Uranium Energy Corp,0.00000000,0.00005630,0.00000000,0.00000000
Urban Edge Properties,0.00000000,0.00001050,0.00000000,0.00000000
Urban Outfitters Inc,0.00000000,0.00004690,0.00000000,0.00000000
US Foods Holding Corp,0.00000000,0.00019600,0.00000000,0.00000000
United Therapeutics Corp,0.00000000,0.00017870,0.00070000,0.00000000
Unity Software Inc,0.00000000,0.00011940,0.00000000,0.00000000
Shin Zu Shing Co Ltd,0.00000000,0.00003260,0.00000000,0.00000000
Universal Display Corp,0.00000000,0.00002140,0.00000000,0.00040000
Universal Health Services Inc,0.00000000,0.00007680,0.00000000,0.00000000
Universal Microwave Technology Inc,0.00000000,0.00001700,0.00000000,0.00000000
Universal Scientific Industrial Shanghai Co Ltd,0.00000000,0.00000490,0.00000000,0.00000000
Universal Corp/VA,0.00000000,0.00000610,0.00000000,0.00000000
United Bankshares Inc/WV,0.00000000,0.00005010,0.00000000,0.00000000
United Community Banks Inc/GA,0.00000000,0.00004780,0.00000000,0.00000000
United Internet AG,0.00000000,0.00001180,0.00000000,0.00000000
United Laboratories International Holdings Ltd/The,0.00000000,0.00000140,0.00000000,0.00000000
United Parks & Resorts Inc,0.00000000,0.00000550,0.00000000,0.00000000
United Plantations BHD,0.00000000,0.00000600,0.00000000,0.00000000
United Renewable Energy Co Ltd/Taiwan,0.00000000,0.00000520,0.00000000,0.00000000
Universal Cement Corp,0.00000000,0.00000510,0.00000000,0.00000000
Ultragenyx Pharmaceutical Inc,0.00000000,0.00001540,0.00000000,0.00000000
UMB Financial Corp,0.00000000,0.00015270,0.00000000,0.00000000
TVS Holdings Ltd,0.00000000,0.00000440,0.00000000,0.00000000
Twist Bioscience Corp,0.00000000,0.00007240,0.00000000,0.00000000
TX Group AG,0.00000000,0.00000430,0.00000000,0.00000000
TXC Corp,0.00000000,0.00001040,0.00000000,0.00000000
TXNM Energy Inc,0.00000000,0.00002460,0.00000000,0.00000000
Tyntek Corp,0.00000000,0.00000470,0.00000000,0.00000000
U-Haul Holding Co,0.00000000,0.00005890,0.00000000,0.00000000
UACJ Corp,0.00000000,0.00001340,0.00000000,0.00000000
TTS Transport Trade Services SA,0.00000000,0.00000430,0.00000000,0.00000000
Vail Resorts Inc,0.00000000,0.00004840,0.00000000,0.00000000
TTY Biopharm Co Ltd,0.00000000,0.00000370,0.00000000,0.00000000
Tuhu Car Inc,0.00000000,0.00000150,0.00000000,0.00000000
Tumosan Motor ve Traktor Sanayi AS,0.00000000,0.00000470,0.00000000,0.00000000
Tung Ho Steel Enterprise Corp,0.00000000,0.00000540,0.00000000,0.00000000
Turpaz Industries Ltd,0.00000000,0.00000620,0.00000000,0.00000000
Tuya Inc,0.00000000,0.00000480,0.00000000,0.00000000
Usha Martin Ltd,0.00000000,0.00000620,0.00000000,0.00000000
Ushio Inc,0.00000000,0.00000740,0.00000000,0.00000000
Usinas Siderurgicas de Minas Gerais S/A Usiminas,0.00000000,0.00000490,0.00000000,0.00000000
UTI Asset Management Co Ltd,0.00000000,0.00000150,0.00000000,0.00000000
V-Guard Industries Ltd,0.00000000,0.00000480,0.00000000,0.00000000
VA Tech Wabag Ltd,0.00000000,0.00000150,0.00000000,0.00000000
TTW PCL,0.00000000,0.00000450,0.00000000,0.00000000
Valiant Holding AG,0.00000000,0.00004710,0.00000000,0.00000000
Valley National Bancorp,0.00000000,0.00005420,0.00000000,0.00000000
Vallourec SACA,0.00000000,0.00002250,0.00000000,0.00000000
Valmont Industries Inc,0.00000000,0.00014090,0.00000000,0.00000000
Valor Holdings Co Ltd,0.00000000,0.00000310,0.00000000,0.00000000
Valvoline Inc,0.00000000,0.00005120,0.00000000,0.00000000
Van Lanschot Kempen NV,0.00000000,0.00001350,0.00000000,0.00000000
Viva Energy Group Ltd,0.00000000,0.00001370,0.00000000,0.00000000
Vivendi SE,0.00000000,0.00000590,0.00000000,0.00000000
Vizsla Silver Corp,0.00000000,0.00000630,0.00000000,0.00000000
Vobile Group Ltd,0.00000000,0.00000600,0.00000000,0.00000000
United States Lime & Minerals Inc,0.00000000,0.00000630,0.00000000,0.00000000
Volution Group PLC,0.00000000,0.00000160,0.00000000,0.00000000
Vontier Corp,0.00000000,0.00005840,0.00000000,0.00000000
Vontobel Holding AG,0.00000000,0.00001330,0.00000000,0.00000000
Vishay Intertechnology Inc,0.00000000,0.00002440,0.00000000,0.00000000
Visteon Corp,0.00000000,0.00001610,0.00000000,0.00000000
Vistry Group PLC,0.00000000,0.00000680,0.00000000,0.00000000
Visual Photonics Epitaxy Co Ltd,0.00000000,0.00003390,0.00000000,0.00030000
Vital KSK Holdings Inc,0.00000000,0.00000480,0.00000000,0.00000000
Vitec Software Group AB,0.00000000,0.00000650,0.00000000,0.00000000
Vitrolife AB,0.00000000,0.00000450,0.00000000,0.00000000
ViTrox Corp Bhd,0.00000000,0.00000590,0.00000000,0.00020000
Viohalco SA,0.00000000,0.00000190,0.00000000,0.00000000
Voltamp Transformers Ltd,0.00000000,0.00000440,0.00000000,0.00000000
Via Technologies Inc,0.00000000,0.00000350,0.00000000,0.00010000
Viasat Inc,0.00000000,0.00006650,0.00000000,0.00000000
Viatris Inc,0.00000000,0.00015510,0.00000000,0.00000000
Viavi Solutions Inc,0.00000000,0.00009170,0.00000000,0.00000000
Vicat SACA,0.00000000,0.00000620,0.00000000,0.00000000
Vicor Corp,0.00000000,0.00002890,0.00000000,0.00000000
Victoria's Secret & Co,0.00000000,0.00005600,0.00000000,0.00000000
Victory Capital Holdings Inc,0.00000000,0.00004920,0.00000000,0.00000000
Veracyte Inc,0.00000000,0.00002070,0.00000000,0.00000000
Verbio SE,0.00000000,0.00000450,0.00000000,0.00000000
Vermilion Energy Inc,0.00000000,0.00001270,0.00000000,0.00000000
Valeo SE,0.00000000,0.00002140,0.00000000,0.00000000
Versant Media Group Inc,0.00000000,0.00005810,0.00000000,0.00000000
Vesuvius PLC,0.00000000,0.00000160,0.00000000,0.00000000
VF Corp,0.00000000,0.00004800,0.00000000,0.00000000
VGP NV,0.00000000,0.00000610,0.00000000,0.00000000
Vardhman Textiles Ltd,0.00000000,0.00000440,0.00000000,0.00000000
Varonis Systems Inc,0.00000000,0.00003050,0.00000000,0.00000000
Vastned NV,0.00000000,0.00000450,0.00000000,0.00000000
Vatryggingafelag Islands Hf,0.00000000,0.00000480,0.00000000,0.00000000
Vault Minerals Ltd,0.00000000,0.00004890,0.00000000,0.00000000
Vaxcyte Inc,0.00000000,0.00009760,0.00000000,0.00000000
Veidekke ASA,0.00000000,0.00000630,0.00000000,0.00000000
Ventia Services Group Ltd,0.00000000,0.00001480,0.00000000,0.00000000
Verra Mobility Corp,0.00000000,0.00000450,0.00000000,0.00000000
Toyo Engineering Corp,0.00000000,0.00000510,0.00000000,0.00000000
Toyobo Co Ltd,0.00000000,0.00000480,0.00000000,0.00000000
TP ICAP Group PLC,0.00000000,0.00001670,0.00000000,0.00000000
TPG Inc,0.00000000,0.00007970,0.00000000,0.00000000
TPI Polene Power PCL,0.00000000,0.00000460,0.00000000,0.00000000
TPR Co Ltd,0.00000000,0.00000460,0.00000000,0.00000000
Topaz Energy Corp,0.00000000,0.00001180,0.00000000,0.00000000
Topco Scientific Co Ltd,0.00000000,0.00001470,0.00000000,0.00040000
Topoint Technology Co Ltd,0.00000000,0.00000680,0.00000000,0.00000000
Topre Corp,0.00000000,0.00000320,0.00000000,0.00000000
Topy Industries Ltd,0.00000000,0.00000590,0.00000000,0.00000000
UL Solutions Inc,0.00000000,0.00005560,0.00000000,0.00000000
TORM PLC,0.00000000,0.00001170,0.00000000,0.00000000
Toro Co/The,0.00000000,0.00008340,0.00000000,0.00000000
Tokyo Steel Manufacturing Co Ltd,0.00000000,0.00000490,0.00000000,0.00000000
Toll Brothers Inc,0.00000000,0.00019410,0.00000000,0.00000000
TOMONY Holdings Inc,0.00000000,0.00000110,0.00000000,0.00000000
TOMRA Systems ASA,0.00000000,0.00001570,0.00000000,0.00000000
Tong Hsing Electronic Industries Ltd,0.00000000,0.00000170,0.00000000,0.00000000
Tong Ren Tang Technologies Co Ltd,0.00000000,0.00000690,0.00000000,0.00000000
Tong Yang Industry Co Ltd,0.00000000,0.00000550,0.00000000,0.00000000
Tongguan Gold Group Ltd,0.00000000,0.00000390,0.00000000,0.00000000
Tohokushinsha Film Corp,0.00000000,0.00000490,0.00000000,0.00000000
TOKAI Holdings Corp,0.00000000,0.00000120,0.00000000,0.00000000
Torex Gold Resources Inc,0.00000000,0.00004840,0.00000000,0.00000000
Tilaknagar Industries Ltd,0.00000000,0.00000450,0.00000000,0.00000000
TIME dotCom Bhd,0.00000000,0.00000180,0.00000000,0.00000000
Time Interconnect Technology Ltd,0.00000000,0.00000870,0.00000000,0.00000000
Timken Co/The,0.00000000,0.00011350,0.00000000,0.00000000
Timken India Ltd,0.00000000,0.00000610,0.00000000,0.00000000
Tisco Financial Group PCL,0.00000000,0.00000710,0.00000000,0.00000000
TKH Group NV,0.00000000,0.00001440,0.00000000,0.00000000
Thor Industries Inc,0.00000000,0.00002150,0.00000000,0.00000000
Thule Group AB,0.00000000,0.00001080,0.00000000,0.00000000
Thunder Tiger Corp,0.00000000,0.00000900,0.00000000,0.00000000
Thungela Resources Ltd,0.00000000,0.00000490,0.00000000,0.00000000
Towne Bank/Portsmouth VA,0.00000000,0.00001140,0.00000000,0.00000000
Tiangong International Co Ltd,0.00000000,0.00000500,0.00000000,0.00000000
Tianneng Power International Ltd,0.00000000,0.00000510,0.00000000,0.00000000
Tidewater Inc,0.00000000,0.00002740,0.00000000,0.00000000
TG Therapeutics Inc,0.00000000,0.00006240,0.00000000,0.00000000
TGS ASA,0.00000000,0.00001580,0.00000000,0.00000000
Thai Vegetable Oil PCL,0.00000000,0.00000420,0.00000000,0.00000000
Thaifoods Group PCL,0.00000000,0.00000460,0.00000000,0.00000000
Thailand Future Fund,0.00000000,0.00000450,0.00000000,0.00000000
Thanachart Capital PCL,0.00000000,0.00002560,0.00000000,0.00000000
Theon International PLC,0.00000000,0.00001070,0.00000000,0.00000000
Thonburi Healthcare Group PCL,0.00000000,0.00000440,0.00000000,0.00000000
Towa Corp,0.00000000,0.00000450,0.00000000,0.00010000
thyssenkrupp AG,0.00000000,0.00007210,0.00000000,0.00000000
Trinity Industries Inc,0.00000000,0.00001510,0.00000000,0.00000000
TripAdvisor Inc,0.00000000,0.00000580,0.00000000,0.00000000
Triple Flag Precious Metals Corp,0.00000000,0.00001170,0.00000000,0.00000000
Tradeweb Markets Inc,0.00000000,0.00010580,0.00000000,0.00000000
Trainline PLC,0.00000000,0.00000620,0.00000000,0.00000000
TransAlta Corp,0.00000000,0.00001820,0.00000000,0.00000000
Transcontinental Inc,0.00000000,0.00000450,0.00000000,0.00000000
TransMedics Group Inc,0.00000000,0.00001780,0.00000000,0.00000000
Transocean Ltd,0.00000000,0.00005990,0.00000000,0.00000000
Travel + Leisure Co,0.00000000,0.00004340,0.00000000,0.00000000
Travis Perkins PLC,0.00000000,0.00000630,0.00000000,0.00000000
Tokai Carbon Co Ltd,0.00000000,0.00000860,0.00000000,0.00000000
UMS Integration Ltd,0.00000000,0.00000600,0.00000000,0.00010000
Under Armour Inc,0.00000000,0.00001120,0.00000000,0.00000000
Unicaja Banco SA,0.00000000,0.00004560,0.00000000,0.00000000
UniFirst Corp/MA,0.00000000,0.00002020,0.00000000,0.00000000
Unipar Carbocloro SA,0.00000000,0.00000440,0.00000000,0.00000000
UNIQA Insurance Group AG,0.00000000,0.00000670,0.00000000,0.00000000
Unitech Printed Circuit Board Corp,0.00000000,0.00000430,0.00000000,0.00000000
Ubisoft Entertainment SA,0.00000000,0.00000420,0.00000000,0.00000000
UDR Inc,0.00000000,0.00013590,0.00000000,0.00000000
UFP Industries Inc,0.00000000,0.00005890,0.00000000,0.00000000
UGI Corp,0.00000000,0.00008240,0.00000000,0.00000000
UiPath Inc,0.00000000,0.00007160,0.00000000,0.00000000
Umios Corp,0.00000000,0.00000120,0.00000000,0.00000000
Tokai Carbon Korea Co Ltd,0.00000000,0.00000470,0.00000000,0.00010000
Tokai Tokyo Financial Holdings Inc,0.00000000,0.00000180,0.00000000,0.00000000
Tokuyama Corp,0.00000000,0.00000770,0.00000000,0.00000000
Tokyo Keiki Inc,0.00000000,0.00000690,0.00000000,0.00000000
Tokyo Kiraboshi Financial Group Inc,0.00000000,0.00001330,0.00000000,0.00000000
Trupanion Inc,0.00000000,0.00000560,0.00000000,0.00000000
Trustmark Corp,0.00000000,0.00000670,0.00000000,0.00000000
Trustpilot Group PLC,0.00000000,0.00000620,0.00000000,0.00000000
Truworths International Ltd,0.00000000,0.00000610,0.00000000,0.00000000
TS Tech Co Ltd,0.00000000,0.00001940,0.00000000,0.00000000
Tsubakimoto Chain Co,0.00000000,0.00000260,0.00000000,0.00000000
Tsugami Corp,0.00000000,0.00000510,0.00000000,0.00000000
TriNet Group Inc,0.00000000,0.00001280,0.00000000,0.00000000
Trisura Group Ltd,0.00000000,0.00000620,0.00000000,0.00000000
Tritax Big Box REIT PLC,0.00000000,0.00005050,0.00000000,0.00000000
Triumph Financial Inc,0.00000000,0.00001040,0.00000000,0.00000000
Triveni Turbine Ltd,0.00000000,0.00000460,0.00000000,0.00000000
Troax Group AB,0.00000000,0.00000470,0.00000000,0.00000000
Truecaller AB,0.00000000,0.00000530,0.00000000,0.00000000
Truly International Holdings Ltd,0.00000000,0.00000460,0.00000000,0.00000000
Trump Media & Technology Group Corp,0.00000000,0.00000650,0.00000000,0.00000000
Trekor Metals Ltd,0.00000000,0.00001930,0.00000000,0.00000000
Trex Co Inc,0.00000000,0.00003390,0.00000000,0.00000000
Trigano SA,0.00000000,0.00000630,0.00000000,0.00000000
TriMas Corp,0.00000000,0.00000150,0.00000000,0.00000000
TTM Technologies Inc,0.00000000,0.00010340,0.00000000,0.00000000
Xenia Hotels & Resorts Inc,0.00000000,0.00002990,0.00000000,0.00000000
Xenon Pharmaceuticals Inc,0.00000000,0.00006360,0.00000000,0.00000000
XinTec Inc,0.00000000,0.00000860,0.00000000,0.00040000
Xior Student Housing NV,0.00000000,0.00001050,0.00000000,0.00000000
XP Inc,0.00000000,0.00007170,0.00000000,0.00000000
XP Log Fundo de Investimento Imobiliario Responsabilidade Ltda-FII,0.00000000,0.00000460,0.00000000,0.00000000
XP MALLS FDO INV IMOB FII,0.00000000,0.00000630,0.00000000,0.00000000
XPO Inc,0.00000000,0.00017280,0.00000000,0.00000000
WPP PLC,0.00000000,0.00005700,0.00000000,0.00000000
WSFS Financial Corp,0.00000000,0.00001530,0.00000000,0.00000000
Wuestenrot & Wuerttembergische AG,0.00000000,0.00000600,0.00000000,0.00000000
Viper Energy Inc,0.00000000,0.00012380,0.00000000,0.00000000
WUS Printed Circuit Co Ltd,0.00000000,0.00003060,0.00000000,0.00000000
Wyndham Hotels & Resorts Inc,0.00000000,0.00005230,0.00000000,0.00000000
Wynn Resorts Ltd,0.00000000,0.00006530,0.00000000,0.00000000
XD Inc,0.00000000,0.00000660,0.00000000,0.00000000
Umicore SA,0.00000000,0.00006080,0.00000000,0.00000000
UNITE Group PLC/The,0.00000000,0.00001340,0.00000000,0.00000000
TUI AG,0.00000000,0.00002040,0.00000000,0.00000000
BOROSIL RENEWABLES LTD,0.00000000,0.00000000,0.00000000,0.00000000
PHOTRONICS,0.00000000,0.00000000,0.00000000,0.00020000
PVA TEPLA AG,0.00000000,0.00000000,0.00000000,0.00010000
SANKEN ELECTRIC,0.00000000,0.00000000,0.00000000,0.00010000
SHUNSIN TECHNOLOGY HOLDINGS LTD,0.00000000,0.00000000,0.00000000,0.00000000
Wuhan Jingce Electronic Group Co Ltd,0.00000000,0.00000490,0.00000000,0.00000000
WinWay Technology Co Ltd,0.00000000,0.00003080,0.00000000,0.00050000
WEX Inc,0.00000000,0.00006470,0.00000000,0.00000000
WH Smith PLC,0.00000000,0.00000450,0.00000000,0.00000000
WHA Corp PCL,0.00000000,0.00000150,0.00000000,0.00000000
WHA Premium Growth Freehold & Leasehold Real Estate InvestmentTrust,0.00000000,0.00000450,0.00000000,0.00000000
Whirlpool Corp,0.00000000,0.00001440,0.00000000,0.00000000
White Mountains Insurance Group Ltd,0.00000000,0.00004800,0.00000000,0.00000000
Wickes Group PLC,0.00000000,0.00000450,0.00000000,0.00000000
Wienerberger AG,0.00000000,0.00003280,0.00000000,0.00000000
Stock Yards Bancorp Inc,0.00000000,0.00000830,0.00000000,0.00000000
YC INOX Co Ltd,0.00000000,0.00000490,0.00000000,0.00000000
Yankey Engineering Co Ltd,0.00000000,0.00000610,0.00000000,0.00000000
Yeni Gimat Gayrimenkul Ortakligi AS,0.00000000,0.00000630,0.00000000,0.00000000
YETI Holdings Inc,0.00000000,0.00001620,0.00000000,0.00000000
YFY Inc,0.00000000,0.00000580,0.00000000,0.00000000
YH Dimri Construction & Development Ltd,0.00000000,0.00000620,0.00000000,0.00000000
Yieh Phui Enterprise Co Ltd,0.00000000,0.00000480,0.00000000,0.00000000
XtalPi Holdings Ltd,0.00000000,0.00002150,0.00000000,0.00000000
XTB SA,0.00000000,0.00002120,0.00000000,0.00000000
Xvivo Perfusion AB,0.00000000,0.00000430,0.00000000,0.00000000
YAKUODO Holdings Co Ltd,0.00000000,0.00000480,0.00000000,0.00000000
Yamaichi Electronics Co Ltd,0.00000000,0.00000770,0.00000000,0.00000000
Yamanashi Chuo Bank Ltd/The,0.00000000,0.00000700,0.00000000,0.00000000
Yangzijiang Financial Holding Ltd,0.00000000,0.00000450,0.00000000,0.00000000
Yelp Inc,0.00000000,0.00000150,0.00000000,0.00000000
CEVA,0.00000000,0.00000000,0.00000000,0.00010000
Zebra Technologies Corp,0.00000000,0.00015120,0.00000000,0.00000000
Zee Entertainment Enterprises Ltd,0.00000000,0.00000540,0.00000000,0.00000000
Zehnder Group AG,0.00000000,0.00000150,0.00000000,0.00000000
Zen Technologies Ltd,0.00000000,0.00000430,0.00000000,0.00000000
Zeng Hsing Industrial Co Ltd,0.00000000,0.00000500,0.00000000,0.00000000
ZERIA Pharmaceutical Co Ltd,0.00000000,0.00000390,0.00000000,0.00000000
Zeta Global Holdings Corp,0.00000000,0.00006470,0.00000000,0.00000000
Zetrix Ai Bhd,0.00000000,0.00000210,0.00000000,0.00000000
Ypsomed Holding AG,0.00000000,0.00001120,0.00000000,0.00000000
Yuexiu Real Estate Investment Trust,0.00000000,0.00000460,0.00000000,0.00000000
SILICON INTEGRATED SYSTEM,0.00000000,0.00000000,0.00000000,0.00010000
Yukiguni Maitake Co Ltd,0.00000000,0.00000560,0.00000000,0.00000000
YungShin Global Holding Corp,0.00000000,0.00000540,0.00000000,0.00000000
Yunnan Lincang Xinyuan Germanium Industrial Co Ltd,0.00000000,0.00000460,0.00000000,0.00000000
Zabka Group SA,0.00000000,0.00004900,0.00000000,0.00000000
Zealand Pharma A/S,0.00000000,0.00001910,0.00000000,0.00000000
Yinson Holdings BHD,0.00000000,0.00000640,0.00000000,0.00000000
Yodoko Ltd,0.00000000,0.00000540,0.00000000,0.00000000
Yokorei Co Ltd,0.00000000,0.00000420,0.00000000,0.00000000
Yonex Co Ltd,0.00000000,0.00000270,0.00000000,0.00000000
New York Times Co/The,0.00000000,0.00013480,0.00000000,0.00000000
Yorozu Corp,0.00000000,0.00000700,0.00000000,0.00000000
Yoshinoya Holdings Co Ltd,0.00000000,0.00000360,0.00000000,0.00000000
Yuexiu Transport Infrastructure Ltd,0.00000000,0.00000410,0.00000000,0.00000000
SOLAREDGE TECHNOLOGIES,0.00000000,0.00000000,0.00000000,0.00020000
SUSS MICROTEC N,0.00000000,0.00000000,0.00000000,0.00020000
KOMICO LTD,0.00000000,0.00000000,0.00000000,0.00010000
LAND MARK CORP,0.00000000,0.00000000,0.00000000,0.00080000
MEGACHIPS,0.00000000,0.00000000,0.00000000,0.00000000
MKS,0.00000000,0.00000000,0.00000000,0.00210000
NAVITAS SEMICONDUCTOR,0.00000000,0.00000000,0.00000000,0.00030000
ORIENT SEMICONDUCTOR ELECTRONICS,0.00000000,0.00000000,0.00000000,0.00010000
PDF SOLUTIONS,0.00000000,0.00000000,0.00000000,0.00020000
PENGUIN SOLUTIONS INC,0.00000000,0.00000000,0.00000000,0.00030000
GLOBAL MIXED-MODE TECHNOLOGY INC,0.00000000,0.00000000,0.00000000,0.00000000
Zigup PLC,0.00000000,0.00000580,0.00000000,0.00000000
GREATECH TECHNOLOGY,0.00000000,0.00000000,0.00000000,0.00000000
HONPRECISION INC,0.00000000,0.00000000,0.00000000,0.00150000
ICHOR HOLDINGS,0.00000000,0.00000000,0.00000000,0.00030000
INDIE SEMICONDUCTOR INC CLASS A,0.00000000,0.00000000,0.00000000,0.00010000
INTEGRATED TECHNOLOGY EXPRESS INC,0.00000000,0.00000000,0.00000000,0.00010000
COHU,0.00000000,0.00000000,0.00000000,0.00040000
ZF Commercial Vehicle Control Systems India Ltd,0.00000000,0.00000590,0.00000000,0.00000000
Zhejiang Dun'An Artificial Environment Co Ltd,0.00000000,0.00002040,0.00000000,0.00000000
Zhongyu Energy Holdings Ltd,0.00000000,0.00000500,0.00000000,0.00000000
Zhongyuan Environment-Protection Co Ltd,0.00000000,0.00000620,0.00000000,0.00000000
Ziff Davis Inc,0.00000000,0.00000600,0.00000000,0.00000000
Zignago Vetro SpA,0.00000000,0.00000450,0.00000000,0.00000000
GRAND PLASTIC TECHNOLOGY CORP,0.00000000,0.00000000,0.00000000,0.00010000
Walker & Dunlop Inc,0.00000000,0.00000610,0.00000000,0.00000000
Wallenius Wilhelmsen ASA,0.00000000,0.00000590,0.00000000,0.00000000
Wallenstam AB,0.00000000,0.00000150,0.00000000,0.00000000
Wanguo Gold Group Ltd,0.00000000,0.00001530,0.00000000,0.00000000
Warrior Met Coal Inc,0.00000000,0.00005600,0.00000000,0.00000000
Vulcan Energy Resources Ltd,0.00000000,0.00000440,0.00000000,0.00000000
Vusion/France,0.00000000,0.00000590,0.00000000,0.00000000
WA1 Resources Ltd,0.00000000,0.00000410,0.00000000,0.00000000
Wacker Chemie AG,0.00000000,0.00001110,0.00000000,0.00000000
Wacker Neuson SE,0.00000000,0.00000490,0.00000000,0.00000000
Wacoal Holdings Corp,0.00000000,0.00000410,0.00000000,0.00000000
Wintrust Financial Corp,0.00000000,0.00017080,0.00000000,0.00000000
WaFd Inc,0.00000000,0.00001170,0.00000000,0.00000000
Vornado Realty Trust,0.00000000,0.00006500,0.00000000,0.00000000
Voronoi Inc,0.00000000,0.00000610,0.00000000,0.00000000
Vossloh AG,0.00000000,0.00000490,0.00000000,0.00000000
Voya Financial Inc,0.00000000,0.00014530,0.00000000,0.00000000
VP Bank AG,0.00000000,0.00000840,0.00000000,0.00000000
VSTECS Holdings Ltd,0.00000000,0.00000380,0.00000000,0.00000000
VT Holdings Co Ltd,0.00000000,0.00000560,0.00000000,0.00000000
Vukile Property Fund Ltd,0.00000000,0.00000610,0.00000000,0.00000000
West Fraser Timber Co Ltd,0.00000000,0.00001880,0.00000000,0.00000000
Western Alliance Bancorp,0.00000000,0.00013300,0.00000000,0.00000000
Western Mining Co Ltd,0.00000000,0.00002680,0.00000000,0.00000000
Wacom Co Ltd,0.00000000,0.00000480,0.00000000,0.00000000
Virbac SACA,0.00000000,0.00001140,0.00000000,0.00000000
Virgin Australia Holdings Ltd,0.00000000,0.00000480,0.00000000,0.00000000
Viridien,0.00000000,0.00000470,0.00000000,0.00000000
Virtu Financial Inc,0.00000000,0.00005380,0.00000000,0.00000000
Viscofan SA,0.00000000,0.00001820,0.00000000,0.00000000
VisEra Technologies Co Ltd,0.00000000,0.00000170,0.00000000,0.00010000
Victrex PLC,0.00000000,0.00000620,0.00000000,0.00000000
Vidrala SA,0.00000000,0.00001150,0.00000000,0.00000000
Vijaya Diagnostic Centre Ltd,0.00000000,0.00000470,0.00000000,0.00000000
Viking Holdings Ltd,0.00000000,0.00011340,0.00000000,0.00000000
Viking Therapeutics Inc,0.00000000,0.00002270,0.00000000,0.00000000
Wakita & Co Ltd,0.00000000,0.00002020,0.00000000,0.00000000
Vina Concha y Toro SA,0.00000000,0.00000450,0.00000000,0.00000000
Vinci Shopping Centers Fundo de Investimento Imobiliario-Responsabilidade Ltda,0.00000000,0.00000460,0.00000000,0.00000000
Warsaw Stock Exchange,0.00000000,0.00000440,0.00000000,0.00000000
Wasion Holdings Ltd,0.00000000,0.00000750,0.00000000,0.00000000
Watches of Switzerland Group PLC,0.00000000,0.00001180,0.00000000,0.00000000
Watsco Inc,0.00000000,0.00011560,0.00000000,0.00000000
Watts Water Technologies Inc,0.00000000,0.00011920,0.00000000,0.00000000
D-Wave Quantum Inc,0.00000000,0.00004380,0.00000000,0.00000000
Wayfair Inc,0.00000000,0.00008360,0.00000000,0.00000000
Waypoint REIT Ltd,0.00000000,0.00000590,0.00000000,0.00000000
Wafer Works Corp,0.00000000,0.00001160,0.00000000,0.00000000
Wah Lee Industrial Corp,0.00000000,0.00000150,0.00000000,0.00000000
Vimian Group AB,0.00000000,0.00000450,0.00000000,0.00000000
Webuild SpA,0.00000000,0.00000610,0.00000000,0.00000000
Weebit Nano Ltd,0.00000000,0.00000430,0.00000000,0.00000000
Woodward Inc,0.00000000,0.00016040,0.00000000,0.00000000
Woori Technology Inc,0.00000000,0.00000600,0.00000000,0.00000000
Workiva Inc,0.00000000,0.00002550,0.00000000,0.00000000
World Holdings Co Ltd,0.00000000,0.00001020,0.00000000,0.00000000
World Kinect Corp,0.00000000,0.00001070,0.00000000,0.00000000
Worldline SA/France,0.00000000,0.00000500,0.00000000,0.00000000
Worthington Enterprises Inc,0.00000000,0.00001080,0.00000000,0.00000000
Worthington Steel Inc,0.00000000,0.00000630,0.00000000,0.00000000
Wisdom Marine Lines Co Ltd,0.00000000,0.00000600,0.00000000,0.00000000
Western Union Co/The,0.00000000,0.00001090,0.00000000,0.00000000
Wiselink Co Ltd/TW,0.00000000,0.00000710,0.00000000,0.00000000
Wistron NeWeb Corp,0.00000000,0.00001410,0.00000000,0.00000000
Wix.com Ltd,0.00000000,0.00003000,0.00000000,0.00000000
Wockhardt Ltd,0.00000000,0.00001070,0.00000000,0.00000000
Wonik Holdings Co Ltd,0.00000000,0.00000440,0.00000000,0.00000000
WONIK IPS Co Ltd,0.00000000,0.00001620,0.00000000,0.00030000
Wihlborgs Fastigheter AB,0.00000000,0.00001060,0.00000000,0.00000000
Wilcon Depot Inc,0.00000000,0.00000460,0.00000000,0.00000000
Wilh Wilhelmsen Holding ASA,0.00000000,0.00000600,0.00000000,0.00000000
WillScot Holdings Corp,0.00000000,0.00002200,0.00000000,0.00000000
Wingstop Inc,0.00000000,0.00001830,0.00000000,0.00000000
Wintime Energy Group Co Ltd,0.00000000,0.00001980,0.00000000,0.00000000
WisdomTree Inc,0.00000000,0.00001820,0.00000000,0.00000000
Westgold Resources Ltd,0.00000000,0.00004670,0.00000000,0.00000000
Westlake Corp,0.00000000,0.00001350,0.00000000,0.00000000
Westports Holdings Bhd,0.00000000,0.00000660,0.00000000,0.00000000
Westshore Terminals Investment Corp,0.00000000,0.00000600,0.00000000,0.00000000
Wendy's Co/The,0.00000000,0.00000570,0.00000000,0.00000000
Wereldhave NV,0.00000000,0.00000490,0.00000000,0.00000000
WeRide Inc,0.00000000,0.00000580,0.00000000,0.00000000
Werner Enterprises Inc,0.00000000,0.00001160,0.00000000,0.00000000
WesBanco Inc,0.00000000,0.00004340,0.00000000,0.00000000
WESCO International Inc,0.00000000,0.00013680,0.00000000,0.00000000
Wesdome Gold Mines Ltd,0.00000000,0.00002130,0.00000000,0.00000000
West China Cement Ltd,0.00000000,0.00000460,0.00000000,0.00000000
WebBeds Group Ltd,0.00000000,0.00000480,0.00000000,0.00000000
Weilong Delicious Global Holdings Ltd,0.00000000,0.00000420,0.00000000,0.00000000
Weimob Inc,0.00000000,0.00000470,0.00000000,0.00000000
Weis Markets Inc,0.00000000,0.00000620,0.00000000,0.00000000
Wellneo Sugar Co Ltd,0.00000000,0.00001890,0.00000000,0.00000000
Welspun Corp Ltd,0.00000000,0.00001940,0.00000000,0.00000000
Welspun Living Ltd,0.00000000,0.00000470,0.00000000,0.00000000
Wendel SE,0.00000000,0.00000240,0.00000000,0.00000000
Waystar Holding Corp,0.00000000,0.00001860,0.00000000,0.00000000
WBC Holdings Pty Ltd,0.00000000,0.00000440,0.00000000,0.00000000
WD-40 Co,0.00000000,0.00001470,0.00000000,0.00000000
WDB Holdings Co Ltd,0.00000000,0.00000530,0.00000000,0.00000000
Weatherford International PLC,0.00000000,0.00007030,0.00000000,0.00000000
Wei Chuan Foods Corp,0.00000000,0.00000470,0.00000000,0.00000000
Shinkong Synthetic Fibers Corp,0.00000000,0.00000470,0.00000000,0.00000000
Shinsegae Inc,0.00000000,0.00001110,0.00000000,0.00000000
Ship Healthcare Holdings Inc,0.00000000,0.00000680,0.00000000,0.00000000
Shenzhen Dobot Corp Ltd,0.00000000,0.00000460,0.00000000,0.00000000
Shenzhen Envicool Technology Co Ltd,0.00000000,0.00000460,0.00000000,0.00000000
Shenzhen Megmeet Electrical Co Ltd,0.00000000,0.00000590,0.00000000,0.00000000
Shenzhen Sunway Communication Co Ltd,0.00000000,0.00000420,0.00000000,0.00000000
Shibaura Mechatronics Corp,0.00000000,0.00000770,0.00000000,0.00020000
Shift4 Payments Inc,0.00000000,0.00001400,0.00000000,0.00000000
Shiga Bank Ltd/The,0.00000000,0.00001900,0.00000000,0.00000000
Shikoku Kasei Holdings Corp,0.00000000,0.00000460,0.00000000,0.00000000
Tieto Oyj,0.00000000,0.00001160,0.00000000,0.00000000
Sitronix Technology Corp,0.00000000,0.00000610,0.00000000,0.00010000
Six Flags Entertainment Corp,0.00000000,0.00001010,0.00000000,0.00000000
Sixt SE,0.00000000,0.00001220,0.00000000,0.00000000
Sjova-Almennar Tryggingar hf,0.00000000,0.00000470,0.00000000,0.00000000
SK REITs Co Ltd,0.00000000,0.00000450,0.00000000,0.00000000
SKAN Group AG,0.00000000,0.00000610,0.00000000,0.00000000
Skeena Resources Ltd,0.00000000,0.00002040,0.00000000,0.00000000
Singapore Post Ltd,0.00000000,0.00000460,0.00000000,0.00000000
Sinofert Holdings Ltd,0.00000000,0.00000470,0.00000000,0.00000000
Sinopec Kantons Holdings Ltd,0.00000000,0.00000430,0.00000000,0.00000000
Sirius Real Estate Ltd,0.00000000,0.00000720,0.00000000,0.00000000
Sirius XM Holdings Inc,0.00000000,0.00004910,0.00000000,0.00000000
SiTime Corp,0.00000000,0.00011280,0.00000000,0.00180000
SentinelOne Inc,0.00000000,0.00007250,0.00000000,0.00000000
Seojin System Co Ltd,0.00000000,0.00000620,0.00000000,0.00000000
Serco Group PLC,0.00000000,0.00001870,0.00000000,0.00000000
Sercomm Corp,0.00000000,0.00000370,0.00000000,0.00000000
Siegfried Holding AG,0.00000000,0.00001880,0.00000000,0.00000000
Sienna Senior Living Inc,0.00000000,0.00001030,0.00000000,0.00000000
Signet Jewelers Ltd,0.00000000,0.00001890,0.00000000,0.00000000
Signify NV,0.00000000,0.00001560,0.00000000,0.00000000
Sigurd Microelectronics Corp,0.00000000,0.00001250,0.00000000,0.00040000
Sihuan Pharmaceutical Holdings Group Ltd,0.00000000,0.00000390,0.00000000,0.00000000
Silex Systems Ltd,0.00000000,0.00000430,0.00000000,0.00000000
Shinkong Insurance Co Ltd,0.00000000,0.00000910,0.00000000,0.00000000
Shochiku Co Ltd,0.00000000,0.00002010,0.00000000,0.00000000
Shofu Inc,0.00000000,0.00000440,0.00000000,0.00000000
Shoucheng Holdings Ltd,0.00000000,0.00000440,0.00000000,0.00000000
Shurgard Self Storage Ltd,0.00000000,0.00000440,0.00000000,0.00000000
Shyam Metalics & Energy Ltd,0.00000000,0.00000500,0.00000000,0.00000000
Siam City Cement PCL,0.00000000,0.00000430,0.00000000,0.00000000
Sichuan Expressway Group Co Ltd,0.00000000,0.00000550,0.00000000,0.00000000
Sichuan Huafeng Technology Co Ltd,0.00000000,0.00000620,0.00000000,0.00000000
Shilpa Medicare Ltd,0.00000000,0.00000500,0.00000000,0.00000000
Shimadaya Corp,0.00000000,0.00000460,0.00000000,0.00000000
KBC Ancora,0.00000000,0.00003680,0.00000000,0.00000000
Shinagawa Refra Co Ltd,0.00000000,0.00000400,0.00000000,0.00000000
Silgan Holdings Inc,0.00000000,0.00004980,0.00000000,0.00000000
Sopra Steria Group,0.00000000,0.00001710,0.00000000,0.00000000
SMU SA,0.00000000,0.00000450,0.00000000,0.00000000
Societe BIC SA,0.00000000,0.00000620,0.00000000,0.00000000
Softcat PLC,0.00000000,0.00001970,0.00000000,0.00000000
Softwareone Holding AG,0.00000000,0.00001310,0.00000000,0.00000000
Sohu.com Ltd,0.00000000,0.00000440,0.00000000,0.00000000
SOITEC,0.00000000,0.00002070,0.00000000,0.00060000
SOL SpA,0.00000000,0.00001350,0.00000000,0.00000000
Solar Applied Materials Technology Corp,0.00000000,0.00000650,0.00000000,0.00000000
SLM Corp,0.00000000,0.00005400,0.00000000,0.00000000
SM Energy Co,0.00000000,0.00009760,0.00000000,0.00000000
SiriusPoint Ltd,0.00000000,0.00001630,0.00000000,0.00000000
SMA Solar Technology AG,0.00000000,0.00000490,0.00000000,0.00000000
SmartCentres Real Estate Investment Trust,0.00000000,0.00000150,0.00000000,0.00000000
SmartGroup Corp Ltd,0.00000000,0.00000510,0.00000000,0.00000000
SMG Swiss Marketplace Group AG,0.00000000,0.00000450,0.00000000,0.00000000
SMS Co Ltd,0.00000000,0.00000240,0.00000000,0.00000000
SKF India Ltd,0.00000000,0.00000450,0.00000000,0.00000000
SkiStar AB,0.00000000,0.00000430,0.00000000,0.00000000
Skyverse Technology Co Ltd,0.00000000,0.00001660,0.00000000,0.00010000
Skyworks Solutions Inc,0.00000000,0.00012350,0.00000000,0.00140000
Skyworth Group Ltd,0.00000000,0.00000490,0.00000000,0.00000000
SL Green Realty Corp,0.00000000,0.00002330,0.00000000,0.00000000
SLC Agricola SA,0.00000000,0.00000460,0.00000000,0.00000000
SM Entertainment Co Ltd,0.00000000,0.00000480,0.00000000,0.00000000
SiteMinder Ltd,0.00000000,0.00000400,0.00000000,0.00000000
SiteOne Landscape Supply Inc,0.00000000,0.00002280,0.00000000,0.00000000
Simplex Holdings Inc,0.00000000,0.00000120,0.00000000,0.00000000
Simplo Technology Co Ltd,0.00000000,0.00004560,0.00000000,0.00000000
Simply Good Foods Co/The,0.00000000,0.00000480,0.00000000,0.00000000
Simpson Manufacturing Co Inc,0.00000000,0.00016570,0.00000000,0.00000000
Sinbon Electronics Co Ltd,0.00000000,0.00001190,0.00000000,0.00000000
Sinch AB,0.00000000,0.00001600,0.00000000,0.00000000
Sinfonia Technology Co Ltd,0.00000000,0.00001200,0.00000000,0.00000000
Singamas Container Holdings Ltd,0.00000000,0.00000480,0.00000000,0.00000000
Silicon Laboratories Inc,0.00000000,0.00006140,0.00000000,0.00080000
Sonos Inc,0.00000000,0.00001160,0.00000000,0.00000000
Siltronic AG,0.00000000,0.00000430,0.00000000,0.00020000
Silvercorp Metals Inc,0.00000000,0.00001560,0.00000000,0.00000000
Simcere Pharmaceutical Group Ltd,0.00000000,0.00000570,0.00000000,0.00000000
Sime Darby Property Bhd,0.00000000,0.00000610,0.00000000,0.00000000
Simmons First National Corp,0.00000000,0.00001030,0.00000000,0.00000000
SIMMTECH Co Ltd,0.00000000,0.00001710,0.00000000,0.00030000
Solaria Energia y Medio Ambiente SA,0.00000000,0.00000630,0.00000000,0.00000000
Solstice Advanced Materials Inc,0.00000000,0.00008250,0.00000000,0.00000000
Solventum Corp,0.00000000,0.00010760,0.00000000,0.00000000
Sonae SGPS SA,0.00000000,0.00000600,0.00000000,0.00000000
SONDA SA,0.00000000,0.00000460,0.00000000,0.00000000
Sonoco Products Co,0.00000000,0.00004030,0.00000000,0.00000000
Silicon2 Co Ltd,0.00000000,0.00000690,0.00000000,0.00000000
Samsara Inc,0.00000000,0.00011740,0.00000000,0.00000000
San-Ai Obbli Co Ltd,0.00000000,0.00000230,0.00000000,0.00000000
San-In Godo Bank Ltd/The,0.00000000,0.00000760,0.00000000,0.00000000
San ju San Financial Group Inc,0.00000000,0.00000210,0.00000000,0.00000000
Sangetsu Corp,0.00000000,0.00002460,0.00000000,0.00000000
Sanil Electric Co Ltd,0.00000000,0.00001480,0.00000000,0.00000000
Sanki Engineering Co Ltd,0.00000000,0.00001160,0.00000000,0.00000000
Sanmina Corp,0.00000000,0.00010360,0.00000000,0.00000000
Sakura Internet Inc,0.00000000,0.00000370,0.00000000,0.00000000
Salfacorp SA,0.00000000,0.00000450,0.00000000,0.00000000
Salhia Real Estate Co KSCP,0.00000000,0.00000480,0.00000000,0.00000000
Sensirion Holding AG,0.00000000,0.00000470,0.00000000,0.00000000
Salzgitter AG,0.00000000,0.00001230,0.00000000,0.00000000
Sam Chun Dang Pharm Co Ltd,0.00000000,0.00001100,0.00000000,0.00000000
Samhallsbyggnadsbolaget i Norden AB,0.00000000,0.00000440,0.00000000,0.00000000
Sammaan Capital Ltd,0.00000000,0.00000630,0.00000000,0.00000000
Seiko Group Corp,0.00000000,0.00002250,0.00000000,0.00000000
Seiren Co Ltd,0.00000000,0.00000330,0.00000000,0.00000000
Select Harvests Ltd,0.00000000,0.00000450,0.00000000,0.00000000
Selective Insurance Group Inc,0.00000000,0.00005950,0.00000000,0.00000000
Sella Capital Real Estate Ltd,0.00000000,0.00000460,0.00000000,0.00000000
Semtech Corp,0.00000000,0.00011480,0.00000000,0.00200000
Senior PLC,0.00000000,0.00001060,0.00000000,0.00000000
Senko Group Holdings Co Ltd,0.00000000,0.00000640,0.00000000,0.00000000
Salvatore Ferragamo SpA,0.00000000,0.00000470,0.00000000,0.00000000
RXO Inc,0.00000000,0.00002150,0.00000000,0.00000000
Rokko Butter Co Ltd,0.00000000,0.00000410,0.00000000,0.00000000
Roko AB,0.00000000,0.00000150,0.00000000,0.00000000
Roku Inc,0.00000000,0.00015890,0.00000000,0.00000000
Rotork PLC,0.00000000,0.00004270,0.00000000,0.00000000
Royal Gold Inc,0.00000000,0.00018110,0.00000000,0.00000000
RPM International Inc,0.00000000,0.00015820,0.00000000,0.00000000
RR Kabel Ltd,0.00000000,0.00000630,0.00000000,0.00000000
RS GROUP PLC,0.00000000,0.00004720,0.00000000,0.00000000
Sapphire Foods India Ltd,0.00000000,0.00000430,0.00000000,0.00000000
Sappi Ltd,0.00000000,0.00000460,0.00000000,0.00000000
Sao Martinho S/A,0.00000000,0.00000460,0.00000000,0.00000000
Sarkuysan Elektrolitik Bakir Sanayi ve Ticaret AS,0.00000000,0.00000450,0.00000000,0.00000000
Saudi Chemical Co Holding,0.00000000,0.00000450,0.00000000,0.00000000
Saudi Reinsurance Co,0.00000000,0.00000440,0.00000000,0.00000000
Savills PLC,0.00000000,0.00000770,0.00000000,0.00000000
SBI Shinsei Bank Ltd,0.00000000,0.00001350,0.00000000,0.00000000
Sanofi India Ltd,0.00000000,0.00000440,0.00000000,0.00000000
Sansan Inc,0.00000000,0.00000660,0.00000000,0.00000000
Sansera Engineering Ltd,0.00000000,0.00001120,0.00000000,0.00000000
Sansiri PCL,0.00000000,0.00000520,0.00000000,0.00000000
Sanyang Motor Co Ltd,0.00000000,0.00000150,0.00000000,0.00000000
Sanyo Denki Co Ltd,0.00000000,0.00000530,0.00000000,0.00000000
Sanyo Electric Railway Co Ltd,0.00000000,0.00000390,0.00000000,0.00000000
Sarepta Therapeutics Inc,0.00000000,0.00001350,0.00000000,0.00000000
Sharetronic Data Technology Co Ltd,0.00000000,0.00000600,0.00000000,0.00000000
Sharjah Islamic Bank,0.00000000,0.00000160,0.00000000,0.00000000
SharkNinja Inc,0.00000000,0.00012950,0.00020000,0.00000000
Sheng Siong Group Ltd,0.00000000,0.00000620,0.00000000,0.00000000
Shenyang Fortune Precision Equipment Co Ltd,0.00000000,0.00000930,0.00000000,0.00000000
SFS Group AG,0.00000000,0.00000970,0.00000000,0.00000000
Shaftesbury Capital PLC,0.00000000,0.00000840,0.00000000,0.00000000
Shaily Engineering Plastics Lt,0.00000000,0.00000460,0.00000000,0.00000000
Shake Shack Inc,0.00000000,0.00001510,0.00000000,0.00000000
Shandong Hi-Speed Road & Bridge Group Co Ltd,0.00000000,0.00000550,0.00000000,0.00000000
Shandong Hongqiao Aluminum Industry Holding Co Ltd,0.00000000,0.00000450,0.00000000,0.00000000
Seacoast Banking Corp of Florida,0.00000000,0.00001170,0.00000000,0.00000000
Shanghai Conant Optical Co Ltd,0.00000000,0.00000690,0.00000000,0.00000000
Seria Co Ltd,0.00000000,0.00000420,0.00000000,0.00000000
Service Corp International/US,0.00000000,0.00011820,0.00000000,0.00000000
Service Stream Ltd,0.00000000,0.00000140,0.00000000,0.00000000
ServiceTitan Inc,0.00000000,0.00005970,0.00000000,0.00000000
ServisFirst Bancshares Inc,0.00000000,0.00005020,0.00000000,0.00000000
SES SA,0.00000000,0.00001540,0.00000000,0.00000000
Sesa SpA,0.00000000,0.00000470,0.00000000,0.00000000
Sezzle Inc,0.00000000,0.00001140,0.00000000,0.00000000
Sensata Technologies Holding PLC,0.00000000,0.00006250,0.00000000,0.00000000
Senshu Ikeda Holdings Inc,0.00000000,0.00000730,0.00000000,0.00000000
Sensient Technologies Corp,0.00000000,0.00005900,0.00000000,0.00000000
Shanghai Chlor-Alkali Chemical Co Ltd,0.00000000,0.00000750,0.00000000,0.00000000
Seadrill Ltd,0.00000000,0.00001680,0.00000000,0.00000000
SEB SA,0.00000000,0.00001080,0.00000000,0.00000000
Sectra AB,0.00000000,0.00007200,0.00000000,0.00000000
Secure Waste Infrastructure Corp,0.00000000,0.00002220,0.00000000,0.00000000
Security Bank Corp,0.00000000,0.00000440,0.00000000,0.00000000
SEI Investments Co,0.00000000,0.00011730,0.00000000,0.00000000
Seikitokyu Kogyo Co Ltd,0.00000000,0.00002560,0.00000000,0.00000000
Schouw & Co A/S,0.00000000,0.00002310,0.00000000,0.00000000
Science Applications International Corp,0.00000000,0.00005560,0.00000000,0.00000000
Scientech Corp,0.00000000,0.00000640,0.00000000,0.00000000
Scorpio Tankers Inc,0.00000000,0.00002200,0.00000000,0.00000000
Scotts Miracle-Gro Co/The,0.00000000,0.00001500,0.00000000,0.00000000
Shannon Semiconductor Technology Co Ltd,0.00000000,0.00000400,0.00000000,0.00000000
Sdiptech AB,0.00000000,0.00000470,0.00000000,0.00000000
Seabridge Gold Inc,0.00000000,0.00001840,0.00000000,0.00000000
SBM Offshore NV,0.00000000,0.00003680,0.00000000,0.00000000
Scandic Hotels Group AB,0.00000000,0.00002570,0.00000000,0.00000000
Scandinavian Tobacco Group A/S,0.00000000,0.00000480,0.00000000,0.00000000
Scatec ASA,0.00000000,0.00000600,0.00000000,0.00000000
Schneider Electric Infrastructure Ltd,0.00000000,0.00000490,0.00000000,0.00000000
Schneider National Inc,0.00000000,0.00000760,0.00000000,0.00000000
Scholar Rock Holding Corp,0.00000000,0.00006040,0.00000000,0.00000000
Schott Pharma AG & Co KGaA,0.00000000,0.00000160,0.00000000,0.00000000
Shanghai Iluvatar CoreX Semiconductor Co Ltd,0.00000000,0.00000750,0.00000000,0.00000000
Shanghai MicroPort MedBot Group Co Ltd,0.00000000,0.00000550,0.00000000,0.00000000
SDI Corp,0.00000000,0.00003350,0.00000000,0.00000000
SWCC Corp,0.00000000,0.00001430,0.00000000,0.00000000
Syarikat Takaful Malaysia Keluarga Bhd,0.00000000,0.00000490,0.00000000,0.00000000
TD SYNNEX Corp,0.00000000,0.00016860,0.00000000,0.00000000
TeamLease Services Ltd,0.00000000,0.00000470,0.00000000,0.00000000
TeamViewer SE,0.00000000,0.00000670,0.00000000,0.00000000
Tecan Group AG,0.00000000,0.00001640,0.00000000,0.00000000
Co-Tech Development Corp,0.00000000,0.00002880,0.00000000,0.00000000
Technip Energies NV,0.00000000,0.00005490,0.00000000,0.00000000
TechnipFMC PLC,0.00000000,0.00025710,0.00090000,0.00000000
Technogym SpA,0.00000000,0.00000720,0.00000000,0.00000000
TATA CAPITAL LTD,0.00000000,0.00000180,0.00000000,0.00000000
Sligro Food Group NV,0.00000000,0.00000450,0.00000000,0.00000000
Tata Investment Corp Ltd,0.00000000,0.00000150,0.00000000,0.00000000
Tate & Lyle PLC,0.00000000,0.00001390,0.00000000,0.00000000
Tauron Polska Energia SA,0.00000000,0.00001560,0.00000000,0.00000000
TBC Bank Group PLC,0.00000000,0.00001410,0.00000000,0.00000000
TCL Electronics Holdings Ltd,0.00000000,0.00001490,0.00000000,0.00000000
TD Power Systems Ltd,0.00000000,0.00001210,0.00000000,0.00000000
Talen Energy Corp,0.00000000,0.00011260,0.00000000,0.00000000
Tamarack Valley Energy Ltd,0.00000000,0.00005930,0.00000000,0.00000000
Tamburi Investment Partners SpA,0.00000000,0.00000610,0.00000000,0.00000000
Tamilnad Mercantile Bank Ltd,0.00000000,0.00000490,0.00000000,0.00000000
Tamron Co Ltd,0.00000000,0.00000130,0.00000000,0.00000000
Tandem Diabetes Care Inc,0.00000000,0.00001070,0.00000000,0.00000000
Tata Chemicals Ltd,0.00000000,0.00000160,0.00000000,0.00000000
Taiwan Cogeneration Corp,0.00000000,0.00000540,0.00000000,0.00000000
Taiwan Hon Chuan Enterprise Co Ltd,0.00000000,0.00000780,0.00000000,0.00000000
Taiwan Paiho Ltd,0.00000000,0.00000400,0.00000000,0.00000000
T&S Communications Co Ltd,0.00000000,0.00000450,0.00000000,0.00000000
T3EX Global Holdings Corp,0.00000000,0.00000330,0.00000000,0.00000000
TA Chen Stainless Pipe,0.00000000,0.00001870,0.00000000,0.00000000
Ta Ya Electric Wire & Cable,0.00000000,0.00000700,0.00000000,0.00000000
Tabcorp Holdings Ltd,0.00000000,0.00001040,0.00000000,0.00000000
Tachi-S Co Ltd,0.00000000,0.00000680,0.00000000,0.00000000
Tadano Ltd,0.00000000,0.00000130,0.00000000,0.00000000
TAG Immobilien AG,0.00000000,0.00001610,0.00000000,0.00000000
Swan Corp Ltd,0.00000000,0.00000450,0.00000000,0.00000000
Synaptics Inc,0.00000000,0.00002160,0.00000000,0.00050000
Synmosa Biopharma Corp,0.00000000,0.00000570,0.00000000,0.00000000
Syntec Technology Co Ltd,0.00000000,0.00001620,0.00000000,0.00000000
Syrma SGS Technology Ltd,0.00000000,0.00000600,0.00000000,0.00000000
Systemair AB,0.00000000,0.00000160,0.00000000,0.00000000
Systena Corp,0.00000000,0.00000180,0.00000000,0.00000000
Systex Corp,0.00000000,0.00002800,0.00000000,0.00000000
Supreme Electronics Co Ltd,0.00000000,0.00000580,0.00000000,0.00000000
Surgery Partners Inc,0.00000000,0.00000610,0.00000000,0.00000000
Suruga Bank Ltd,0.00000000,0.00000850,0.00000000,0.00000000
Suven Pharmaceuticals Ltd,0.00000000,0.00000470,0.00000000,0.00000000
Suzhou Everbright Photonics Co Ltd,0.00000000,0.00001330,0.00000000,0.00010000
Sylvamo Corp,0.00000000,0.00000590,0.00000000,0.00000000
Teleflex Inc,0.00000000,0.00006230,0.00000000,0.00000000
Teleperformance SE,0.00000000,0.00002540,0.00000000,0.00000000
Telephone and Data Systems Inc,0.00000000,0.00001970,0.00000000,0.00000000
Television Francaise 1 SA,0.00000000,0.00000900,0.00000000,0.00000000
Telkom SA SOC Ltd,0.00000000,0.00000620,0.00000000,0.00000000
Tempur Sealy International Inc,0.00000000,0.00012680,0.00000000,0.00000000
Tempus AI Inc,0.00000000,0.00006140,0.00000000,0.00000000
Tenable Holdings Inc,0.00000000,0.00002620,0.00000000,0.00000000
TechWing Inc,0.00000000,0.00000610,0.00000000,0.00010000
Tecnicas Reunidas SA,0.00000000,0.00000590,0.00000000,0.00000000
Tecnoglass Holdings Inc,0.00000000,0.00000150,0.00000000,0.00000000
Tanger Inc,0.00000000,0.00003980,0.00000000,0.00000000
Tekscend Photomask Corp,0.00000000,0.00000720,0.00000000,0.00000000
Tel Aviv Stock Exchange Ltd,0.00000000,0.00002150,0.00000000,0.00000000
Telecom Egypt Co,0.00000000,0.00000610,0.00000000,0.00000000
Telecom Plus PLC,0.00000000,0.00000610,0.00000000,0.00000000
Tkms AG& Co KGaA,0.00000000,0.00001600,0.00000000,0.00000000
TKO Group Holdings Inc,0.00000000,0.00009370,0.00000000,0.00000000
Toa Corp/Tokyo,0.00000000,0.00000400,0.00000000,0.00000000
Toast Inc,0.00000000,0.00013330,0.00000000,0.00000000
Tocalo Co Ltd,0.00000000,0.00000260,0.00000000,0.00000000
Toei Co Ltd,0.00000000,0.00000570,0.00000000,0.00000000
Toho Holdings Co Ltd,0.00000000,0.00000750,0.00000000,0.00000000
Toho Bank Ltd/The,0.00000000,0.00000190,0.00000000,0.00000000
Tejas Networks Ltd,0.00000000,0.00000510,0.00000000,0.00000000
Tapestry Inc,0.00000000,0.00021110,0.00080000,0.00000000
Taiwan Semiconductor Co Ltd,0.00000000,0.00000450,0.00000000,0.00000000
Taiwan Surface Mounting Technology Corp,0.00000000,0.00001130,0.00000000,0.00000000
Taiwan Union Technology Corp,0.00000000,0.00010970,0.00000000,0.00000000
Taiyen Biotech Co Ltd,0.00000000,0.00000440,0.00000000,0.00000000
Takara Standard Co Ltd,0.00000000,0.00000300,0.00000000,0.00000000
Takeuchi Manufacturing Co Ltd,0.00000000,0.00000730,0.00000000,0.00000000
Takuma Co Ltd,0.00000000,0.00000290,0.00000000,0.00000000
Talaat Moustafa Group,0.00000000,0.00000600,0.00000000,0.00000000
Terreno Realty Corp,0.00000000,0.00004000,0.00000000,0.00000000
Terveystalo Oyj,0.00000000,0.00000450,0.00000000,0.00000000
TerraVest Industries Inc,0.00000000,0.00000610,0.00000000,0.00000000
Test Research Inc,0.00000000,0.00000150,0.00000000,0.00000000
Tetra Tech Inc,0.00000000,0.00008540,0.00000000,0.00000000
Texas Capital Bancshares Inc,0.00000000,0.00004250,0.00000000,0.00000000
Texas Roadhouse Inc,0.00000000,0.00012090,0.00000000,0.00000000
Texhong International Group Ltd,0.00000000,0.00000420,0.00000000,0.00000000
Tenet Healthcare Corp,0.00000000,0.00019430,0.00000000,0.00000000
Tennant Co,0.00000000,0.00000630,0.00000000,0.00000000
Tenneco Clean Air India Ltd,0.00000000,0.00000140,0.00000000,0.00000000
Teradata Corp,0.00000000,0.00001520,0.00000000,0.00000000
Teraplast SA,0.00000000,0.00000440,0.00000000,0.00000000
Terawulf Inc,0.00000000,0.00005340,0.00000000,0.00000000
Terex Corp,0.00000000,0.00007380,0.00000000,0.00000000
TES Co Ltd/Korea,0.00000000,0.00000650,0.00000000,0.00000000
Soulbrain Co Ltd,0.00000000,0.00000460,0.00000000,0.00000000
SoundHound AI Inc,0.00000000,0.00001690,0.00000000,0.00000000
South Bow Corp,0.00000000,0.00014590,0.00000000,0.00000000
Southern Province Cement Co,0.00000000,0.00000460,0.00000000,0.00000000
SOUTHSTATE BANK CORP,0.00000000,0.00018620,0.00000000,0.00000000
Southwest Gas Holdings Inc,0.00000000,0.00005370,0.00000000,0.00000000
SP Setia Bhd Group,0.00000000,0.00000460,0.00000000,0.00000000
Steven Madden Ltd,0.00000000,0.00001770,0.00000000,0.00000000
Stifel Financial Corp,0.00000000,0.00014240,0.00000000,0.00000000
Stolt-Nielsen Ltd,0.00000000,0.00000460,0.00000000,0.00000000
StoneCo Ltd,0.00000000,0.00001100,0.00000000,0.00000000
Tainan Spinning Co Ltd,0.00000000,0.00000470,0.00000000,0.00000000
Storebrand ASA,0.00000000,0.00010390,0.00000000,0.00000000
Storskogen Group AB,0.00000000,0.00000630,0.00000000,0.00000000
Strategic Education Inc,0.00000000,0.00000620,0.00000000,0.00000000
Starwood Property Trust Inc,0.00000000,0.00002650,0.00000000,0.00000000
Stecon Group PCL,0.00000000,0.00000460,0.00000000,0.00000000
Stef SA,0.00000000,0.00000440,0.00000000,0.00000000
Stella International Holdings Ltd,0.00000000,0.00000130,0.00000000,0.00000000
Stella-Jones Inc,0.00000000,0.00001640,0.00000000,0.00000000
StepStone Group Inc,0.00000000,0.00002360,0.00000000,0.00000000
Sterling Infrastructure Inc,0.00000000,0.00010950,0.00000000,0.00000000
Sterlite Technologies Ltd,0.00000000,0.00001320,0.00000000,0.00000000
StandardAero Inc,0.00000000,0.00005890,0.00000000,0.00000000
StoneX Group Inc,0.00000000,0.00006720,0.00000000,0.00000000
SPS Commerce Inc,0.00000000,0.00001860,0.00000000,0.00000000
SPX Technologies Inc,0.00000000,0.00010030,0.00000000,0.00000000
SRG Global Ltd,0.00000000,0.00000600,0.00000000,0.00000000
Sri Trang Agro-Industry PCL,0.00000000,0.00000530,0.00000000,0.00000000
Sri Trang Gloves Thailand PCL,0.00000000,0.00000460,0.00000000,0.00000000
SSP Group Plc,0.00000000,0.00001190,0.00000000,0.00000000
SSR Mining Inc,0.00000000,0.00007420,0.00000000,0.00000000
SSY Group Ltd,0.00000000,0.00000530,0.00000000,0.00000000
Spire Inc,0.00000000,0.00004540,0.00000000,0.00000000
Spire Healthcare Group PLC,0.00000000,0.00000450,0.00000000,0.00000000
Sportradar Group AG,0.00000000,0.00001020,0.00000000,0.00000000
Sotera Health Co,0.00000000,0.00003820,0.00000000,0.00000000
SPR Auto Technologies Ltd,0.00000000,0.00000460,0.00000000,0.00000000
Springer Nature AG & Co KGaA,0.00000000,0.00000440,0.00000000,0.00000000
Sprott Inc,0.00000000,0.00001600,0.00000000,0.00000000
Sprouts Farmers Market Inc,0.00000000,0.00007120,0.00000000,0.00000000
SPAR Group Ltd/The,0.00000000,0.00000460,0.00000000,0.00000000
Sparebank 1 Oestlandet,0.00000000,0.00000470,0.00000000,0.00000000
SpareBank 1 SMN,0.00000000,0.00001180,0.00000000,0.00000000
SpareBank 1 Sor-Norge ASA,0.00000000,0.00001540,0.00000000,0.00000000
Sparebanken Vest,0.00000000,0.00001220,0.00000000,0.00000000
Spectrum Brands Holdings Inc,0.00000000,0.00000750,0.00000000,0.00000000
SPG Co Ltd,0.00000000,0.00000590,0.00000000,0.00000000
Sphere Entertainment Co,0.00000000,0.00002200,0.00000000,0.00000000
Sports Toto Bhd,0.00000000,0.00000450,0.00000000,0.00000000
Sunway Construction Group Bhd,0.00000000,0.00000150,0.00000000,0.00000000
Sunway Real Estate Investment Trust,0.00000000,0.00000140,0.00000000,0.00000000
Supalai PCL,0.00000000,0.00000440,0.00000000,0.00000000
SUPCON Technology Co Ltd,0.00000000,0.00000500,0.00000000,0.00000000
Summerset Group Holdings Ltd,0.00000000,0.00000660,0.00000000,0.00000000
Summit Real Estate Holdings Ltd,0.00000000,0.00000480,0.00000000,0.00000000
Summit Therapeutics Inc,0.00000000,0.00001180,0.00000000,0.00000000
Sun Corp,0.00000000,0.00000810,0.00000000,0.00000000
C Sun Manufacturing Ltd,0.00000000,0.00000690,0.00000000,0.00000000
Sunac China Holdings Ltd,0.00000000,0.00000510,0.00000000,0.00000000
Sundram Fasteners Ltd,0.00000000,0.00000600,0.00000000,0.00000000
Standex International Corp,0.00000000,0.00001900,0.00000000,0.00000000
Strathcona Resources Ltd,0.00000000,0.00001190,0.00000000,0.00000000
Stride Inc,0.00000000,0.00002070,0.00000000,0.00000000
Strides Pharma Science Ltd,0.00000000,0.00000480,0.00000000,0.00000000
Stroeer SE & Co KGaA,0.00000000,0.00001100,0.00000000,0.00000000
Subsea 7 SA,0.00000000,0.00013950,0.00000000,0.00000000
Suedzucker AG,0.00000000,0.00000460,0.00000000,0.00000000
Sulzer AG,0.00000000,0.00001850,0.00000000,0.00000000
Sumitomo Osaka Cement Co Ltd,0.00000000,0.00000540,0.00000000,0.00000000
Taichung Commercial Bank Co Ltd,0.00000000,0.00001110,0.00000000,0.00000000
TaiDoc Technology Corp,0.00000000,0.00000670,0.00000000,0.00000000
Taiflex Scientific Co Ltd,0.00000000,0.00001260,0.00000000,0.00000000
Taihan Cable & Solution Co Ltd,0.00000000,0.00001280,0.00000000,0.00000000
Sunonwealth Electric Machine Industry Co Ltd,0.00000000,0.00000190,0.00000000,0.00000000
Stanley Black & Decker Inc,0.00000000,0.00013450,0.00000000,0.00000000
Stanmore Resources Ltd,0.00000000,0.00000480,0.00000000,0.00000000
Star Bulk Carriers Corp,0.00000000,0.00001110,0.00000000,0.00000000
Star Petroleum Refining PCL,0.00000000,0.00000480,0.00000000,0.00000000
Starhill Global REIT,0.00000000,0.00000580,0.00000000,0.00000000
Starts Proceed Investment Corp,0.00000000,0.00000360,0.00000000,0.00000000
St Barbara Ltd,0.00000000,0.00000510,0.00000000,0.00000000
St Galler Kantonalbank AG,0.00000000,0.00001360,0.00000000,0.00000000
St Joe Co/The,0.00000000,0.00001510,0.00000000,0.00000000
ST Pharm Co Ltd,0.00000000,0.00000610,0.00000000,0.00000000
St Shine Optical Co Ltd,0.00000000,0.00000470,0.00000000,0.00000000
Stabilus SE,0.00000000,0.00000470,0.00000000,0.00000000
Sunstone Hotel Investors Inc,0.00000000,0.00000750,0.00000000,0.00000000
STAG Industrial Inc,0.00000000,0.00004510,0.00000000,0.00000000
Super Retail Group Ltd,0.00000000,0.00003470,0.00000000,0.00000000
Super Group SGHC Ltd,0.00000000,0.00001240,0.00000000,0.00000000
Super Group Ltd/South Africa,0.00000000,0.00000440,0.00000000,0.00000000
Superior Plus Corp,0.00000000,0.00000610,0.00000000,0.00000000
Superloop Ltd,0.00000000,0.00000570,0.00000000,0.00000000
Supermarket Income Reit PLC,0.00000000,0.00000150,0.00000000,0.00000000
Supernus Pharmaceuticals Inc,0.00000000,0.00001410,0.00000000,0.00000000
Suprajit Engineering Ltd,0.00000000,0.00000460,0.00000000,0.00000000
Sunrise Communications AG,0.00000000,0.00005380,0.00000000,0.00000000
Sunrun Inc,0.00000000,0.00001450,0.00000000,0.00000000
Sunshine Lake Pharma Co Ltd,0.00000000,0.00000440,0.00000000,0.00000000
Stadler Rail AG,0.00000000,0.00001360,0.00000000,0.00000000
Brookfield Wealth Solutions Ltd,0.00000000,0.00000600,0.00000000,0.00000000
Browave Corp,0.00000000,0.00001230,0.00000000,0.00000000
Brown-Forman Corp,0.00000000,0.00004700,0.00000000,0.00000000
BRP Inc,0.00000000,0.00001250,0.00000000,0.00000000
Bruker Corp,0.00000000,0.00006110,0.00000000,0.00000000
Brunswick Corp/DE,0.00000000,0.00005940,0.00000000,0.00000000
BTG Pactual Logistica Fundo de Investimento Imobiliario Responsabilidade Ltda,0.00000000,0.00000610,0.00000000,0.00000000
Bucher Industries AG,0.00000000,0.00001070,0.00000000,0.00000000
Carborundum Universal Ltd,0.00000000,0.00000610,0.00000000,0.00000000
Caregen Co Ltd,0.00000000,0.00000440,0.00000000,0.00000000
Carel Industries SpA,0.00000000,0.00000650,0.00000000,0.00000000
Insperity Inc,0.00000000,0.00001230,0.00000000,0.00000000
Cargotec Oyj,0.00000000,0.00001360,0.00000000,0.00000000
Cargurus Inc,0.00000000,0.00001300,0.00000000,0.00000000
Caris Life Sciences Inc,0.00000000,0.00001960,0.00000000,0.00000000
Carl Zeiss Meditec AG,0.00000000,0.00000610,0.00000000,0.00000000
CAP SA,0.00000000,0.00000460,0.00000000,0.00000000
Capital Power Corp,0.00000000,0.00014660,0.00000000,0.00000000
CapitaLand China Trust,0.00000000,0.00000460,0.00000000,0.00000000
Capitaland India Trust,0.00000000,0.00000610,0.00000000,0.00000000
Capitania Securities II FII RL,0.00000000,0.00000460,0.00000000,0.00000000
Capri Holdings Ltd,0.00000000,0.00001040,0.00000000,0.00000000
Capricorn Metals Ltd,0.00000000,0.00005110,0.00000000,0.00000000
Capstone Copper Corp,0.00000000,0.00009700,0.00000000,0.00000000
CareTrust REIT Inc,0.00000000,0.00011240,0.00000000,0.00000000
BrasilAgro - Co Brasileira de Propriedades Agricolas,0.00000000,0.00000500,0.00000000,0.00000000
BW Offshore Ltd,0.00000000,0.00000490,0.00000000,0.00000000
BWP Property Group Ltd,0.00000000,0.00000150,0.00000000,0.00000000
BWX Technologies Inc,0.00000000,0.00012820,0.00000000,0.00000000
BXP Inc,0.00000000,0.00013110,0.00000000,0.00000000
Bytes Technology Group PLC,0.00000000,0.00000640,0.00000000,0.00000000
C3.ai Inc,0.00000000,0.00000740,0.00000000,0.00000000
Cabot Corp,0.00000000,0.00005020,0.00000000,0.00000000
CACI International Inc,0.00000000,0.00012420,0.00000000,0.00000000
Bunge Global SA,0.00000000,0.00012240,0.00000000,0.00000000
Burckhardt Compression Holding AG,0.00000000,0.00001160,0.00000000,0.00000000
Bumi Resources Tbk PT,0.00000000,0.00001190,0.00000000,0.00000000
Burkhalter Holding AG,0.00000000,0.00000590,0.00000000,0.00000000
Bursa Cimento Fabrikasi AS,0.00000000,0.00000690,0.00000000,0.00000000
Bursa Malaysia Bhd,0.00000000,0.00000160,0.00000000,0.00000000
Burstone Group Ltd,0.00000000,0.00000640,0.00000000,0.00000000
BW LPG Ltd,0.00000000,0.00001220,0.00000000,0.00000000
Buckle Inc/The,0.00000000,0.00002790,0.00000000,0.00000000
Budimex SA,0.00000000,0.00001280,0.00000000,0.00000000
Bufab AB,0.00000000,0.00000620,0.00000000,0.00000000
Builders FirstSource Inc,0.00000000,0.00009460,0.00000000,0.00000000
Bullish,0.00000000,0.00000490,0.00000000,0.00000000
Bumi Armada Bhd,0.00000000,0.00000450,0.00000000,0.00000000
Bumi Resources Minerals Tbk PT,0.00000000,0.00001360,0.00000000,0.00000000
Bure Equity AB,0.00000000,0.00000680,0.00000000,0.00000000
CD Projekt Red SA,0.00000000,0.00002690,0.00000000,0.00000000
CDL Hospitality Trusts,0.00000000,0.00000470,0.00000000,0.00000000
Ceat Ltd,0.00000000,0.00000440,0.00000000,0.00000000
Cebu Air Inc,0.00000000,0.00000440,0.00000000,0.00000000
CECONOMY AG,0.00000000,0.00000460,0.00000000,0.00000000
Celanese Corp,0.00000000,0.00005220,0.00000000,0.00000000
Catalyst Metals Ltd,0.00000000,0.00000590,0.00000000,0.00000000
Catapult Sports Ltd,0.00000000,0.00000410,0.00000000,0.00000000
Catena AB,0.00000000,0.00000600,0.00000000,0.00000000
Cathay General Bancorp,0.00000000,0.00004790,0.00000000,0.00000000
Cava Group Inc,0.00000000,0.00006060,0.00000000,0.00000000
Calix Inc,0.00000000,0.00001510,0.00000000,0.00000000
CBIZ Inc,0.00000000,0.00001660,0.00000000,0.00000000
CCC Intelligent Solutions Holdings Inc,0.00000000,0.00002530,0.00000000,0.00000000
Carlisle Cos Inc,0.00000000,0.00013720,0.00000000,0.00000000
CarMax Inc,0.00000000,0.00008800,0.00000000,0.00000000
Carmila SA,0.00000000,0.00000590,0.00000000,0.00000000
Carpenter Technology Corp,0.00000000,0.00019950,0.00040000,0.00000000
CARsgen Therapeutics Holdings Ltd,0.00000000,0.00000510,0.00000000,0.00000000
Cartrade Tech Ltd,0.00000000,0.00001030,0.00000000,0.00000000
Casella Waste Systems Inc,0.00000000,0.00006140,0.00000000,0.00000000
Casey's General Stores Inc,0.00000000,0.00023590,0.00090000,0.00000000
Charter Hall Long Wale REIT,0.00000000,0.00000790,0.00000000,0.00000000
Charter Hall Retail REIT,0.00000000,0.00001050,0.00000000,0.00000000
Cavco Industries Inc,0.00000000,0.00002380,0.00000000,0.00000000
Callaway Golf Co,0.00000000,0.00001240,0.00000000,0.00000000
Camden Property Trust,0.00000000,0.00015010,0.00000000,0.00000000
Campbell's Company/The,0.00000000,0.00002460,0.00000000,0.00000000
Camurus AB,0.00000000,0.00001240,0.00000000,0.00000000
Canadian Apartment Properties REIT,0.00000000,0.00004070,0.00000000,0.00000000
Canal+ SADIR,0.00000000,0.00001480,0.00000000,0.00000000
CANCOM SE,0.00000000,0.00000470,0.00000000,0.00000000
Cactus Inc,0.00000000,0.00005350,0.00000000,0.00000000
Cadeler A/S,0.00000000,0.00000630,0.00000000,0.00000000
Caesars Entertainment Inc,0.00000000,0.00005620,0.00000000,0.00000000
Cairn Homes PLC,0.00000000,0.00001070,0.00000000,0.00000000
CCL Products India Ltd,0.00000000,0.00000450,0.00000000,0.00000000
Cal-Maine Foods Inc,0.00000000,0.00001990,0.00000000,0.00000000
California Resources Corp,0.00000000,0.00002220,0.00000000,0.00000000
California Water Service Group,0.00000000,0.00001150,0.00000000,0.00000000
Cellcom Israel Ltd,0.00000000,0.00000620,0.00000000,0.00000000
Celsius Holdings Inc,0.00000000,0.00005120,0.00000000,0.00000000
Cembra Money Bank AG,0.00000000,0.00005040,0.00000000,0.00000000
Cementir Holding NV,0.00000000,0.00000460,0.00000000,0.00000000
Cemindia Projects Ltd,0.00000000,0.00000440,0.00000000,0.00000000
Cenra Inc,0.00000000,0.00000500,0.00000000,0.00000000
Center Laboratories Inc,0.00000000,0.00000450,0.00000000,0.00000000
Centerra Gold Inc,0.00000000,0.00004770,0.00000000,0.00000000
CCI Group Inc,0.00000000,0.00000620,0.00000000,0.00000000
Cal-Comp Electronics Thailand PCL,0.00000000,0.00000480,0.00000000,0.00000000
Bellway PLC,0.00000000,0.00001530,0.00000000,0.00000000
Benchmark Electronics Inc,0.00000000,0.00001260,0.00000000,0.00000000
Benefit Systems SA,0.00000000,0.00004650,0.00000000,0.00000000
Bentley Systems Inc,0.00000000,0.00006250,0.00000000,0.00000000
Bera HF,0.00000000,0.00000450,0.00000000,0.00000000
Bega Cheese Ltd,0.00000000,0.00000580,0.00000000,0.00000000
Beijing Capital Eco-Environment Protection Group Co Ltd,0.00000000,0.00001930,0.00000000,0.00000000
Beijing Huafeng Test & Control Technology Co Ltd,0.00000000,0.00001800,0.00000000,0.00000000
Beijing Tong Ren Tang Chinese Medicine Co Ltd,0.00000000,0.00000460,0.00000000,0.00000000
Beijing Ultrapower Software Co Ltd,0.00000000,0.00002070,0.00000000,0.00000000
Beijing Yandong Microelectronic Co Ltd,0.00000000,0.00000430,0.00000000,0.00000000
Bradespar SA,0.00000000,0.00000620,0.00000000,0.00000000
Belden Inc,0.00000000,0.00003550,0.00000000,0.00000000
Boozt AB,0.00000000,0.00000440,0.00000000,0.00000000
Bora Pharmaceuticals Co Ltd,0.00000000,0.00000150,0.00000000,0.00000000
BorgWarner Inc,0.00000000,0.00013010,0.00000000,0.00000000
Borregaard ASA,0.00000000,0.00000690,0.00000000,0.00000000
Boss Energy Ltd,0.00000000,0.00000370,0.00000000,0.00000000
Bossard Holding AG,0.00000000,0.00000760,0.00000000,0.00000000
Boston Beer Co Inc/The,0.00000000,0.00000650,0.00000000,0.00000000
Boubyan Petrochemicals Co KSCP,0.00000000,0.00005620,0.00000000,0.00000000
Boardwalk Real Estate Investment Trust,0.00000000,0.00000670,0.00000000,0.00000000
Bodycote PLC,0.00000000,0.00001130,0.00000000,0.00000000
Boise Cascade Co,0.00000000,0.00001540,0.00000000,0.00000000
Bekaert SA,0.00000000,0.00001100,0.00000000,0.00000000
Bangkok Life Assurance PCL,0.00000000,0.00000450,0.00000000,0.00000000
Bank Handlowy w Warszawie SA,0.00000000,0.00000430,0.00000000,0.00000000
Bank Islam Malaysia Bhd,0.00000000,0.00004130,0.00000000,0.00000000
Bank Millennium SA,0.00000000,0.00001750,0.00000000,0.00000000
Bank of Chengdu Co Ltd,0.00000000,0.00000170,0.00000000,0.00000000
Bank of Chongqing Co Ltd,0.00000000,0.00000640,0.00000000,0.00000000
Bilia AB,0.00000000,0.00000610,0.00000000,0.00000000
BILL Holdings Inc,0.00000000,0.00002560,0.00000000,0.00000000
Billerud AB,0.00000000,0.00000760,0.00000000,0.00000000
Bio-Rad Laboratories Inc,0.00000000,0.00006520,0.00000000,0.00000000
Bio-Techne Corp,0.00000000,0.00011600,0.00000000,0.00000000
BellRing Brands Inc,0.00000000,0.00000610,0.00000000,0.00000000
BioCryst Pharmaceuticals Inc,0.00000000,0.00001340,0.00000000,0.00000000
BioMarin Pharmaceutical Inc,0.00000000,0.00013000,0.00000000,0.00000000
Berner Kantonalbank AG,0.00000000,0.00001330,0.00000000,0.00000000
Bet Shemesh Engines Holdings 1997 Ltd,0.00000000,0.00001120,0.00000000,0.00000000
Betsson AB,0.00000000,0.00000590,0.00000000,0.00000000
BFF Bank SpA,0.00000000,0.00000460,0.00000000,0.00000000
BGC Group Inc,0.00000000,0.00002690,0.00000000,0.00000000
BHI Co Ltd,0.00000000,0.00000450,0.00000000,0.00000000
Big Yellow Group PLC,0.00000000,0.00001080,0.00000000,0.00000000
Bilfinger SE,0.00000000,0.00002030,0.00000000,0.00000000
Bell Food Group AG,0.00000000,0.00000480,0.00000000,0.00000000
Bellevue Gold Ltd,0.00000000,0.00001080,0.00000000,0.00000000
BioArctic AB,0.00000000,0.00000580,0.00000000,0.00000000
Brookfield Infrastructure Corp,0.00000000,0.00002780,0.00000000,0.00000000
Brookfield Renewable Corp,0.00000000,0.00005680,0.00000000,0.00000000
Bridgepoint Group PLC,0.00000000,0.00001260,0.00000000,0.00000000
Brigade Enterprises Ltd,0.00000000,0.00000610,0.00000000,0.00000000
Bright Horizons Family Solutions Inc,0.00000000,0.00002090,0.00000000,0.00000000
Bright Smart Securities & Commodities Group Ltd,0.00000000,0.00000580,0.00000000,0.00000000
Brighthouse Financial Inc,0.00000000,0.00001800,0.00000000,0.00000000
BrightSpring Health Services Inc,0.00000000,0.00007150,0.00000000,0.00000000
Brightstar Lottery PLC,0.00000000,0.00000590,0.00000000,0.00000000
Brink's Co/The,0.00000000,0.00004710,0.00000000,0.00000000
Bravida Holding AB,0.00000000,0.00001380,0.00000000,0.00000000
BOK Financial Corp,0.00000000,0.00000170,0.00000000,0.00000000
Braze Inc,0.00000000,0.00001970,0.00000000,0.00000000
Bread Financial Holdings Inc,0.00000000,0.00004410,0.00000000,0.00000000
Breedon Group PLC,0.00000000,0.00000600,0.00000000,0.00000000
Brembo NV,0.00000000,0.00001190,0.00000000,0.00000000
Breville Group Ltd,0.00000000,0.00001100,0.00000000,0.00000000
Bridgebio Pharma Inc,0.00000000,0.00010160,0.00000000,0.00000000
Boursa Kuwait Securities Co KPSC,0.00000000,0.00000610,0.00000000,0.00000000
Box Inc,0.00000000,0.00006090,0.00000000,0.00000000
Boxer Retail Ltd,0.00000000,0.00000470,0.00000000,0.00000000
Boyd Gaming Corp,0.00000000,0.00004040,0.00000000,0.00000000
BOYD GROUP SERVICES INC,0.00000000,0.00001560,0.00000000,0.00000000
bpost SA,0.00000000,0.00000440,0.00000000,0.00000000
Bravura Solutions Ltd,0.00000000,0.00000460,0.00000000,0.00000000
Bolsa Mexicana de Valores SAB de CV,0.00000000,0.00001090,0.00000000,0.00000000
BoneSupport Holding AB,0.00000000,0.00000640,0.00000000,0.00000000
Boot Barn Holdings Inc,0.00000000,0.00004930,0.00000000,0.00000000
Booz Allen Hamilton Holding Corp,0.00000000,0.00008330,0.00000000,0.00000000
BlackBerry Ltd,0.00000000,0.00002960,0.00000000,0.00000000
BlackBuck Ltd,0.00000000,0.00000450,0.00000000,0.00000000
BlackLine Inc,0.00000000,0.00001180,0.00000000,0.00000000
Blackstone Mortgage Trust Inc,0.00000000,0.00001120,0.00000000,0.00000000
Bloom Energy Corp,0.00000000,0.00047210,0.00430000,0.00000000
Blue Owl Capital Inc,0.00000000,0.00010110,0.00000000,0.00000000
Blue Square Real Estate Ltd,0.00000000,0.00000460,0.00000000,0.00000000
BLUENORD ASA,0.00000000,0.00000620,0.00000000,0.00000000
Brookfield India Real Estate Trust,0.00000000,0.00001210,0.00000000,0.00000000
Birchcliff Energy Ltd,0.00000000,0.00000620,0.00000000,0.00000000
Birkenstock Holding Plc,0.00000000,0.00001100,0.00000000,0.00000000
BitMine Immersion Technologies Inc,0.00000000,0.00011060,0.00000000,0.00000000
BJ's Wholesale Club Holdings Inc,0.00000000,0.00012270,0.00000000,0.00000000
Black Hills Corp,0.00000000,0.00006370,0.00000000,0.00000000
Black Sesame International Holding Ltd,0.00000000,0.00000420,0.00000000,0.00000000
Blackbaud Inc,0.00000000,0.00001220,0.00000000,0.00000000
Brinker International Inc,0.00000000,0.00007720,0.00000000,0.00000000
British American Tobacco Malaysia Bhd,0.00000000,0.00000450,0.00000000,0.00000000
Brixmor Property Group Inc,0.00000000,0.00015840,0.00000000,0.00000000
Broadstone Net Lease Inc,0.00000000,0.00003800,0.00000000,0.00000000
Brookfield Business Corp,0.00000000,0.00001080,0.00000000,0.00000000
Bioteque Corp,0.00000000,0.00000550,0.00000000,0.00000000
COPT Defense Properties,0.00000000,0.00001680,0.00000000,0.00000000
Corbion NV,0.00000000,0.00000830,0.00000000,0.00000000
Corcept Therapeutics Inc,0.00000000,0.00008610,0.00000000,0.00000000
Core & Main Inc,0.00000000,0.00009010,0.00000000,0.00000000
Core Lithium Ltd,0.00000000,0.00000440,0.00000000,0.00000000
Core Scientific Inc,0.00000000,0.00005020,0.00000000,0.00000000
Corebridge Financial Inc,0.00000000,0.00012140,0.00000000,0.00000000
Conagra Brands Inc,0.00000000,0.00015900,0.00000000,0.00000000
Concentrix Corp,0.00000000,0.00000720,0.00000000,0.00000000
CONMED Corp,0.00000000,0.00001140,0.00000000,0.00000000
CONSOL Energy Inc,0.00000000,0.00005260,0.00000000,0.00000000
Charter Hall Social Infrastructure REIT,0.00000000,0.00000450,0.00000000,0.00000000
Construcciones y Auxiliar de Ferrocarriles SA,0.00000000,0.00000640,0.00000000,0.00000000
Construction Partners Inc,0.00000000,0.00005060,0.00000000,0.00000000
Consun Pharmaceutical Group Ltd,0.00000000,0.00000680,0.00000000,0.00000000
Commercial Metals Co,0.00000000,0.00006660,0.00000000,0.00000000
Commercial Real Estate Co KSC,0.00000000,0.00000600,0.00000000,0.00000000
Community Financial System Inc,0.00000000,0.00001560,0.00000000,0.00000000
Commvault Systems Inc,0.00000000,0.00005820,0.00000000,0.00000000
Compeq Manufacturing Co Ltd,0.00000000,0.00007790,0.00000000,0.00000000
Computacenter PLC,0.00000000,0.00002270,0.00000000,0.00000000
Computer Age Management Services Ltd,0.00000000,0.00001130,0.00000000,0.00000000
Comstock Resources Inc,0.00000000,0.00000460,0.00000000,0.00000000
Colowide Co Ltd,0.00000000,0.00000200,0.00000000,0.00000000
Constellium SE,0.00000000,0.00002120,0.00000000,0.00000000
CMC Markets PLC,0.00000000,0.00000470,0.00000000,0.00000000
CNH Industrial NV,0.00000000,0.00008160,0.00000000,0.00000000
CNO Financial Group Inc,0.00000000,0.00004600,0.00000000,0.00000000
CNX Resources Corp,0.00000000,0.00004980,0.00000000,0.00000000
Coats Group PLC,0.00000000,0.00001190,0.00000000,0.00000000
Coca-Cola Consolidated Inc,0.00000000,0.00010360,0.00000000,0.00000000
Codan Ltd,0.00000000,0.00002070,0.00000000,0.00000000
Coeur Mining Inc,0.00000000,0.00018620,0.00000000,0.00000000
Cleveland-Cliffs Inc,0.00000000,0.00006160,0.00000000,0.00000000
Clevo Co,0.00000000,0.00000460,0.00000000,0.00000000
Clobot Co Ltd,0.00000000,0.00000420,0.00000000,0.00000000
Controladora Vuela Cia de Aviacion SAB de CV,0.00000000,0.00000430,0.00000000,0.00000000
Clorox Co/The,0.00000000,0.00016600,0.00000000,0.00000000
Close Brothers Group PLC,0.00000000,0.00000440,0.00000000,0.00000000
CMB Tech NV,0.00000000,0.00001180,0.00000000,0.00000000
CMC Magnetics Corp,0.00000000,0.00000470,0.00000000,0.00000000
Clarivate PLC,0.00000000,0.00000440,0.00000000,0.00000000
Clarkson PLC,0.00000000,0.00001070,0.00000000,0.00000000
Clas Ohlson AB,0.00000000,0.00000640,0.00000000,0.00000000
Clean Harbors Inc,0.00000000,0.00012720,0.00000000,0.00000000
Cleanaway Co Ltd,0.00000000,0.00000510,0.00000000,0.00000000
Cleanspark Inc,0.00000000,0.00001760,0.00000000,0.00000000
Clear Secure Inc,0.00000000,0.00002530,0.00000000,0.00000000
Clearway Energy Inc,0.00000000,0.00002160,0.00000000,0.00000000
Cloetta AB,0.00000000,0.00000630,0.00000000,0.00000000
CPN Retail Growth Leasehold REIT,0.00000000,0.00000590,0.00000000,0.00000000
Craftsman Automation Ltd,0.00000000,0.00000640,0.00000000,0.00000000
Crane Co,0.00000000,0.00012020,0.00000000,0.00000000
Crane NXT Co,0.00000000,0.00001420,0.00000000,0.00000000
CoreCivic Inc,0.00000000,0.00001930,0.00000000,0.00000000
Coronation Fund Managers Ltd,0.00000000,0.00000460,0.00000000,0.00000000
CorVel Corp,0.00000000,0.00001050,0.00000000,0.00000000
COSCO SHIPPING International Singapore Co Ltd,0.00000000,0.00000450,0.00000000,0.00000000
Cosmax Inc,0.00000000,0.00000670,0.00000000,0.00000000
Cosmo NV,0.00000000,0.00000440,0.00000000,0.00000000
CosmoAM&T Co Ltd,0.00000000,0.00000480,0.00000000,0.00000000
Columbia Banking System Inc,0.00000000,0.00015250,0.00000000,0.00000000
Daiki Aluminium Industry Co Ltd,0.00000000,0.00000540,0.00000000,0.00000000
Daio Paper Corp,0.00000000,0.00000470,0.00000000,0.00000000
Daishi Hokuetsu Financial Group Inc,0.00000000,0.00001740,0.00000000,0.00000000
Daishin Securities Co Ltd,0.00000000,0.00000470,0.00000000,0.00000000
Daito Pharmaceutical Co Ltd,0.00000000,0.00000510,0.00000000,0.00000000
Daiwabo Holdings Co Ltd,0.00000000,0.00000730,0.00000000,0.00000000
Dana Inc,0.00000000,0.00001950,0.00000000,0.00000000
Dana Gas PJSC,0.00000000,0.00000630,0.00000000,0.00000000
Daeduck Electronics Co Ltd / New,0.00000000,0.00001630,0.00000000,0.00000000
Daejoo Electronic Materials Co Ltd,0.00000000,0.00000480,0.00000000,0.00000000
Daetwyler Holding AG,0.00000000,0.00000610,0.00000000,0.00000000
Daewoo Engineering & Construction Co Ltd,0.00000000,0.00001490,0.00000000,0.00000000
Coty Inc,0.00000000,0.00000650,0.00000000,0.00000000
Columbia Financial Inc,0.00000000,0.00001630,0.00000000,0.00000000
Columbia Sportswear Co,0.00000000,0.00000590,0.00000000,0.00000000
Com7 PCL,0.00000000,0.00000150,0.00000000,0.00000000
Comet Holding AG,0.00000000,0.00001690,0.00000000,0.00000000
Comforia Residential REIT Inc,0.00000000,0.00000190,0.00000000,0.00000000
Commerce Bancshares Inc/MO,0.00000000,0.00019910,0.00000000,0.00000000
Crocs Inc,0.00000000,0.00005680,0.00000000,0.00000000
Crombie Real Estate Investment Trust,0.00000000,0.00000150,0.00000000,0.00000000
Crompton Greaves Consumer Electricals Ltd,0.00000000,0.00000620,0.00000000,0.00000000
Crown Holdings Inc,0.00000000,0.00015420,0.00000000,0.00000000
CS Wind Corp,0.00000000,0.00000470,0.00000000,0.00000000
CStone Pharmaceuticals,0.00000000,0.00000450,0.00000000,0.00000000
Cowell e Holdings Inc,0.00000000,0.00000500,0.00000000,0.00000000
CT Real Estate Investment Trust,0.00000000,0.00000440,0.00000000,0.00000000
Cranswick PLC,0.00000000,0.00005820,0.00000000,0.00000000
Create Restaurants Holdings Inc,0.00000000,0.00000140,0.00000000,0.00000000
CrediaBank SA,0.00000000,0.00000610,0.00000000,0.00000000
Credit Acceptance Corp,0.00000000,0.00000820,0.00000000,0.00000000
Credito Emiliano SpA,0.00000000,0.00000150,0.00000000,0.00000000
Credo Technology Group Holding Ltd,0.00000000,0.00032060,0.00000000,0.00400000
Crinetics Pharmaceuticals Inc,0.00000000,0.00007130,0.00000000,0.00000000
CRISPR Therapeutics AG,0.00000000,0.00005730,0.00000000,0.00000000
Country Garden Holdings Co Ltd,0.00000000,0.00000470,0.00000000,0.00000000
Cousins Properties Inc,0.00000000,0.00004900,0.00000000,0.00000000
Covista Inc,0.00000000,0.00002640,0.00000000,0.00000000
CSW Industrials Inc,0.00000000,0.00004890,0.00000000,0.00000000
Centuria Industrial REIT,0.00000000,0.00000610,0.00000000,0.00000000
Centuria Office REIT,0.00000000,0.00000490,0.00000000,0.00000000
Century Aluminum Co,0.00000000,0.00001940,0.00000000,0.00000000
Century Communities Inc,0.00000000,0.00001040,0.00000000,0.00000000
China Water Affairs Group Ltd,0.00000000,0.00000670,0.00000000,0.00000000
China Youran Dairy Group Ltd,0.00000000,0.00000470,0.00000000,0.00000000
Chinasoft International Ltd,0.00000000,0.00000620,0.00000000,0.00000000
Chipbond Technology Corp,0.00000000,0.00001960,0.00000000,0.00040000
ChipMOS Technologies Inc,0.00000000,0.00001010,0.00000000,0.00020000
Chiyoda Corp,0.00000000,0.00000480,0.00000000,0.00000000
Chiyoda Integre Co Ltd,0.00000000,0.00000330,0.00000000,0.00000000
Colonial SFL Socimi SA,0.00000000,0.00001130,0.00000000,0.00000000
China National Uranium Co Ltd,0.00000000,0.00002020,0.00000000,0.00000000
China Oriental Group Co Ltd,0.00000000,0.00000440,0.00000000,0.00000000
China Overseas Grand Oceans Group Ltd,0.00000000,0.00000470,0.00000000,0.00000000
China Overseas Property Holdings Ltd,0.00000000,0.00000160,0.00000000,0.00000000
China Petrochemical Development Corp,0.00000000,0.00000470,0.00000000,0.00000000
China Resources Medical Holdings Co Ltd,0.00000000,0.00000580,0.00000000,0.00000000
China Shineway Pharmaceutical Group Ltd,0.00000000,0.00000480,0.00000000,0.00000000
China Tobacco International HK Co Ltd,0.00000000,0.00000480,0.00000000,0.00000000
China Bills Finance Corp,0.00000000,0.00000480,0.00000000,0.00000000
China BlueChemical Ltd,0.00000000,0.00000450,0.00000000,0.00000000
China Bohai Bank Co Ltd,0.00000000,0.00000470,0.00000000,0.00000000
China Datang Corp Renewable Power Co Ltd,0.00000000,0.00000430,0.00000000,0.00000000
Choice Hotels International Inc,0.00000000,0.00001680,0.00000000,0.00000000
Chartwell Retirement Residences,0.00000000,0.00004760,0.00000000,0.00000000
CHC Healthcare Group,0.00000000,0.00000490,0.00000000,0.00000000
Cheesecake Factory Inc/The,0.00000000,0.00004920,0.00000000,0.00000000
Chemed Corp,0.00000000,0.00005840,0.00000000,0.00000000
Chemometec A/S,0.00000000,0.00000620,0.00000000,0.00000000
CH Robinson Worldwide Inc,0.00000000,0.00013670,0.00000000,0.00000000
Chalice Mining Ltd,0.00000000,0.00000420,0.00000000,0.00000000
Champion Homes Inc,0.00000000,0.00004840,0.00000000,0.00000000
Champion Iron Ltd,0.00000000,0.00000610,0.00000000,0.00000000
Chang Wah Technology Co Ltd,0.00000000,0.00000340,0.00000000,0.00010000
Channel Infrastructure NZ Ltd,0.00000000,0.00000470,0.00000000,0.00000000
Centuria Capital Group,0.00000000,0.00000410,0.00000000,0.00000000
Charoen Pokphand Enterprise,0.00000000,0.00000520,0.00000000,0.00000000
Century Iron & Steel Industrial Co Ltd,0.00000000,0.00000430,0.00000000,0.00000000
Century Pacific Food Inc,0.00000000,0.00000440,0.00000000,0.00000000
Certara Inc,0.00000000,0.00000610,0.00000000,0.00000000
CES Energy Solutions Corp,0.00000000,0.00001580,0.00000000,0.00000000
CESC Ltd,0.00000000,0.00000580,0.00000000,0.00000000
CF Industries Holdings Inc,0.00000000,0.00017700,0.00060000,0.00000000
CGN New Energy Holdings Co Ltd,0.00000000,0.00000410,0.00000000,0.00000000
CGN Mining Co Ltd,0.00000000,0.00000660,0.00000000,0.00000000
Central Garden & Pet Co,0.00000000,0.00003460,0.00000000,0.00000000
Central Plaza Hotel PCL,0.00000000,0.00000460,0.00000000,0.00000000
Central Sports Co Ltd,0.00000000,0.00000470,0.00000000,0.00000000
Charles River Laboratories International Inc,0.00000000,0.00012200,0.00000000,0.00000000
Cirrus Logic Inc,0.00000000,0.00003480,0.00000000,0.00070000
Chung Hung Steel Corp,0.00000000,0.00000490,0.00000000,0.00000000
Chunghwa Precision Test Tech Co Ltd,0.00000000,0.00001150,0.00000000,0.00000000
Churchill Downs Inc,0.00000000,0.00005540,0.00000000,0.00000000
Cia de Ferro Ligas da Bahia FERBASA,0.00000000,0.00000450,0.00000000,0.00000000
Cibus Real Estate AB publ,0.00000000,0.00000150,0.00000000,0.00000000
CIE Automotive SA,0.00000000,0.00001560,0.00000000,0.00000000
CIE Automotive India Ltd,0.00000000,0.00000450,0.00000000,0.00000000
Cie Financiere Tradition SA,0.00000000,0.00000460,0.00000000,0.00000000
Choice Properties Real Estate Investment Trust,0.00000000,0.00001090,0.00000000,0.00000000
Chongqing Polycomp International Corp,0.00000000,0.00000630,0.00000000,0.00000000
China Electric Manufacturing Corp,0.00000000,0.00000460,0.00000000,0.00000000
Chorus Ltd,0.00000000,0.00000650,0.00000000,0.00000000
Chuangxin Industries Holdings Ltd,0.00000000,0.00000490,0.00000000,0.00000000
Chugoku Marine Paints Ltd,0.00000000,0.00000340,0.00000000,0.00000000
Chun Yuan Steel Industry Co Ltd,0.00000000,0.00000440,0.00000000,0.00000000
Chung-Hsin Electric & Machinery Manufacturing Corp,0.00000000,0.00000960,0.00000000,0.00000000
Coface SA,0.00000000,0.00001670,0.00000000,0.00000000
Cogent Biosciences Inc,0.00000000,0.00005410,0.00000000,0.00000000
Cogna Educacao SA,0.00000000,0.00000170,0.00000000,0.00000000
Cognex Corp,0.00000000,0.00012440,0.00000000,0.00000000
Cohen & Steers Inc,0.00000000,0.00001140,0.00000000,0.00000000
Colliers International Group Inc,0.00000000,0.00004890,0.00000000,0.00000000
Collins Foods Ltd,0.00000000,0.00000450,0.00000000,0.00000000
Chord Energy Corp,0.00000000,0.00014130,0.00000000,0.00000000
China Lilang Ltd,0.00000000,0.00000430,0.00000000,0.00000000
China Metal Products,0.00000000,0.00000440,0.00000000,0.00000000
China Modern Dairy Holdings Ltd,0.00000000,0.00000430,0.00000000,0.00000000
Chemours Co/The,0.00000000,0.00001550,0.00000000,0.00000000
Chemring Group PLC,0.00000000,0.00001060,0.00000000,0.00000000
Chenbro Micom Co Ltd,0.00000000,0.00001240,0.00000000,0.00000000
Chennai Petroleum Corp Ltd,0.00000000,0.00000450,0.00000000,0.00000000
Chesapeake Utilities Corp,0.00000000,0.00001710,0.00000000,0.00000000
Chewy Inc,0.00000000,0.00005580,0.00000000,0.00000000
Chia Hsin Cement Corp,0.00000000,0.00000440,0.00000000,0.00000000
Chime Financial Inc,0.00000000,0.00007060,0.00000000,0.00000000
Cirsa Enterprises SA,0.00000000,0.00000450,0.00000000,0.00000000
Cirrus Aircraft Ltd,0.00000000,0.00000470,0.00000000,0.00000000
City Holding Co,0.00000000,0.00000240,0.00000000,0.00000000
City Union Bank Ltd,0.00000000,0.00000630,0.00000000,0.00000000
CKD Corp,0.00000000,0.00001070,0.00000000,0.00000000
Clariane SE,0.00000000,0.00001050,0.00000000,0.00000000
Clariant AG,0.00000000,0.00001590,0.00000000,0.00000000
Clarity Pharmaceuticals Ltd,0.00000000,0.00000420,0.00000000,0.00000000
CIMC Enric Holdings Ltd,0.00000000,0.00000590,0.00000000,0.00000000
Cimpress PLC,0.00000000,0.00001090,0.00000000,0.00000000
Cinemark Holdings Inc,0.00000000,0.00002300,0.00000000,0.00000000
Cipher Digital Inc,0.00000000,0.00003550,0.00000000,0.00000000
Circle Internet Group Inc,0.00000000,0.00015390,0.00000000,0.00000000
Circuit Fabology Microelectronics Equipment Co Ltd,0.00000000,0.00001900,0.00000000,0.00000000
Citizen Watch Co Ltd,0.00000000,0.00004580,0.00000000,0.00000000
Airoha Technology Corp,0.00000000,0.00000480,0.00000000,0.00010000
AIXTRON SE,0.00000000,0.00002850,0.00000000,0.00060000
AJ Bell PLC,0.00000000,0.00001120,0.00000000,0.00000000
Agilysys Inc,0.00000000,0.00001880,0.00000000,0.00000000
Agios Pharmaceuticals Inc,0.00000000,0.00001160,0.00000000,0.00000000
AGNC Investment Corp,0.00000000,0.00013780,0.00000000,0.00000000
Agrana Beteiligungs AG,0.00000000,0.00000450,0.00000000,0.00000000
Agree Realty Corp,0.00000000,0.00015780,0.00000000,0.00000000
AGV Products Corp,0.00000000,0.00000480,0.00000000,0.00000000
Aichi Financial Group Inc,0.00000000,0.00001320,0.00000000,0.00000000
Aichi Steel Corp,0.00000000,0.00000310,0.00000000,0.00000000
Bangkok Chain Hospital PCL,0.00000000,0.00000430,0.00000000,0.00000000
AES Corp/The,0.00000000,0.00009010,0.00000000,0.00000000
Affiliated Managers Group Inc,0.00000000,0.00008740,0.00000000,0.00000000
Affirm Holdings Inc,0.00000000,0.00016340,0.00000000,0.00000000
Affle India Ltd,0.00000000,0.00000570,0.00000000,0.00000000
AFRY AB,0.00000000,0.00000670,0.00000000,0.00000000
AGCO Corp,0.00000000,0.00006750,0.00000000,0.00000000
Agility Public Warehousing Co KSCC,0.00000000,0.00000430,0.00000000,0.00000000
Advantage Energy Ltd,0.00000000,0.00003130,0.00000000,0.00000000
AECI Ltd,0.00000000,0.00000460,0.00000000,0.00000000
AECOM,0.00000000,0.00009400,0.00000000,0.00000000
Aecon Group Inc,0.00000000,0.00001230,0.00000000,0.00000000
Aedifica SA,0.00000000,0.00005300,0.00000000,0.00000000
AeroVironment Inc,0.00000000,0.00005600,0.00000000,0.00000000
ADEKA Corp,0.00000000,0.00000890,0.00000000,0.00000000
ADI Global Distribution Inc,0.00000000,0.00001100,0.00000000,0.00000000
Adient PLC,0.00000000,0.00001110,0.00000000,0.00000000
Aditya Birla Real Estate Ltd,0.00000000,0.00000440,0.00000000,0.00000000
ACEA SpA,0.00000000,0.00001090,0.00000000,0.00000000
Acerinox SA,0.00000000,0.00005070,0.00000000,0.00000000
ACI Worldwide Inc,0.00000000,0.00005260,0.00000000,0.00000000
Acter Group Corp Ltd,0.00000000,0.00001700,0.00000000,0.00000000
Acuity Brands Inc,0.00000000,0.00012270,0.00000000,0.00000000
Acushnet Holdings Corp,0.00000000,0.00001080,0.00000000,0.00000000
AdaptHealth Corp,0.00000000,0.00000450,0.00000000,0.00000000
Air France-KLM,0.00000000,0.00001050,0.00000000,0.00000000
abrdn plc,0.00000000,0.00004310,0.00000000,0.00000000
Abu Dhabi National Hotels,0.00000000,0.00000610,0.00000000,0.00000000
Academy Sports & Outdoors Inc,0.00000000,0.00001620,0.00000000,0.00000000
Acadia Healthcare Co Inc,0.00000000,0.00001540,0.00000000,0.00000000
ACADIA Pharmaceuticals Inc,0.00000000,0.00002050,0.00000000,0.00000000
Acadia Realty Trust,0.00000000,0.00000960,0.00000000,0.00000000
AcBel Polytech Inc,0.00000000,0.00000580,0.00000000,0.00000000
Accelleron Industries AG,0.00000000,0.00012050,0.00000000,0.00000000
AIMS APAC REIT,0.00000000,0.00000450,0.00000000,0.00000000
Ain Holdings Inc,0.00000000,0.00000590,0.00000000,0.00000000
Aiphone Co Ltd,0.00000000,0.00000820,0.00000000,0.00000000
Air Canada,0.00000000,0.00001080,0.00000000,0.00000000
ADATA Technology Co Ltd,0.00000000,0.00002270,0.00000000,0.00030000
Albertsons Cos Inc,0.00000000,0.00002540,0.00000000,0.00000000
AK Medical Holdings Ltd,0.00000000,0.00000400,0.00000000,0.00000000
Akamai Technologies Inc,0.00000000,0.00012340,0.00000000,0.00000000
Aker Solutions ASA,0.00000000,0.00000150,0.00000000,0.00000000
AKIS Gayrimenkul Yatirimi AS,0.00000000,0.00000520,0.00000000,0.00000000
Aksigorta AS,0.00000000,0.00000550,0.00000000,0.00000000
Al Ahli Bank of Kuwait KSCP,0.00000000,0.00003530,0.00000000,0.00000000
Al Masane Al Kobra Mining Co,0.00000000,0.00000580,0.00000000,0.00000000
Al Moammar Information Systems Co,0.00000000,0.00000570,0.00000000,0.00000000
American Financial Group Inc/OH,0.00000000,0.00009090,0.00000000,0.00000000
American Healthcare REIT Inc,0.00000000,0.00011530,0.00000000,0.00000000
Aegis Logistics Ltd,0.00000000,0.00001050,0.00000000,0.00000000
American States Water Co,0.00000000,0.00000940,0.00000000,0.00000000
Americas Gold & Silver Corp,0.00000000,0.00000610,0.00000000,0.00000000
Americold Realty Trust Inc,0.00000000,0.00002520,0.00000000,0.00000000
Ameris Bancorp,0.00000000,0.00004600,0.00000000,0.00000000
AMI Organics Ltd,0.00000000,0.00001040,0.00000000,0.00000000
Ambarella Inc,0.00000000,0.00001750,0.00000000,0.00030000
Amber Enterprises India Ltd,0.00000000,0.00000630,0.00000000,0.00000000
Ambu A/S,0.00000000,0.00000690,0.00000000,0.00000000
Amdocs Ltd,0.00000000,0.00006140,0.00000000,0.00000000
Amentum Holdings Inc,0.00000000,0.00001860,0.00000000,0.00000000
Amer Sports Inc,0.00000000,0.00005110,0.00000000,0.00000000
American Airlines Group Inc,0.00000000,0.00000760,0.00000000,0.00000000
American Homes 4 Rent,0.00000000,0.00013930,0.00000000,0.00000000
AEM Holdings Ltd,0.00000000,0.00001170,0.00000000,0.00020000
AerCap Holdings NV,0.00000000,0.00019240,0.00060000,0.00000000
Alkane Resources Ltd,0.00000000,0.00000630,0.00000000,0.00000000
Alkermes PLC,0.00000000,0.00007260,0.00000000,0.00000000
All Ring Tech Co Ltd,0.00000000,0.00001900,0.00000000,0.00000000
Allegro MicroSystems Inc,0.00000000,0.00002740,0.00000000,0.00060000
Alleima AB,0.00000000,0.00001400,0.00000000,0.00000000
Allfunds Group Plc,0.00000000,0.00003840,0.00000000,0.00000000
Allied Properties Real Estate Investment Trust,0.00000000,0.00000560,0.00000000,0.00000000
Allis Electric Co Ltd,0.00000000,0.00000490,0.00000000,0.00000000
Alcoa Corp,0.00000000,0.00010630,0.00000000,0.00000000
Albemarle Corp,0.00000000,0.00012490,0.00000000,0.00000000
Algonquin Power & Utilities Corp,0.00000000,0.00005100,0.00000000,0.00000000
Align Technology Inc,0.00000000,0.00010560,0.00000000,0.00000000
Alignment Healthcare Inc,0.00000000,0.00001670,0.00000000,0.00000000
Alior Bank SA,0.00000000,0.00001690,0.00000000,0.00000000
ALK-Abello A/S,0.00000000,0.00004550,0.00000000,0.00000000
Alkami Technology Inc,0.00000000,0.00000610,0.00000000,0.00000000
AL Sydbank,0.00000000,0.00005670,0.00000000,0.00000000
Alarm.com Holdings Inc,0.00000000,0.00001460,0.00000000,0.00000000
Alaska Air Group Inc,0.00000000,0.00000590,0.00000000,0.00000000
D'Alba Global Co Ltd,0.00000000,0.00000590,0.00000000,0.00000000
Albany International Corp,0.00000000,0.00001000,0.00000000,0.00000000
Albaraka Turk Katilim Bankasi AS,0.00000000,0.00000570,0.00000000,0.00000000
Alexandria Real Estate Equities Inc,0.00000000,0.00010510,0.00000000,0.00000000
CRASUS CHEMICAL,0.00000000,0.00000000,0.00000000,0.00000000
HAREL INSURANCE INVESTMENTS & FINA,0.00000000,0.00000000,0.00020000,0.00000000
LOBLAW COMPANIES LTD,0.00000000,0.00000000,0.00050000,0.00000000
PANDORA,0.00000000,0.00000000,0.00020000,0.00000000
RELIANCE STEEL & ALUMINUM,0.00000000,0.00000000,0.00030000,0.00000000
SMC (JAPAN) CORP,0.00000000,0.00000000,0.00070000,0.00000000
TRAVELERS COMPANIES,0.00000000,0.00000000,0.00160000,0.00000000
Zions Bancorp NA,0.00000000,0.00015430,0.00000000,0.00000000
Zip Co Ltd,0.00000000,0.00001270,0.00000000,0.00000000
ZoomInfo Technologies Inc,0.00000000,0.00000500,0.00000000,0.00000000
Zurn Elkay Water Solutions Corp,0.00000000,0.00004560,0.00000000,0.00000000
Adeia Inc,0.00000000,0.00001720,0.00000000,0.00000000
ASSICURAZIONI GENERALI,0.00000000,0.00000000,0.00070000,0.00000000
BC VAUD N,0.00000000,0.00000000,0.00020000,0.00000000
CAMTEK,0.00000000,0.00000000,0.00000000,0.00050000
Solvay SA,0.00000000,0.00001220,0.00000000,0.00000000
Sistema AFK PAO,0.00000000,0.00000000,0.00000000,0.00000000
Telenet Group Holding NV,0.00000000,0.00000000,0.00000000,0.00000000
Sovcomflot PJSC,0.00000000,0.00000000,0.00000000,0.00000000
Sberbank of Russia PJSC,0.00000000,0.00000000,0.00000000,0.00000000
voestalpine AG,0.00000000,0.00005830,0.00000000,0.00000000
Severstal PAO,0.00000000,0.00000000,0.00000000,0.00000000
Nokian Renkaat Oyj,0.00000000,0.00001350,0.00000000,0.00000000
Neoenergia SA,0.00000000,0.00000000,0.00000000,0.00000000
Zyxel Group Corp,0.00000000,0.00000400,0.00000000,0.00000000
Youngone Corp,0.00000000,0.00001050,0.00000000,0.00000000
CANADIAN UTILITIES LTD CLASS A,0.00000000,0.00000000,0.00020000,0.00000000
ZIM Integrated Shipping Services Ltd,0.00000000,0.00001970,0.00000000,0.00000000
ISC TECHNOLOGY LTD,0.00000000,0.00000000,0.00000000,0.00020000
X-FAB SILICON FOUNDRIES,0.00000000,0.00000000,0.00000000,0.00000000
ALPHA AND OMEGA SEMICONDUCTOR,0.00000000,0.00000000,0.00000000,0.00010000
ANJI MICROELECTRONICS TECHNOLOGY (,0.00000000,0.00000000,0.00000000,0.00010000
AXT,0.00000000,0.00000000,0.00000000,0.00060000
TIANSHUI HUATIAN TECHNOLOGY LTD A,0.00000000,0.00000000,0.00000000,0.00010000
TRI CHEMICAL LABORATORIES INC,0.00000000,0.00000000,0.00000000,0.00010000
ULTRA CLEAN HOLDINGS INC,0.00000000,0.00000000,0.00000000,0.00030000
COMPAGNIE FINANCIERE RICHEMONT SA,0.00000000,0.00000000,0.00170000,0.00000000
UPI SEMICONDUCTOR,0.00000000,0.00000000,0.00000000,0.00000000
VEECO INSTRUMENTS,0.00000000,0.00000000,0.00000000,0.00040000
WOLFSPEED INC,0.00000000,0.00000000,0.00000000,0.00010000
ELITE SEMICONDUCTOR MICROELECTRONI,0.00000000,0.00000000,0.00000000,0.00020000
UNIPOL ASSICURAZIONI SPA,0.00000000,0.00000000,0.00040000,0.00000000
ABLEPRINT TECHNOLOGY LTD,0.00000000,0.00000000,0.00000000,0.00010000
ADVANCED MICRO-FABRICATION EQUIPME,0.00000000,0.00000000,0.00000000,0.00030000
ADVANCED WIRELESS SEMICONDUCTOR,0.00000000,0.00000000,0.00000000,0.00010000
AEHR TEST SYSTEMS,0.00000000,0.00000000,0.00000000,0.00040000
SUZHOU CENTEC COMMUNICATIONS LTD A,0.00000000,0.00000000,0.00000000,0.00010000
T1 ENERGY,0.00000000,0.00000000,0.00000000,0.00010000
TAESUNG COLTD LTD,0.00000000,0.00000000,0.00000000,0.00010000
UNISEM M,0.00000000,0.00000000,0.00000000,0.00000000
Abbisko Cayman Ltd,0.00000000,0.00000350,0.00000000,0.00000000
Abercrombie & Fitch Co,0.00000000,0.00005840,0.00000000,0.00000000
ABM Industries Inc,0.00000000,0.00001350,0.00000000,0.00000000
1&1 AG,0.00000000,0.00000480,0.00000000,0.00000000
Group 1 Automotive Inc,0.00000000,0.00001930,0.00000000,0.00000000
10X Genomics Inc,0.00000000,0.00006010,0.00000000,0.00000000
1st Source Corp,0.00000000,0.00000160,0.00000000,0.00000000
3BB Internet Infrastructure Fund,0.00000000,0.00000590,0.00000000,0.00000000
4DMedical Ltd,0.00000000,0.00000560,0.00000000,0.00000000
4imprint Group PLC,0.00000000,0.00000610,0.00000000,0.00000000
99 Speed Mart Retail Holdings Bhd,0.00000000,0.00000150,0.00000000,0.00000000
VTB Bank PJSC,0.00000000,0.00000000,0.00000000,0.00000000
Reit 1 Ltd,0.00000000,0.00003210,0.00000000,0.00000000
ADMA Biologics Inc,0.00000000,0.00001500,0.00000000,0.00000000
Holding Co ADMIE IPTO SA,0.00000000,0.00000160,0.00000000,0.00000000
ADT Inc,0.00000000,0.00002010,0.00000000,0.00000000
Advance Auto Parts Inc,0.00000000,0.00001570,0.00000000,0.00000000
Advanced Drainage Systems Inc,0.00000000,0.00014280,0.00000000,0.00000000
Advanced Echem Materials Co Ltd,0.00000000,0.00000640,0.00000000,0.00020000
Advanced Energy Industries Inc,0.00000000,0.00010920,0.00000000,0.00000000
Advanced Fiber Resources Zhuhai Ltd,0.00000000,0.00000720,0.00000000,0.00000000
AddLife AB,0.00000000,0.00001110,0.00000000,0.00000000
Addnode Group AB,0.00000000,0.00000490,0.00000000,0.00000000
Adecco Group AG,0.00000000,0.00005250,0.00000000,0.00000000
Alrosa PJSC,0.00000000,0.00000000,0.00000000,0.00000000
NMC Health PLC,0.00000000,0.00000000,0.00000000,0.00000000
Polyus PJSC,0.00000000,0.00000000,0.00000000,0.00000000
Rosneft Oil Co PJSC,0.00000000,0.00000000,0.00000000,0.00000000
Royal Unibrew A/S,0.00000000,0.00004050,0.00000000,0.00000000
Raspadskaya PAO,0.00000000,0.00000000,0.00000000,0.00000000
Proximus SADP,0.00000000,0.00000620,0.00000000,0.00000000
Lumo Kodit Oyj,0.00000000,0.00000650,0.00000000,0.00000000
Magnitogorsk Iron & Steel Works PJSC,0.00000000,0.00000000,0.00000000,0.00000000
Hammerson PLC,0.00000000,0.00001090,0.00000000,0.00000000
Hanergy Thin Film Power Group Ltd,0.00000000,0.00000000,0.00000000,0.00000000
Huhtamaki Oyj,0.00000000,0.00000900,0.00000000,0.00000000
Hologic Inc,0.00000000,0.00000000,0.00000000,0.00000000
Abacus Group,0.00000000,0.00000450,0.00000000,0.00000000
Evraz PLC,0.00000000,0.00000000,0.00000000,0.00000000
Enagas SA,0.00000000,0.00004350,0.00000000,0.00000000
Gav-Yam Lands Corp Ltd,0.00000000,0.00000000,0.00000000,0.00000000
Forvia SE,0.00000000,0.00001150,0.00000000,0.00000000
Chr Hansen Holding A/S,0.00000000,0.00000000,0.00000000,0.00000000
Credit Bank of Moscow PJSC,0.00000000,0.00000000,0.00000000,0.00000000
Colruyt Group N.V,0.00000000,0.00000600,0.00000000,0.00000000
Derwent London PLC,0.00000000,0.00001260,0.00000000,0.00000000
Aalberts NV,0.00000000,0.00004780,0.00000000,0.00000000
AAON Inc,0.00000000,0.00005020,0.00000000,0.00000000
AAR Corp,0.00000000,0.00005390,0.00000000,0.00000000
Aarti Pharmalabs Ltd,0.00000000,0.00000460,0.00000000,0.00000000
FF Group,0.00000000,0.00000000,0.00000000,0.00000000
Aussie Broadband Ltd,0.00000000,0.00000130,0.00000000,0.00000000
Austal Ltd,0.00000000,0.00000600,0.00000000,0.00000000
Atour Lifestyle Holdings Ltd,0.00000000,0.00001360,0.00000000,0.00000000
Atresmedia Corp de Medios de Comunicacion SA,0.00000000,0.00000890,0.00000000,0.00000000
AtriCure Inc,0.00000000,0.00001550,0.00000000,0.00000000
ATS Corp,0.00000000,0.00000610,0.00000000,0.00000000
Attacq Ltd,0.00000000,0.00000450,0.00000000,0.00000000
Attendo AB,0.00000000,0.00001130,0.00000000,0.00000000
Atul Ltd,0.00000000,0.00000150,0.00000000,0.00000000
AUB Group Ltd,0.00000000,0.00001480,0.00000000,0.00000000
Athabasca Oil Corp,0.00000000,0.00002130,0.00000000,0.00000000
American Eagle Outfitters Inc,0.00000000,0.00001520,0.00000000,0.00000000
Ather Energy Ltd,0.00000000,0.00001370,0.00000000,0.00000000
ATI Inc,0.00000000,0.00023410,0.00060000,0.00000000
Atkore Inc,0.00000000,0.00001880,0.00000000,0.00000000
Atlanta Braves Holdings Inc,0.00000000,0.00001370,0.00000000,0.00000000
Atlantic Union Bankshares Corp,0.00000000,0.00005240,0.00000000,0.00000000
Atoss Software SE,0.00000000,0.00000630,0.00000000,0.00000000
Balchem Corp,0.00000000,0.00005570,0.00000000,0.00000000
Balfour Beatty PLC,0.00000000,0.00005110,0.00000000,0.00000000
Balrampur Chini Mills Ltd,0.00000000,0.00000460,0.00000000,0.00000000
Baltic Classifieds Group PLC,0.00000000,0.00000160,0.00000000,0.00000000
Banca Generali SpA,0.00000000,0.00001940,0.00000000,0.00000000
BancFirst Corp,0.00000000,0.00003540,0.00000000,0.00000000
Athens International Airport SA,0.00000000,0.00000150,0.00000000,0.00000000
Ashland Inc,0.00000000,0.00001890,0.00000000,0.00000000
Ashmore Group PLC,0.00000000,0.00000600,0.00000000,0.00000000
Ashoka Buildcon Ltd,0.00000000,0.00000480,0.00000000,0.00000000
Arrow Electronics Inc,0.00000000,0.00013790,0.00000000,0.00000000
Arrowhead Pharmaceuticals Inc,0.00000000,0.00008960,0.00000000,0.00000000
Artisan Partners Asset Management Inc,0.00000000,0.00001270,0.00000000,0.00000000
Artnature Inc,0.00000000,0.00000170,0.00000000,0.00000000
Arvind Ltd,0.00000000,0.00000480,0.00000000,0.00000000
Aryt Industries Ltd,0.00000000,0.00000350,0.00000000,0.00000000
Aryzta AG,0.00000000,0.00000590,0.00000000,0.00000000
As One Corp,0.00000000,0.00000240,0.00000000,0.00000000
Aurubis AG,0.00000000,0.00005130,0.00000000,0.00000000
Australian Clinical Labs Ltd,0.00000000,0.00000430,0.00000000,0.00000000
Auto1 Group SE,0.00000000,0.00001850,0.00000000,0.00000000
Autoliv Inc,0.00000000,0.00014540,0.00000000,0.00000000
AutoNation Inc,0.00000000,0.00005300,0.00000000,0.00000000
Autoneum Holding AG,0.00000000,0.00000480,0.00000000,0.00000000
AutoStore Holdings Ltd,0.00000000,0.00001150,0.00000000,0.00000000
Avantor Inc,0.00000000,0.00010630,0.00000000,0.00000000
Aura Investments Ltd,0.00000000,0.00000510,0.00000000,0.00000000
Aura Minerals Inc,0.00000000,0.00002060,0.00000000,0.00000000
AURAS Technology Co Ltd,0.00000000,0.00001480,0.00000000,0.00000000
Aurelia Metals Ltd,0.00000000,0.00000510,0.00000000,0.00000000
Aurora Innovation Inc,0.00000000,0.00006270,0.00000000,0.00000000
Australian Agricultural Co Ltd,0.00000000,0.00000550,0.00000000,0.00000000
Bavarian Nordic A/S,0.00000000,0.00001290,0.00000000,0.00000000
Baxter International Inc,0.00000000,0.00011780,0.00000000,0.00000000
Baytex Energy Corp,0.00000000,0.00001800,0.00000000,0.00000000
BBMG Jidong Cement Group Co Ltd,0.00000000,0.00000460,0.00000000,0.00000000
Beacon Financial Corp,0.00000000,0.00001120,0.00000000,0.00000000
Beam Therapeutics Inc,0.00000000,0.00001710,0.00000000,0.00000000
Befesa SA,0.00000000,0.00001070,0.00000000,0.00000000
BankUnited Inc,0.00000000,0.00001460,0.00000000,0.00000000
Banner Corp,0.00000000,0.00001120,0.00000000,0.00000000
Barco NV,0.00000000,0.00000460,0.00000000,0.00000000
AG Barr PLC,0.00000000,0.00000600,0.00000000,0.00000000
Banco ABC Brasil SA,0.00000000,0.00000460,0.00000000,0.00000000
Basilea Pharmaceutica Ag Allschwil,0.00000000,0.00000600,0.00000000,0.00000000
Basso Industry Corp,0.00000000,0.00000470,0.00000000,0.00000000
Bath & Body Works Inc,0.00000000,0.00002430,0.00000000,0.00000000
Bank of Georgia Group PLC,0.00000000,0.00005820,0.00000000,0.00000000
Bank of Hawaii Corp,0.00000000,0.00001180,0.00000000,0.00000000
Bank of Nagoya Ltd/The,0.00000000,0.00000690,0.00000000,0.00000000
Bank of NT Butterfield & Son Ltd/The,0.00000000,0.00001150,0.00000000,0.00000000
Bank of Xi'an Co Ltd,0.00000000,0.00000440,0.00000000,0.00000000
Bank of Zhengzhou Co Ltd,0.00000000,0.00001970,0.00000000,0.00000000
Bank OZK,0.00000000,0.00004770,0.00000000,0.00000000
Bank Pembangunan Daerah Jawa Barat Dan Banten Tbk PT,0.00000000,0.00000460,0.00000000,0.00000000
Bangchak Corp PCL,0.00000000,0.00000670,0.00000000,0.00000000
Basic-Fit NV,0.00000000,0.00001200,0.00000000,0.00000000
Banco Itau Chile SA,0.00000000,0.00000150,0.00000000,0.00000000
Azenta Inc,0.00000000,0.00000590,0.00000000,0.00000000
Azimut Holding SpA,0.00000000,0.00005360,0.00000000,0.00000000
AZZ Inc,0.00000000,0.00001750,0.00000000,0.00000000
B2Gold Corp,0.00000000,0.00006170,0.00000000,0.00000000
Babcock International Group PLC,0.00000000,0.00001650,0.00000000,0.00000000
Badger Infrastructure Solutions Ltd,0.00000000,0.00001090,0.00000000,0.00000000
Badger Meter Inc,0.00000000,0.00002390,0.00000000,0.00000000
Bakkafrost P/F,0.00000000,0.00001240,0.00000000,0.00000000
Axcelis Technologies Inc,0.00000000,0.00002110,0.00000000,0.00050000
Axis Capital Holdings Ltd,0.00000000,0.00013930,0.00000000,0.00000000
Axis Real Estate Investment Trust,0.00000000,0.00000600,0.00000000,0.00000000
Bausch Health Cos Inc,0.00000000,0.00001080,0.00000000,0.00000000
Axsome Therapeutics Inc,0.00000000,0.00009130,0.00000000,0.00000000
Aya Gold & Silver Inc,0.00000000,0.00002350,0.00000000,0.00000000
Azad Engineering Ltd,0.00000000,0.00000470,0.00000000,0.00000000
Azelis Group NV,0.00000000,0.00001930,0.00000000,0.00000000
Avanza Bank Holding AB,0.00000000,0.00003700,0.00000000,0.00000000
AVI Ltd,0.00000000,0.00000610,0.00000000,0.00000000
Avient Corp,0.00000000,0.00004880,0.00000000,0.00000000
Avis Budget Group Inc,0.00000000,0.00001590,0.00000000,0.00000000
Avista Corp,0.00000000,0.00002210,0.00000000,0.00000000
Avnet Inc,0.00000000,0.00015540,0.00000000,0.00000000
Awa Bank Ltd/The,0.00000000,0.00000960,0.00000000,0.00000000
Axalta Coating Systems Ltd,0.00000000,0.00012820,0.00000000,0.00000000
Axos Financial Inc,0.00000000,0.00003510,0.00000000,0.00000000
Annaly Capital Management Inc,0.00000000,0.00011520,0.00000000,0.00000000
Anritsu Corp,0.00000000,0.00001310,0.00000000,0.00000000
ANTAM Persero Tbk PT,0.00000000,0.00000660,0.00000000,0.00000000
Antero Midstream Corp,0.00000000,0.00006400,0.00000000,0.00000000
Antero Resources Corp,0.00000000,0.00012310,0.00000000,0.00000000
Antin Infrastructure Partners SA,0.00000000,0.00000440,0.00000000,0.00000000
AP Memory Technology Corp,0.00000000,0.00001800,0.00000000,0.00030000
Anand Rathi Wealth Ltd,0.00000000,0.00000620,0.00000000,0.00000000
Anant Raj Ltd,0.00000000,0.00000450,0.00000000,0.00000000
C&C Group PLC,0.00000000,0.00000470,0.00000000,0.00000000
D&L Industries Inc,0.00000000,0.00000460,0.00000000,0.00000000
Ascentage Pharma Group International,0.00000000,0.00000610,0.00000000,0.00000000
D&D PharmaTech Inc,0.00000000,0.00000570,0.00000000,0.00000000
Angel One Ltd,0.00000000,0.00000590,0.00000000,0.00000000
Anhui Tongguan Copper Foil Group Co Ltd,0.00000000,0.00000560,0.00000000,0.00000000
Amkor Technology Inc,0.00000000,0.00005890,0.00000000,0.00080000
Amotiv Ltd,0.00000000,0.00000450,0.00000000,0.00000000
Amplifon SpA,0.00000000,0.00001250,0.00000000,0.00000000
ams-OSRAM AG,0.00000000,0.00001370,0.00000000,0.00030000
AmTRAN Technology Co Ltd,0.00000000,0.00000410,0.00000000,0.00000000
Amuse Inc,0.00000000,0.00000370,0.00000000,0.00000000
Anadolu Anonim Turk Sigorta Sirketi,0.00000000,0.00000440,0.00000000,0.00000000
Anadolu Isuzu Otomotiv Sanayi Ve Ticaret AS,0.00000000,0.00000440,0.00000000,0.00000000
Aris Mining Corp,0.00000000,0.00002470,0.00000000,0.00000000
B&M European Value Retail plc,0.00000000,0.00001950,0.00000000,0.00000000
ALSO Holding AG,0.00000000,0.00000800,0.00000000,0.00000000
Altarea SCA,0.00000000,0.00000580,0.00000000,0.00000000
Alten SA,0.00000000,0.00001600,0.00000000,0.00000000
Altra Fastigheter AB,0.00000000,0.00000580,0.00000000,0.00000000
Altri SGPS SA,0.00000000,0.00000450,0.00000000,0.00000000
Altus Group Ltd/Canada,0.00000000,0.00000600,0.00000000,0.00000000
Alzchem Group AG,0.00000000,0.00000640,0.00000000,0.00000000
Amara Raja Energy & Mobility Ltd,0.00000000,0.00000590,0.00000000,0.00000000
Allison Transmission Holdings Inc,0.00000000,0.00011000,0.00000000,0.00000000
Allreal Holding AG,0.00000000,0.00001680,0.00000000,0.00000000
Ally Financial Inc,0.00000000,0.00019210,0.00000000,0.00000000
Anima Holding SpA,0.00000000,0.00000440,0.00000000,0.00000000
Almirall SA,0.00000000,0.00000600,0.00000000,0.00000000
Alony Hetz Properties & Investments Ltd,0.00000000,0.00003510,0.00000000,0.00000000
Alpha Metallurgical Resources Inc,0.00000000,0.00001760,0.00000000,0.00000000
Alphamab Oncology,0.00000000,0.00000520,0.00000000,0.00000000
AP Thailand PCL,0.00000000,0.00000450,0.00000000,0.00000000
APERAM SA,0.00000000,0.00001600,0.00000000,0.00000000
APG SGA SA,0.00000000,0.00000450,0.00000000,0.00000000
API Group Corp,0.00000000,0.00015230,0.00000000,0.00000000
Apollo Tyres Ltd,0.00000000,0.00000610,0.00000000,0.00000000
Appfolio Inc,0.00000000,0.00005990,0.00000000,0.00000000
Appian Corp,0.00000000,0.00001210,0.00000000,0.00000000
Appier Group Inc,0.00000000,0.00000550,0.00000000,0.00000000
Alm Brand A/S,0.00000000,0.00000190,0.00000000,0.00000000
Aptus Value Housing Finance India Ltd,0.00000000,0.00000150,0.00000000,0.00000000
AQ Group AB,0.00000000,0.00000610,0.00000000,0.00000000
Arafura Rare Earths Ltd,0.00000000,0.00000450,0.00000000,0.00000000
Aramark,0.00000000,0.00011290,0.00000000,0.00000000
Assurant Inc,0.00000000,0.00012530,0.00000000,0.00000000
Assured Guaranty Ltd,0.00000000,0.00001830,0.00000000,0.00000000
AST SpaceMobile Inc,0.00000000,0.00011780,0.00000000,0.00000000
Aster DM Quality Care Ltd,0.00000000,0.00001090,0.00000000,0.00000000
Astra Microwave Products Ltd,0.00000000,0.00000460,0.00000000,0.00000000
Astral Foods Ltd,0.00000000,0.00000450,0.00000000,0.00000000
AT&S Austria Technologie & Systemtechnik AG,0.00000000,0.00002680,0.00000000,0.00000000
Aritzia Inc,0.00000000,0.00011280,0.00000000,0.00000000
Ashtrom Group Ltd,0.00000000,0.00000470,0.00000000,0.00000000
Asia Cement China Holdings Corp,0.00000000,0.00000460,0.00000000,0.00000000
Asia Optical Co Inc,0.00000000,0.00000160,0.00000000,0.00000000
Asker Healthcare Group AB,0.00000000,0.00001110,0.00000000,0.00000000
Asmodee Group AB,0.00000000,0.00001120,0.00000000,0.00000000
Aspen Group Ltd/Australia,0.00000000,0.00000430,0.00000000,0.00000000
Asseco Poland SA,0.00000000,0.00002180,0.00000000,0.00000000
Associated Banc-Corp,0.00000000,0.00001170,0.00000000,0.00000000
Asahi India Glass Ltd,0.00000000,0.00000610,0.00000000,0.00000000
Asana Inc,0.00000000,0.00000480,0.00000000,0.00000000
Asar HF,0.00000000,0.00000450,0.00000000,0.00000000
Asbury Automotive Group Inc,0.00000000,0.00004570,0.00000000,0.00000000
Atea ASA,0.00000000,0.00000620,0.00000000,0.00000000
Arjo AB,0.00000000,0.00000890,0.00000000,0.00000000
Arkema SA,0.00000000,0.00004750,0.00000000,0.00000000
ARMOUR Residential REIT Inc,0.00000000,0.00000600,0.00000000,0.00000000
Armstrong World Industries Inc,0.00000000,0.00016050,0.00000000,0.00000000
Arnoldo Mondadori Editore SpA,0.00000000,0.00001040,0.00000000,0.00000000
Aroundtown SA,0.00000000,0.00001140,0.00000000,0.00000000
Arcosa Inc,0.00000000,0.00005880,0.00000000,0.00000000
Ardentec Corp,0.00000000,0.00004630,0.00000000,0.00030000
ARE Holdings Inc,0.00000000,0.00001130,0.00000000,0.00000000
AREIT Inc,0.00000000,0.00000440,0.00000000,0.00000000
Arena REIT No 1,0.00000000,0.00000430,0.00000000,0.00000000
ARGAN SA,0.00000000,0.00001060,0.00000000,0.00000000
AptarGroup Inc,0.00000000,0.00016470,0.00000000,0.00000000
Argo Properties NV,0.00000000,0.00000480,0.00000000,0.00000000
ARB Corp Ltd,0.00000000,0.00000620,0.00000000,0.00000000
Arbor Realty Trust Inc,0.00000000,0.00000590,0.00000000,0.00000000
Arcadis NV,0.00000000,0.00002100,0.00000000,0.00000000
Arcadyan Technology Corp,0.00000000,0.00000910,0.00000000,0.00000000
ArcBest Corp,0.00000000,0.00001700,0.00000000,0.00000000
Archer Aviation Inc,0.00000000,0.00002400,0.00000000,0.00000000
ARCHION Corp,0.00000000,0.00001320,0.00000000,0.00000000
Archrock Inc,0.00000000,0.00005480,0.00000000,0.00000000
Apple Hospitality REIT Inc,0.00000000,0.00001200,0.00000000,0.00000000
Applied Digital Corp,0.00000000,0.00006300,0.00000000,0.00000000
Applied Industrial Technologies Inc,0.00000000,0.00014110,0.00000000,0.00000000
Argo Graphics Inc,0.00000000,0.00000510,0.00000000,0.00000000
Hartalega Holdings Bhd,0.00000000,0.00000460,0.00000000,0.00000000
Hims & Hers Health Inc,0.00000000,0.00005980,0.00000000,0.00000000
HJ Shipbuilding & Construction Co Ltd,0.00000000,0.00000460,0.00000000,0.00000000
HMC Capital Ltd,0.00000000,0.00000510,0.00000000,0.00000000
HMS Networks AB,0.00000000,0.00001270,0.00000000,0.00000000
HNI Corp,0.00000000,0.00002010,0.00000000,0.00000000
Hochschild Mining PLC,0.00000000,0.00001700,0.00000000,0.00000000
Hoegh Autoliners ASA,0.00000000,0.00001080,0.00000000,0.00000000
Hokkaido Electric Power Co Inc,0.00000000,0.00000630,0.00000000,0.00000000
Highwoods Properties Inc,0.00000000,0.00001740,0.00000000,0.00000000
Hikma Pharmaceuticals PLC,0.00000000,0.00001790,0.00000000,0.00000000
Dah Sing Financial Holdings Ltd,0.00000000,0.00000150,0.00000000,0.00000000
Hill & Smith PLC,0.00000000,0.00001760,0.00000000,0.00000000
Hilltop Holdings Inc,0.00000000,0.00000620,0.00000000,0.00000000
Hilton Food Group PLC,0.00000000,0.00000470,0.00000000,0.00000000
Hilton Grand Vacations Inc,0.00000000,0.00001340,0.00000000,0.00000000
Himadri Speciality Chemical Ltd,0.00000000,0.00000600,0.00000000,0.00000000
Hesai Group,0.00000000,0.00001430,0.00000000,0.00000000
Hexatronic Group AB,0.00000000,0.00000470,0.00000000,0.00000000
Hexcel Corp,0.00000000,0.00006720,0.00000000,0.00000000
Hexpol AB,0.00000000,0.00001190,0.00000000,0.00000000
HF Sinclair Corp,0.00000000,0.00013830,0.00000000,0.00000000
HFCL Ltd,0.00000000,0.00001370,0.00000000,0.00000000
Hidrovias do Brasil SA,0.00000000,0.00000450,0.00000000,0.00000000
Hilan Ltd,0.00000000,0.00000690,0.00000000,0.00000000
Hello Group Inc,0.00000000,0.00000150,0.00000000,0.00000000
HelloFresh SE,0.00000000,0.00000450,0.00000000,0.00000000
HBM Holdings Ltd,0.00000000,0.00000410,0.00000000,0.00000000
HBX Group International PLC,0.00000000,0.00000450,0.00000000,0.00000000
HD Construction Equipment Co Ltd,0.00000000,0.00001660,0.00000000,0.00000000
HD-Hyundai Marine Engine,0.00000000,0.00000460,0.00000000,0.00000000
Headwater Exploration Inc,0.00000000,0.00001220,0.00000000,0.00000000
Healthcare Realty Trust Inc,0.00000000,0.00005960,0.00000000,0.00000000
HealthEquity Inc,0.00000000,0.00007530,0.00000000,0.00000000
Healthpeak Properties Inc,0.00000000,0.00014240,0.00000000,0.00000000
Hasbro Inc,0.00000000,0.00014310,0.00000000,0.00000000
Harmony Biosciences Holdings Inc,0.00000000,0.00001120,0.00000000,0.00000000
Hawaiian Electric Industries Inc,0.00000000,0.00001090,0.00000000,0.00000000
Hays PLC,0.00000000,0.00001180,0.00000000,0.00000000
Hayward Holdings Inc,0.00000000,0.00001230,0.00000000,0.00000000
Hazama Ando Corp,0.00000000,0.00000180,0.00000000,0.00000000
HB Fuller Co,0.00000000,0.00001660,0.00000000,0.00000000
HBL Power Systems Ltd,0.00000000,0.00000430,0.00000000,0.00000000
Hanwa Co Ltd,0.00000000,0.00000180,0.00000000,0.00000000
Hanwha Engine Co Ltd,0.00000000,0.00001150,0.00000000,0.00000000
Haohua Chemical Science & Technology Co Ltd,0.00000000,0.00000600,0.00000000,0.00000000
Harbin Electric Co Ltd,0.00000000,0.00000800,0.00000000,0.00000000
Harbour Energy PLC,0.00000000,0.00001540,0.00000000,0.00000000
Harley-Davidson Inc,0.00000000,0.00001550,0.00000000,0.00000000
Haw Par Corp Ltd,0.00000000,0.00000700,0.00000000,0.00000000
Hormel Foods Corp,0.00000000,0.00005680,0.00000000,0.00000000
Hornbach Holding AG & Co KGaA,0.00000000,0.00001080,0.00000000,0.00000000
Hoshino Resorts REIT Inc,0.00000000,0.00002090,0.00000000,0.00000000
Hosiden Corp,0.00000000,0.00000260,0.00000000,0.00000000
Host Hotels & Resorts Inc,0.00000000,0.00011870,0.00000000,0.00000000
Houlihan Lokey Inc,0.00000000,0.00007220,0.00000000,0.00000000
Howard Hughes Holdings Inc,0.00000000,0.00001030,0.00000000,0.00000000
Hokkaido Gas Co Ltd,0.00000000,0.00000490,0.00000000,0.00000000
Hokuetsu Corp,0.00000000,0.00000440,0.00000000,0.00000000
Hokuriku Electric Power Co,0.00000000,0.00000680,0.00000000,0.00000000
Holy Stone Enterprise Co Ltd,0.00000000,0.00001850,0.00000000,0.00000000
Highwealth Construction Corp,0.00000000,0.00001050,0.00000000,0.00000000
Home First Finance Co India Ltd,0.00000000,0.00000150,0.00000000,0.00000000
HomeCo Daily Needs REIT,0.00000000,0.00000590,0.00000000,0.00000000
Hope Bancorp Inc,0.00000000,0.00000640,0.00000000,0.00000000
IDACORP Inc,0.00000000,0.00021210,0.00000000,0.00000000
IDI Insurance Co Ltd,0.00000000,0.00000470,0.00000000,0.00000000
IES Holdings Inc,0.00000000,0.00005120,0.00000000,0.00000000
iFAST Corp Ltd,0.00000000,0.00000110,0.00000000,0.00000000
IG Group Holdings PLC,0.00000000,0.00005800,0.00000000,0.00000000
IGB Real Estate Investment Trust,0.00000000,0.00000160,0.00000000,0.00000000
IGG Inc,0.00000000,0.00000420,0.00000000,0.00000000
IIFL Finance Ltd,0.00000000,0.00000610,0.00000000,0.00000000
ICADE,0.00000000,0.00000590,0.00000000,0.00000000
Home BancShares Inc/AR,0.00000000,0.00004690,0.00000000,0.00000000
Helmerich & Payne Inc,0.00000000,0.00002470,0.00000000,0.00000000
Hemnet Group AB,0.00000000,0.00000420,0.00000000,0.00000000
Henan Shenhuo Coal Industry & Electricity Power Co Ltd,0.00000000,0.00002550,0.00000000,0.00000000
Henan Shijia Photons Technology Co Ltd,0.00000000,0.00000720,0.00000000,0.00010000
Henan Zhongyuan Expressway Co Ltd,0.00000000,0.00000470,0.00000000,0.00000000
Hengyi Petrochemical Co Ltd,0.00000000,0.00000490,0.00000000,0.00000000
Henry Schein Inc,0.00000000,0.00007480,0.00000000,0.00000000
Herc Holdings Inc,0.00000000,0.00005010,0.00000000,0.00000000
Hubei Dinglong Co Ltd,0.00000000,0.00000490,0.00000000,0.00000000
Huber + Suhner AG,0.00000000,0.00001750,0.00000000,0.00000000
Hudbay Minerals Inc,0.00000000,0.00013110,0.00000000,0.00000000
Horace Mann Educators Corp,0.00000000,0.00001360,0.00000000,0.00000000
Hugel Inc,0.00000000,0.00000170,0.00000000,0.00000000
HUGO BOSS AG,0.00000000,0.00000620,0.00000000,0.00000000
Hung Sheng Construction Ltd,0.00000000,0.00000500,0.00000000,0.00000000
Huntington Ingalls Industries Inc,0.00000000,0.00010950,0.00000000,0.00000000
HPSP Co Ltd,0.00000000,0.00001410,0.00000000,0.00040000
Hsin Kuang Steel Co Ltd,0.00000000,0.00000430,0.00000000,0.00000000
Hu Lane Associate Inc,0.00000000,0.00000600,0.00000000,0.00000000
Huaku Development Co Ltd,0.00000000,0.00000150,0.00000000,0.00000000
Huang Hsiang Construction Corp,0.00000000,0.00000490,0.00000000,0.00000000
Huangshan Tourism Development Co Ltd,0.00000000,0.00002670,0.00000000,0.00000000
Hub Group Inc,0.00000000,0.00001240,0.00000000,0.00000000
Hubei Chutian Smart Communication Co Ltd,0.00000000,0.00000630,0.00000000,0.00000000
Hufvudstaden AB,0.00000000,0.00000150,0.00000000,0.00000000
Global Brands Manufacture Ltd,0.00000000,0.00000400,0.00000000,0.00000000
Global Dominion Access SA,0.00000000,0.00000460,0.00000000,0.00000000
Global-e Online Ltd,0.00000000,0.00002270,0.00000000,0.00000000
Global Health Ltd/India,0.00000000,0.00000640,0.00000000,0.00000000
Global New Material International Holdings Ltd,0.00000000,0.00000390,0.00000000,0.00000000
Global Net Lease Inc,0.00000000,0.00001070,0.00000000,0.00000000
Grindrod Ltd,0.00000000,0.00000470,0.00000000,0.00000000
Grindwell Norton Ltd,0.00000000,0.00000150,0.00000000,0.00000000
Growthpoint Properties Australia Ltd,0.00000000,0.00000450,0.00000000,0.00000000
Grupa Azoty SA,0.00000000,0.00000470,0.00000000,0.00000000
Grupa Kety SA,0.00000000,0.00004110,0.00000000,0.00000000
Helios Towers PLC,0.00000000,0.00001160,0.00000000,0.00000000
Grupo Traxion SAB de CV,0.00000000,0.00000480,0.00000000,0.00000000
Guangdong Dtech Technology Co Ltd,0.00000000,0.00000950,0.00000000,0.00000000
Green Brick Partners Inc,0.00000000,0.00001080,0.00000000,0.00000000
Greenbrier Cos Inc/The,0.00000000,0.00000600,0.00000000,0.00000000
Greencore Group PLC,0.00000000,0.00001160,0.00000000,0.00000000
Greentown Service Group Co Ltd,0.00000000,0.00000150,0.00000000,0.00000000
Greggs PLC,0.00000000,0.00001540,0.00000000,0.00000000
Greif Inc,0.00000000,0.00000620,0.00000000,0.00000000
Grenergy Renovables SA,0.00000000,0.00000440,0.00000000,0.00000000
Griffon Corp,0.00000000,0.00002020,0.00000000,0.00000000
Graphic Packaging Holding Co,0.00000000,0.00001850,0.00000000,0.00000000
Gravita India Ltd,0.00000000,0.00000460,0.00000000,0.00000000
Grupo Televisa SAB,0.00000000,0.00000600,0.00000000,0.00000000
Grab Holdings Ltd,0.00000000,0.00011070,0.00000000,0.00000000
Grace Fabric Technology Co Ltd,0.00000000,0.00000670,0.00000000,0.00000000
Graco Inc,0.00000000,0.00009750,0.00000000,0.00000000
Grafton Group PLC,0.00000000,0.00000730,0.00000000,0.00000000
Graham Holdings Co,0.00000000,0.00001550,0.00000000,0.00000000
GrainCorp Ltd,0.00000000,0.00000490,0.00000000,0.00000000
Grainger PLC,0.00000000,0.00000690,0.00000000,0.00000000
Godo Steel Ltd,0.00000000,0.00000580,0.00000000,0.00000000
Gokaldas Exports Ltd,0.00000000,0.00000450,0.00000000,0.00000000
Golar LNG Ltd,0.00000000,0.00004920,0.00000000,0.00000000
Golden Agri-Resources Ltd,0.00000000,0.00001170,0.00000000,0.00000000
Glaukos Corp,0.00000000,0.00007930,0.00000000,0.00000000
Goltas Goller Bolgesi Cimento Sanayi ve Ticaret A.S.,0.00000000,0.00000570,0.00000000,0.00000000
Goodman New Zealand Ltd & Goodman Property Services NZ Ltd,0.00000000,0.00000150,0.00000000,0.00000000
Goodwin PLC,0.00000000,0.00000460,0.00000000,0.00000000
Globalstar Inc,0.00000000,0.00002500,0.00000000,0.00000000
Globant SA,0.00000000,0.00001110,0.00000000,0.00000000
Globe Life Inc,0.00000000,0.00011200,0.00000000,0.00000000
Globus Medical Inc,0.00000000,0.00009580,0.00000000,0.00000000
Gloria Material Technology Corp,0.00000000,0.00000480,0.00000000,0.00000000
Glory Ltd,0.00000000,0.00000460,0.00000000,0.00000000
GN Store Nord AS,0.00000000,0.00001100,0.00000000,0.00000000
Godawari Power and Ispat Ltd,0.00000000,0.00000460,0.00000000,0.00000000
Gland Pharma Ltd,0.00000000,0.00001300,0.00000000,0.00000000
Goldsun Building Materials Co Ltd,0.00000000,0.00000600,0.00000000,0.00000000
Halozyme Therapeutics Inc,0.00000000,0.00010890,0.00000000,0.00000000
Hamilton Lane Inc,0.00000000,0.00002520,0.00000000,0.00000000
Han's Laser Technology Industry Group Co Ltd,0.00000000,0.00000440,0.00000000,0.00000000
Guotai Junan International Holdings Ltd,0.00000000,0.00000450,0.00000000,0.00000000
Gushengtang Holdings Ltd,0.00000000,0.00000480,0.00000000,0.00000000
Guzman y Gomez Ltd,0.00000000,0.00000450,0.00000000,0.00000000
GVS SpA,0.00000000,0.00000460,0.00000000,0.00000000
GXO Logistics Inc,0.00000000,0.00005540,0.00000000,0.00000000
H&R Block Inc,0.00000000,0.00006110,0.00000000,0.00000000
H&R Real Estate Investment Trust,0.00000000,0.00000690,0.00000000,0.00000000
H.U. Group Holdings Inc,0.00000000,0.00000690,0.00000000,0.00000000
Great Eastern Shipping Co Ltd/The,0.00000000,0.00000600,0.00000000,0.00000000
Guangdong Provincial Expressway Development Co Ltd,0.00000000,0.00000510,0.00000000,0.00000000
Guangxi LiuYao Group Co Ltd,0.00000000,0.00000460,0.00000000,0.00000000
Guardant Health Inc,0.00000000,0.00017500,0.00000000,0.00000000
Gudeng Precision Industrial Co Ltd,0.00000000,0.00000160,0.00000000,0.00010000
Guidewire Software Inc,0.00000000,0.00015060,0.00000000,0.00000000
Gulf Cables & Electrical Industries Group Co. KSCP,0.00000000,0.00000610,0.00000000,0.00000000
GungHo Online Entertainment Inc,0.00000000,0.00000250,0.00000000,0.00000000
Hecla Mining Co,0.00000000,0.00009820,0.00000000,0.00000000
Hedge Brasil Shopping Fundo De Investimento Imobiliario De RL,0.00000000,0.00000460,0.00000000,0.00000000
HEG Ltd,0.00000000,0.00000460,0.00000000,0.00000000
Heiwa Real Estate REIT Inc,0.00000000,0.00002010,0.00000000,0.00000000
Helia Group Ltd,0.00000000,0.00000150,0.00000000,0.00000000
Guangdong Fenghua Advanced Technology Holding Co Ltd,0.00000000,0.00000510,0.00000000,0.00000000
Great Portland Estates PLC,0.00000000,0.00000630,0.00000000,0.00000000
Great Tree Pharmacy Co Ltd,0.00000000,0.00000330,0.00000000,0.00000000
Great Wall Enterprise Co Ltd,0.00000000,0.00000150,0.00000000,0.00000000
Greatek Electronics Inc,0.00000000,0.00000710,0.00000000,0.00010000
Greatland Resources Ltd,0.00000000,0.00004410,0.00000000,0.00000000
Grand Canyon Education Inc,0.00000000,0.00001800,0.00000000,0.00000000
Grand City Properties SA,0.00000000,0.00000460,0.00000000,0.00000000
Grand Pharmaceutical Group Ltd,0.00000000,0.00000440,0.00000000,0.00000000
Grand Process Technology Corp,0.00000000,0.00000640,0.00000000,0.00000000
Granges AB,0.00000000,0.00001190,0.00000000,0.00000000
Granite Construction Inc,0.00000000,0.00006200,0.00000000,0.00000000
Granite Real Estate Investment Trust,0.00000000,0.00003860,0.00000000,0.00000000
Hafnia Ltd,0.00000000,0.00001300,0.00000000,0.00000000
Hana Microelectronics PCL,0.00000000,0.00000460,0.00000000,0.00000000
Hana Micron Inc,0.00000000,0.00000590,0.00000000,0.00020000
Hanall Biopharma Co Ltd,0.00000000,0.00000610,0.00000000,0.00000000
Hancock Whitney Corp,0.00000000,0.00005600,0.00000000,0.00000000
HannStar Display Corp,0.00000000,0.00000490,0.00000000,0.00000000
Hanover Insurance Group Inc/The,0.00000000,0.00014560,0.00000000,0.00000000
Hansen Technologies Ltd,0.00000000,0.00000450,0.00000000,0.00000000
Hansol Chemical Co Ltd,0.00000000,0.00000620,0.00000000,0.00000000
H2O America,0.00000000,0.00000650,0.00000000,0.00000000
H2O Retailing Corp,0.00000000,0.00000290,0.00000000,0.00000000
HA Sustainable Infrastructure Capital Inc,0.00000000,0.00004890,0.00000000,0.00000000
Haemonetics Corp,0.00000000,0.00004940,0.00000000,0.00000000
Granules India Ltd,0.00000000,0.00000600,0.00000000,0.00000000
Jeju Semiconductor Corp,0.00000000,0.00001130,0.00000000,0.00000000
Jenoptik AG,0.00000000,0.00001280,0.00000000,0.00000000
New Jersey Resources Corp,0.00000000,0.00004940,0.00000000,0.00000000
JF SmartInvest Holdings Ltd,0.00000000,0.00000500,0.00000000,0.00000000
JFrog Ltd,0.00000000,0.00008490,0.00000000,0.00000000
Jiangsu Etern Co Ltd,0.00000000,0.00000460,0.00000000,0.00000000
Jinan Acetate Chemical Co Ltd,0.00000000,0.00000440,0.00000000,0.00000000
Jindal Saw Ltd,0.00000000,0.00000500,0.00000000,0.00000000
Japan Securities Finance Co Ltd,0.00000000,0.00000240,0.00000000,0.00000000
Japan Transcity Corp,0.00000000,0.00000550,0.00000000,0.00000000
Jastrzebska Spolka Weglowa SA,0.00000000,0.00000500,0.00000000,0.00000000
Ichibanya Co Ltd,0.00000000,0.00002290,0.00000000,0.00000000
JB Financial Group Co Ltd,0.00000000,0.00001710,0.00000000,0.00000000
JBS NV,0.00000000,0.00002610,0.00000000,0.00000000
JCDecaux SE,0.00000000,0.00001160,0.00000000,0.00000000
Jefferies Financial Group Inc,0.00000000,0.00007760,0.00000000,0.00000000
J D Wetherspoon PLC,0.00000000,0.00000610,0.00000000,0.00000000
Jabil Inc,0.00000000,0.00028210,0.00110000,0.00000000
Jackson Financial Inc,0.00000000,0.00013410,0.00000000,0.00000000
Jaiprakash Power Ventures Ltd,0.00000000,0.00000440,0.00000000,0.00000000
Japan Elevator Service Holdings Co Ltd,0.00000000,0.00000590,0.00000000,0.00000000
Japan Lifeline Co Ltd,0.00000000,0.00000460,0.00000000,0.00000000
Japan Material Co Ltd,0.00000000,0.00000410,0.00000000,0.00010000
Japan Petroleum Exploration Co Ltd,0.00000000,0.00000730,0.00000000,0.00000000
Jazz Pharmaceuticals PLC,0.00000000,0.00011790,0.00000000,0.00000000
ITE Technology Inc,0.00000000,0.00000150,0.00000000,0.00000000
Iron Force Industrial Co Ltd,0.00000000,0.00000360,0.00000000,0.00000000
IRPC PCL,0.00000000,0.00000480,0.00000000,0.00000000
ISC Co Ltd,0.00000000,0.00000680,0.00000000,0.00000000
Israel Canada T.R Ltd,0.00000000,0.00000490,0.00000000,0.00000000
Isrotel Ltd,0.00000000,0.00000510,0.00000000,0.00000000
ISS A/S,0.00000000,0.00004980,0.00000000,0.00000000
New Issuer: BB Company ID:178421,0.00000000,0.00000450,0.00000000,0.00000000
New Issuer: BB Company ID:51090663,0.00000000,0.00000600,0.00000000,0.00000000
IPH Ltd,0.00000000,0.00000420,0.00000000,0.00000000
IPSOS SA,0.00000000,0.00001130,0.00000000,0.00000000
JNBY Design Ltd,0.00000000,0.00000380,0.00000000,0.00000000
Iren SpA,0.00000000,0.00001820,0.00000000,0.00000000
IRESS Ltd,0.00000000,0.00000420,0.00000000,0.00000000
IRhythm Holdings Inc,0.00000000,0.00002460,0.00000000,0.00000000
Iridium Communications Inc,0.00000000,0.00002640,0.00000000,0.00000000
Iris Energy Ltd,0.00000000,0.00009310,0.00000000,0.00000000
Jinduicheng Molybdenum Co Ltd,0.00000000,0.00000460,0.00000000,0.00000000
JinkoSolar Holding Co Ltd,0.00000000,0.00000370,0.00000000,0.00000000
Jinxin Fertility Group Ltd,0.00000000,0.00000450,0.00000000,0.00000000
Jiujiang Defu Technology Co Ltd,0.00000000,0.00000440,0.00000000,0.00000000
JK Lakshmi Cement Ltd,0.00000000,0.00000440,0.00000000,0.00000000
JK Tyre & Industries Ltd,0.00000000,0.00000460,0.00000000,0.00000000
JM AB,0.00000000,0.00000470,0.00000000,0.00000000
IRB InvIT Fund,0.00000000,0.00000460,0.00000000,0.00000000
Johnson Matthey PLC,0.00000000,0.00003890,0.00000000,0.00000000
Jones Lang LaSalle Inc,0.00000000,0.00013930,0.00000000,0.00000000
JoulWatt Technology Co Ltd,0.00000000,0.00000570,0.00000000,0.00000000
JPC connectivity Inc,0.00000000,0.00000460,0.00000000,0.00000000
JSE Ltd,0.00000000,0.00000470,0.00000000,0.00000000
Keppel Infrastructure Trust,0.00000000,0.00000770,0.00000000,0.00000000
Kervan Gida Sanayi Ve Ticaret AS,0.00000000,0.00000450,0.00000000,0.00000000
Keymed Biosciences Inc,0.00000000,0.00000920,0.00000000,0.00000000
Kfin Technologies Ltd,0.00000000,0.00000610,0.00000000,0.00000000
Kiatnakin Phatra Bank PCL,0.00000000,0.00001170,0.00000000,0.00000000
Killam Apartment Real Estate Investment Trust,0.00000000,0.00000580,0.00000000,0.00000000
Kainos Group PLC,0.00000000,0.00000600,0.00000000,0.00000000
Kinaxis Inc,0.00000000,0.00002040,0.00000000,0.00000000
Kelington Group Bhd,0.00000000,0.00000700,0.00000000,0.00000000
Keller Group PLC,0.00000000,0.00001250,0.00000000,0.00000000
Kelsian Group Ltd,0.00000000,0.00000410,0.00000000,0.00000000
Kemira Oyj,0.00000000,0.00000760,0.00000000,0.00000000
Kemper Corp,0.00000000,0.00001090,0.00000000,0.00000000
Kenda Rubber Industrial Co Ltd,0.00000000,0.00000410,0.00000000,0.00000000
Kennametal Inc,0.00000000,0.00001240,0.00000000,0.00000000
KEPCO Engineering & Construction Co Inc,0.00000000,0.00000790,0.00000000,0.00000000
Kasumigaseki Capital Co Ltd,0.00000000,0.00000730,0.00000000,0.00000000
Katitas Co Ltd,0.00000000,0.00000370,0.00000000,0.00000000
KB Home,0.00000000,0.00001610,0.00000000,0.00000000
Kilroy Realty Corp,0.00000000,0.00004760,0.00000000,0.00000000
Kaiser Aluminum Corp,0.00000000,0.00001640,0.00000000,0.00000000
Kajaria Ceramics Ltd,0.00000000,0.00000160,0.00000000,0.00000000
Kaldalon hf,0.00000000,0.00000590,0.00000000,0.00000000
Kalmar Oyj,0.00000000,0.00000690,0.00000000,0.00000000
Kalpataru Projects International Ltd,0.00000000,0.00000670,0.00000000,0.00000000
Kameda Seika Co Ltd,0.00000000,0.00000540,0.00000000,0.00000000
Kanadevia Corp,0.00000000,0.00000570,0.00000000,0.00000000
JVCKenwood Corp,0.00000000,0.00000200,0.00000000,0.00000000
Jyoti CNC Automation Ltd,0.00000000,0.00000460,0.00000000,0.00000000
JYP Entertainment Corp,0.00000000,0.00000160,0.00000000,0.00000000
Jyske Bank A/S,0.00000000,0.00005440,0.00000000,0.00000000
K Wah International Holdings Ltd,0.00000000,0.00001920,0.00000000,0.00000000
John Wiley & Sons Inc,0.00000000,0.00001260,0.00000000,0.00000000
Kadant Inc,0.00000000,0.00001960,0.00000000,0.00000000
Kaga Electronics Co Ltd,0.00000000,0.00000480,0.00000000,0.00000000
Jubilant Pharmova Ltd,0.00000000,0.00000450,0.00000000,0.00000000
Judo Capital Holdings Ltd,0.00000000,0.00000450,0.00000000,0.00000000
Jungfraubahn Holding AG,0.00000000,0.00004320,0.00000000,0.00000000
Jupiter Fund Management PLC,0.00000000,0.00000610,0.00000000,0.00000000
Jupiter Life Line Hospitals Ltd,0.00000000,0.00000440,0.00000000,0.00000000
Juroku Financial Group Inc,0.00000000,0.00001010,0.00000000,0.00000000
Jusung Engineering Co Ltd,0.00000000,0.00002460,0.00000000,0.00050000
Juventus Football Club SpA,0.00000000,0.00000460,0.00000000,0.00000000
Joby Aviation Inc,0.00000000,0.00001070,0.00000000,0.00000000
John Bean Technologies Corp,0.00000000,0.00005730,0.00000000,0.00000000
K92 Mining Inc,0.00000000,0.00005680,0.00000000,0.00000000
InnoCare Pharma Ltd,0.00000000,0.00001300,0.00000000,0.00000000
Innodisk Corp,0.00000000,0.00002300,0.00000000,0.00000000
Innospec Inc,0.00000000,0.00001030,0.00000000,0.00000000
Innovative Industrial Properties Inc,0.00000000,0.00001070,0.00000000,0.00000000
Innoviva Inc,0.00000000,0.00001150,0.00000000,0.00000000
IndiGrid Infrastructure Trust,0.00000000,0.00000610,0.00000000,0.00000000
Indivior Pharmaceuticals Inc,0.00000000,0.00002450,0.00000000,0.00000000
Indus Holding AG,0.00000000,0.00000480,0.00000000,0.00000000
Inficon Holding AG,0.00000000,0.00001910,0.00000000,0.00000000
Infomart Corp,0.00000000,0.00000490,0.00000000,0.00000000
Ingenia Communities Group,0.00000000,0.00000530,0.00000000,0.00000000
Italmobiliare SpA,0.00000000,0.00000450,0.00000000,0.00000000
Inghams Group Ltd,0.00000000,0.00000450,0.00000000,0.00000000
Impinj Inc,0.00000000,0.00003130,0.00000000,0.00060000
Implenia AG,0.00000000,0.00000610,0.00000000,0.00000000
Inaba Denki Sangyo Co Ltd,0.00000000,0.00000290,0.00000000,0.00000000
Inabata & Co Ltd,0.00000000,0.00002110,0.00000000,0.00000000
Inari Amertron Bhd,0.00000000,0.00001270,0.00000000,0.00020000
Inchcape PLC,0.00000000,0.00003620,0.00000000,0.00000000
Independence Realty Trust Inc,0.00000000,0.00004250,0.00000000,0.00000000
Independent Bank Corp,0.00000000,0.00001580,0.00000000,0.00000000
Iino Kaiun Kaisha Ltd,0.00000000,0.00000510,0.00000000,0.00000000
Iljin Electric Co Ltd,0.00000000,0.00000660,0.00000000,0.00000000
IMAX Corp,0.00000000,0.00001500,0.00000000,0.00000000
Ingevity Corp,0.00000000,0.00001430,0.00000000,0.00000000
Ichikoh Industries Ltd,0.00000000,0.00000430,0.00000000,0.00000000
ICICI Prudential Asset Management Co Ltd/India,0.00000000,0.00000150,0.00000000,0.00000000
Icom Inc,0.00000000,0.00000350,0.00000000,0.00000000
ICON PLC,0.00000000,0.00010000,0.00000000,0.00000000
ICU Medical Inc,0.00000000,0.00004580,0.00000000,0.00000000
ID Logistics Group SACA,0.00000000,0.00000590,0.00000000,0.00000000
Hyosung Corp,0.00000000,0.00000480,0.00000000,0.00000000
Hyprop Investments Ltd,0.00000000,0.00000600,0.00000000,0.00000000
Hyulim ROBOT Co Ltd,0.00000000,0.00000460,0.00000000,0.00000000
Hyundai Department Store Co Ltd,0.00000000,0.00000480,0.00000000,0.00000000
Hyundai Elevator Co Ltd,0.00000000,0.00000620,0.00000000,0.00000000
Inner Mongolia Xingye Silver&Tin Mining Co Ltd,0.00000000,0.00000450,0.00000000,0.00000000
IBF Financial Holdings Co Ltd,0.00000000,0.00001080,0.00000000,0.00000000
Ibstock PLC,0.00000000,0.00000470,0.00000000,0.00000000
Huntsman Corp,0.00000000,0.00001060,0.00000000,0.00000000
Huron Consulting Group Inc,0.00000000,0.00001660,0.00000000,0.00000000
Husqvarna AB,0.00000000,0.00000610,0.00000000,0.00000000
Hut 8 Corp,0.00000000,0.00006250,0.00000000,0.00000000
Hyakugo Bank Ltd/The,0.00000000,0.00001640,0.00000000,0.00000000
Hyakujushi Bank Ltd/The,0.00000000,0.00000300,0.00000000,0.00000000
Hyatt Hotels Corp,0.00000000,0.00010750,0.00000000,0.00000000
Hygeia Healthcare Holdings Co Ltd,0.00000000,0.00000480,0.00000000,0.00000000
Ingredion Inc,0.00000000,0.00005230,0.00000000,0.00000000
Inner Mongolia Dian Tou Energy Corp Ltd,0.00000000,0.00002670,0.00000000,0.00000000
I-Chiun Precision Industry Co Ltd,0.00000000,0.00001420,0.00000000,0.00000000
InterDigital Inc,0.00000000,0.00007650,0.00000000,0.00000000
International Bancshares Corp,0.00000000,0.00001720,0.00000000,0.00000000
Inox Wind Ltd,0.00000000,0.00000440,0.00000000,0.00000000
Insight Enterprises Inc,0.00000000,0.00002700,0.00000000,0.00000000
FITIPOWER INTEGRATED TECHNOLOGY IN,0.00000000,0.00000000,0.00000000,0.00000000
Inspire Medical Systems Inc,0.00000000,0.00001120,0.00000000,0.00000000
Instalco AB,0.00000000,0.00000460,0.00000000,0.00000000
Installed Building Products Inc,0.00000000,0.00005990,0.00000000,0.00000000
Intapp Inc,0.00000000,0.00001650,0.00000000,0.00000000
Integer Holdings Corp,0.00000000,0.00002590,0.00000000,0.00000000
ITEQ Corp,0.00000000,0.00002940,0.00000000,0.00000000
IMAX China Holding Inc,0.00000000,0.00000440,0.00000000,0.00000000
Itron Inc,0.00000000,0.00005450,0.00000000,0.00000000
ITT Inc,0.00000000,0.00013930,0.00000000,0.00000000
ITV PLC,0.00000000,0.00004380,0.00000000,0.00000000
Iveco Group NV,0.00000000,0.00001540,0.00000000,0.00000000
J & J Snack Foods Corp,0.00000000,0.00000600,0.00000000,0.00000000
J M Smucker Co/The,0.00000000,0.00014100,0.00000000,0.00000000
New Issuer: BB Company ID:64805746,0.00000000,0.00000470,0.00000000,0.00000000
New Issuer: BB Company ID:69775740,0.00000000,0.00001620,0.00000000,0.00000000
New Issuer: BB Company ID:71235362,0.00000000,0.00001550,0.00000000,0.00000000
New Issuer: BB Company ID:71655234,0.00000000,0.00000590,0.00000000,0.00000000
New Issuer: BB Company ID:72076933,0.00000000,0.00000600,0.00000000,0.00000000
ISU Specialty Chemical,0.00000000,0.00000510,0.00000000,0.00000000
Ithaca Energy PLC,0.00000000,0.00000460,0.00000000,0.00000000
Imdex Ltd,0.00000000,0.00000590,0.00000000,0.00000000
Imerys SA,0.00000000,0.00000630,0.00000000,0.00000000
IMMOFINANZ AG,0.00000000,0.00000450,0.00000000,0.00000000
Immunovant Inc,0.00000000,0.00001960,0.00000000,0.00000000
Iochpe Maxion SA,0.00000000,0.00000460,0.00000000,0.00000000
IOI Properties Group Bhd,0.00000000,0.00000630,0.00000000,0.00000000
Ionis Pharmaceuticals Inc,0.00000000,0.00011070,0.00000000,0.00000000
IONOS Group SE,0.00000000,0.00001170,0.00000000,0.00000000
IonQ Inc,0.00000000,0.00011890,0.00000000,0.00180000
IP Group PLC,0.00000000,0.00000460,0.00000000,0.00000000
IperionX Ltd,0.00000000,0.00000450,0.00000000,0.00000000
IPG Photonics Corp,0.00000000,0.00001190,0.00000000,0.00000000
Intercos SpA,0.00000000,0.00000160,0.00000000,0.00000000
International Workplace Group PLC,0.00000000,0.00000640,0.00000000,0.00000000
Interparfums Inc,0.00000000,0.00003660,0.00000000,0.00000000
Interroll Holding AG,0.00000000,0.00000610,0.00000000,0.00000000
Intershop Holding AG,0.00000000,0.00000450,0.00000000,0.00000000
Inventurus Knowledge Solutions Ltd,0.00000000,0.00000490,0.00000000,0.00000000
Invesco Ltd,0.00000000,0.00014190,0.00000000,0.00000000
Invisio AB,0.00000000,0.00000470,0.00000000,0.00000000
IntegraFin Holdings PLC,0.00000000,0.00000610,0.00000000,0.00000000
Integral Diagnostics Ltd,0.00000000,0.00000460,0.00000000,0.00000000
Intelbras SA Industria de Telecomunicacao Eletronica Brasileira,0.00000000,0.00000490,0.00000000,0.00000000
Intellect Design Arena Ltd,0.00000000,0.00000460,0.00000000,0.00000000
Intercorp Financial Services Inc,0.00000000,0.00000610,0.00000000,0.00000000
International Petroleum Corp,0.00000000,0.00001120,0.00000000,0.00000000
Eimskipafelag Islands hf,0.00000000,0.00000440,0.00000000,0.00000000
Eizo Corp,0.00000000,0.00000600,0.00000000,0.00000000
El.En. SpA,0.00000000,0.00000620,0.00000000,0.00000000
Elan Microelectronics Corp,0.00000000,0.00000800,0.00000000,0.00010000
Elanco Animal Health Inc,0.00000000,0.00010990,0.00000000,0.00000000
Ebro Foods SA,0.00000000,0.00001060,0.00000000,0.00000000
EchoStar Corp,0.00000000,0.00009330,0.00000000,0.00000000
Eckert & Ziegler SE,0.00000000,0.00000450,0.00000000,0.00000000
eClerx Services Ltd,0.00000000,0.00000480,0.00000000,0.00000000
EcoRodovias Infraestrutura e Logistica SA,0.00000000,0.00000480,0.00000000,0.00000000
Edelweiss Financial Services Ltd,0.00000000,0.00000470,0.00000000,0.00000000
Goodyear Tire & Rubber Co/The,0.00000000,0.00001100,0.00000000,0.00000000
EFG International AG,0.00000000,0.00001480,0.00000000,0.00000000
Eagers Automotive Ltd,0.00000000,0.00001580,0.00000000,0.00000000
Eagle Materials Inc,0.00000000,0.00006000,0.00000000,0.00000000
East Pipes Integrated Co for Industry,0.00000000,0.00000470,0.00000000,0.00000000
East West Bancorp Inc,0.00000000,0.00015550,0.00000000,0.00000000
Eastern Bankshares Inc,0.00000000,0.00004710,0.00000000,0.00000000
EastGroup Properties Inc,0.00000000,0.00014180,0.00000000,0.00000000
Eastman Chemical Co,0.00000000,0.00013490,0.00000000,0.00000000
easyJet PLC,0.00000000,0.00001800,0.00000000,0.00000000
Endeavour Silver Corp,0.00000000,0.00001900,0.00000000,0.00000000
Enea SA,0.00000000,0.00001070,0.00000000,0.00000000
Enerflex Ltd,0.00000000,0.00001350,0.00000000,0.00000000
EDION Corp,0.00000000,0.00000240,0.00000000,0.00000000
Douglas Emmett Inc,0.00000000,0.00001040,0.00000000,0.00000000
Doximity Inc,0.00000000,0.00002180,0.00000000,0.00000000
DPM Metals Inc,0.00000000,0.00011820,0.00000000,0.00000000
Draegerwerk AG & Co KGaA,0.00000000,0.00000620,0.00000000,0.00000000
DraftKings Inc,0.00000000,0.00009520,0.00000000,0.00000000
Drax Group PLC,0.00000000,0.00003560,0.00000000,0.00000000
Doosan Fuel Cell Co Ltd,0.00000000,0.00000710,0.00000000,0.00000000
Doosan Robotics Inc,0.00000000,0.00001090,0.00000000,0.00000000
Doosan Tesna Inc,0.00000000,0.00000460,0.00000000,0.00000000
Doral Group Renewable Energy Resources Ltd,0.00000000,0.00001510,0.00000000,0.00000000
dormakaba Holding AG,0.00000000,0.00000830,0.00000000,0.00000000
Eiken Chemical Co Ltd,0.00000000,0.00000440,0.00000000,0.00000000
Dosilicon Co Ltd,0.00000000,0.00000540,0.00000000,0.00000000
Dottikon Es Holding AG,0.00000000,0.00000620,0.00000000,0.00000000
Elastic NV,0.00000000,0.00010600,0.00000000,0.00000000
Elco Ltd,0.00000000,0.00000470,0.00000000,0.00000000
Elders Ltd,0.00000000,0.00000620,0.00000000,0.00000000
Eldorado Gold Corp,0.00000000,0.00011420,0.00000000,0.00000000
Elecnor SA,0.00000000,0.00000640,0.00000000,0.00000000
Elecom Co Ltd,0.00000000,0.00000390,0.00000000,0.00000000
Electra Ltd/Israel,0.00000000,0.00000690,0.00000000,0.00000000
Electro Optic Systems Holdings Ltd,0.00000000,0.00000690,0.00000000,0.00000000
EFG Holding S.A.E.,0.00000000,0.00000520,0.00000000,0.00000000
EID Parry India Ltd,0.00000000,0.00000150,0.00000000,0.00000000
Dorman Products Inc,0.00000000,0.00002120,0.00000000,0.00000000
elf Beauty Inc,0.00000000,0.00006040,0.00000000,0.00000000
Elgi Equipments Ltd,0.00000000,0.00000620,0.00000000,0.00000000
ERO Copper Corp,0.00000000,0.00002290,0.00000000,0.00000000
Esab Corp,0.00000000,0.00005080,0.00000000,0.00000000
ESCO Technologies Inc,0.00000000,0.00008900,0.00000000,0.00000000
ESCON Japan Reit Investment Corp,0.00000000,0.00000420,0.00000000,0.00000000
ESR-LOGOS REIT,0.00000000,0.00000580,0.00000000,0.00000000
Essent Group Ltd,0.00000000,0.00003920,0.00000000,0.00000000
Essential Properties Realty Trust Inc,0.00000000,0.00004120,0.00000000,0.00000000
Essential Utilities Inc,0.00000000,0.00013400,0.00000000,0.00000000
EQB Inc,0.00000000,0.00001080,0.00000000,0.00000000
Energean PLC,0.00000000,0.00000590,0.00000000,0.00000000
Equital Ltd,0.00000000,0.00000470,0.00000000,0.00000000
Equites Property Fund Ltd,0.00000000,0.00000460,0.00000000,0.00000000
Equity LifeStyle Properties Inc,0.00000000,0.00013690,0.00000000,0.00000000
Eramet SA,0.00000000,0.00000440,0.00000000,0.00000000
ERG SpA,0.00000000,0.00000610,0.00000000,0.00000000
Eris Lifesciences Ltd,0.00000000,0.00000450,0.00000000,0.00000000
Enpro Inc,0.00000000,0.00006270,0.00000000,0.00000000
Ensign Group Inc/The,0.00000000,0.00008760,0.00000000,0.00000000
Entegris Inc,0.00000000,0.00017220,0.00000000,0.00280000
Envision Greenwise Holdings Ltd,0.00000000,0.00000450,0.00000000,0.00000000
Envista Holdings Corp,0.00000000,0.00004610,0.00000000,0.00000000
Eo Technics Co Ltd,0.00000000,0.00001660,0.00000000,0.00040000
Equasens,0.00000000,0.00000430,0.00000000,0.00000000
Energiekontor AG,0.00000000,0.00000440,0.00000000,0.00000000
Energizer Holdings Inc,0.00000000,0.00000620,0.00000000,0.00000000
Energy Fuels Inc/Canada,0.00000000,0.00002340,0.00000000,0.00000000
Enerpac Tool Group Corp,0.00000000,0.00001100,0.00000000,0.00000000
Emeis SA,0.00000000,0.00001000,0.00000000,0.00000000
Emerald Resources NL,0.00000000,0.00001550,0.00000000,0.00000000
Emmi AG,0.00000000,0.00001110,0.00000000,0.00000000
Empresa Nacional de Telecomunicaciones SA,0.00000000,0.00000440,0.00000000,0.00000000
Enact Holdings Inc,0.00000000,0.00000150,0.00000000,0.00000000
Enav SpA,0.00000000,0.00000600,0.00000000,0.00000000
Ence Energia y Celulosa SA,0.00000000,0.00000460,0.00000000,0.00000000
Encompass Health Corp,0.00000000,0.00010030,0.00000000,0.00000000
Elevra Lithium Ltd,0.00000000,0.00000390,0.00000000,0.00000000
Elis SA,0.00000000,0.00004730,0.00000000,0.00000000
Elite Advanced Laser Corp,0.00000000,0.00001580,0.00000000,0.00030000
Elite Semiconductor Microelectronics Technology Inc,0.00000000,0.00001590,0.00000000,0.00000000
Elkem ASA,0.00000000,0.00000440,0.00000000,0.00000000
Elmos Semiconductor SE,0.00000000,0.00000600,0.00000000,0.00020000
EM Systems Co Ltd,0.00000000,0.00000460,0.00000000,0.00000000
Embracer Group AB,0.00000000,0.00000580,0.00000000,0.00000000
Electrolux AB,0.00000000,0.00001070,0.00000000,0.00000000
Electrolux Professional AB,0.00000000,0.00000620,0.00000000,0.00000000
Elekta AB,0.00000000,0.00001200,0.00000000,0.00000000
Element Solutions Inc,0.00000000,0.00011460,0.00000000,0.00000000
Elementis PLC,0.00000000,0.00000150,0.00000000,0.00000000
Elior Group SA,0.00000000,0.00000440,0.00000000,0.00000000
Develop Global Ltd,0.00000000,0.00000470,0.00000000,0.00000000
Devyani International Ltd,0.00000000,0.00000420,0.00000000,0.00000000
Delhivery Ltd,0.00000000,0.00001190,0.00000000,0.00000000
Delta Galil Ltd,0.00000000,0.00000460,0.00000000,0.00000000
Delton Technology Guangzhou Inc,0.00000000,0.00000370,0.00000000,0.00000000
Deme Group NV,0.00000000,0.00000620,0.00000000,0.00000000
Denali Therapeutics Inc,0.00000000,0.00002030,0.00000000,0.00000000
Denison Mines Corp,0.00000000,0.00001860,0.00000000,0.00000000
Denka Co Ltd,0.00000000,0.00000640,0.00000000,0.00000000
DENTSPLY SIRONA Inc,0.00000000,0.00001340,0.00000000,0.00000000
DaVita Inc,0.00000000,0.00005440,0.00000000,0.00000000
Douglas AG,0.00000000,0.00000450,0.00000000,0.00000000
DCM Holdings Co Ltd,0.00000000,0.00000460,0.00000000,0.00000000
Deep Yellow Ltd,0.00000000,0.00000610,0.00000000,0.00000000
Deepak Fertilisers & Petrochemicals Corp Ltd,0.00000000,0.00000590,0.00000000,0.00000000
Definity Financial Corp,0.00000000,0.00003370,0.00000000,0.00000000
Del Monte Corp,0.00000000,0.00000610,0.00000000,0.00000000
Delek US Holdings Inc,0.00000000,0.00002830,0.00000000,0.00000000
Danel Adir Yeoshua Ltd,0.00000000,0.00000450,0.00000000,0.00000000
Danieli & C Officine Meccaniche SpA,0.00000000,0.00001370,0.00000000,0.00000000
Daou Technology Inc,0.00000000,0.00000470,0.00000000,0.00000000
Darfon Electronics Corp,0.00000000,0.00000450,0.00000000,0.00000000
Darling Ingredients Inc,0.00000000,0.00009530,0.00000000,0.00000000
Data#3 Ltd,0.00000000,0.00000620,0.00000000,0.00000000
DB HiTek Co Ltd,0.00000000,0.00001260,0.00000000,0.00040000
Dai-Dan Co Ltd,0.00000000,0.00000790,0.00000000,0.00000000
Daiei Kankyo Co Ltd,0.00000000,0.00000370,0.00000000,0.00000000
Daihen Corp,0.00000000,0.00001230,0.00000000,0.00000000
Cushman & Wakefield Ltd,0.00000000,0.00001830,0.00000000,0.00000000
CVB Financial Corp,0.00000000,0.00001520,0.00000000,0.00000000
CVR Energy Inc,0.00000000,0.00000680,0.00000000,0.00000000
CyberTAN Technology Inc,0.00000000,0.00000500,0.00000000,0.00000000
Cyfrowy Polsat SA,0.00000000,0.00000440,0.00000000,0.00000000
Cyient Ltd,0.00000000,0.00000200,0.00000000,0.00000000
Cyrela Brazil Realty SA Empreendimentos e Participacoes,0.00000000,0.00000590,0.00000000,0.00000000
Cytokinetics Inc,0.00000000,0.00009490,0.00000000,0.00000000
Deutz AG,0.00000000,0.00001260,0.00000000,0.00000000
CubeSmart,0.00000000,0.00016870,0.00000000,0.00000000
Cullen/Frost Bankers Inc,0.00000000,0.00017760,0.00000000,0.00000000
Curbline Properties Corp,0.00000000,0.00000920,0.00000000,0.00000000
Curiox Biosystems Co Ltd,0.00000000,0.00000440,0.00000000,0.00000000
Currys PLC,0.00000000,0.00001090,0.00000000,0.00000000
Curtiss-Wright Corp,0.00000000,0.00018620,0.00060000,0.00000000
Cury Construtora e Incorporadora SA,0.00000000,0.00000170,0.00000000,0.00000000
Depo Auto Parts Ind Co Ltd,0.00000000,0.00000660,0.00000000,0.00000000
Derichebourg SA,0.00000000,0.00000630,0.00000000,0.00000000
Dermapharm Holding SE,0.00000000,0.00000440,0.00000000,0.00000000
Deutsche Beteiligungs AG,0.00000000,0.00000680,0.00000000,0.00000000
Deutsche EuroShop SE,0.00000000,0.00000460,0.00000000,0.00000000
CTCI Corp,0.00000000,0.00000540,0.00000000,0.00000000
Dexus Industria REIT,0.00000000,0.00000450,0.00000000,0.00000000
Dfds A/S,0.00000000,0.00000440,0.00000000,0.00000000
Dhipaya Group Holdings PCL,0.00000000,0.00000540,0.00000000,0.00000000
DiamondRock Hospitality Co,0.00000000,0.00001080,0.00000000,0.00000000
DiaSorin SpA,0.00000000,0.00001180,0.00000000,0.00000000
Dick's Sporting Goods Inc,0.00000000,0.00009420,0.00000000,0.00000000
Dicker Data Ltd,0.00000000,0.00000700,0.00000000,0.00000000
Dunelm Group PLC,0.00000000,0.00000710,0.00000000,0.00000000
Duolingo Inc,0.00000000,0.00005600,0.00000000,0.00000000
Dutch Bros Inc,0.00000000,0.00005440,0.00000000,0.00000000
DXC Technology Co,0.00000000,0.00001200,0.00000000,0.00000000
Data Patterns India Ltd,0.00000000,0.00000590,0.00000000,0.00000000
Dynamic Holding Co Ltd,0.00000000,0.00000580,0.00000000,0.00000000
Dynapack International Technology Corp,0.00000000,0.00000710,0.00000000,0.00000000
Dynatrace Inc,0.00000000,0.00017540,0.00000000,0.00000000
Dream Industrial Real Estate Investment Trust,0.00000000,0.00001070,0.00000000,0.00000000
Driven Brands Holdings Inc,0.00000000,0.00000430,0.00000000,0.00000000
DroneShield Ltd,0.00000000,0.00000580,0.00000000,0.00000000
Dropbox Inc,0.00000000,0.00005810,0.00000000,0.00000000
DT Midstream Inc,0.00000000,0.00013320,0.00000000,0.00000000
DTS Corp,0.00000000,0.00000110,0.00000000,0.00000000
Duality Biotherapeutics Inc,0.00000000,0.00000870,0.00000000,0.00000000
Duerr AG,0.00000000,0.00000160,0.00000000,0.00000000
DoubleVerify Holdings Inc,0.00000000,0.00001120,0.00000000,0.00000000
Dycom Industries Inc,0.00000000,0.00007760,0.00000000,0.00000000
DataTec Ltd,0.00000000,0.00000600,0.00000000,0.00000000
DO & CO AG,0.00000000,0.00001010,0.00000000,0.00000000
DOF Group ASA,0.00000000,0.00000730,0.00000000,0.00000000
Doha Bank QPSC,0.00000000,0.00001040,0.00000000,0.00000000
Dolby Laboratories Inc,0.00000000,0.00002070,0.00000000,0.00000000
Dometic Group AB,0.00000000,0.00000440,0.00000000,0.00000000
Donaldson Co Inc,0.00000000,0.00010360,0.00000000,0.00000000
Dongjin Semichem Co Ltd,0.00000000,0.00000600,0.00000000,0.00000000
Dongyue Group Ltd,0.00000000,0.00001580,0.00000000,0.00000000
Dis-Chem Pharmacies Ltd,0.00000000,0.00000600,0.00000000,0.00000000
Discovery Mining Ltd,0.00000000,0.00002900,0.00000000,0.00000000
Distribuidora Internacional de Alimentacion SA,0.00000000,0.00000440,0.00000000,0.00000000
Dexco SA,0.00000000,0.00000460,0.00000000,0.00000000
DL E&C Co Ltd,0.00000000,0.00000710,0.00000000,0.00000000
Dlocal Ltd/Uruguay,0.00000000,0.00000590,0.00000000,0.00000000
DNO ASA,0.00000000,0.00000630,0.00000000,0.00000000
DNOW Inc,0.00000000,0.00001650,0.00000000,0.00000000
DigiCo Infrastructure REIT,0.00000000,0.00000490,0.00000000,0.00000000
Digital Core REIT Management Pte Ltd,0.00000000,0.00000450,0.00000000,0.00000000
DigitalBridge Group Inc,0.00000000,0.00001560,0.00000000,0.00000000
DigitalOcean Holdings Inc,0.00000000,0.00007080,0.00000000,0.00000000
Dillard's Inc,0.00000000,0.00001140,0.00000000,0.00000000
Dimerco Express Corp,0.00000000,0.00000370,0.00000000,0.00000000
Diodes Inc,0.00000000,0.00002450,0.00000000,0.00050000
Dios Fastigheter AB,0.00000000,0.00000450,0.00000000,0.00000000
DKSH Holding AG,0.00000000,0.00000750,0.00000000,0.00000000
Four Corners Property Trust Inc,0.00000000,0.00000920,0.00000000,0.00000000
Fox Wizel Ltd,0.00000000,0.00000520,0.00000000,0.00000000
Foxsemicon Integrated Technology Inc,0.00000000,0.00000450,0.00000000,0.00000000
Foosung Co Ltd,0.00000000,0.00000490,0.00000000,0.00000000
Forbo Holding AG,0.00000000,0.00000180,0.00000000,0.00000000
Force Motors Ltd,0.00000000,0.00000450,0.00000000,0.00000000
Forcecon Tech Co Ltd,0.00000000,0.00000360,0.00000000,0.00000000
Foresee Pharmaceuticals Co Ltd,0.00000000,0.00000390,0.00000000,0.00000000
FormFactor Inc,0.00000000,0.00007950,0.00000000,0.00120000
Formosan Rubber Group Inc,0.00000000,0.00000520,0.00000000,0.00000000
Formula Systems 1985 Ltd,0.00000000,0.00000680,0.00000000,0.00000000
EPAM Systems Inc,0.00000000,0.00005810,0.00000000,0.00000000
Games Workshop Group PLC,0.00000000,0.00009580,0.00000000,0.00000000
GameStop Corp,0.00000000,0.00007050,0.00000000,0.00000000
Gaming and Leisure Properties Inc,0.00000000,0.00011230,0.00000000,0.00000000
Gap Inc/The,0.00000000,0.00005070,0.00000000,0.00000000
Garden Reach Shipbuilders & Engineers Ltd,0.00000000,0.00000450,0.00000000,0.00000000
Garware Hi-Tech Films Ltd,0.00000000,0.00000450,0.00000000,0.00000000
Gates Industrial Corp Ltd,0.00000000,0.00006450,0.00000000,0.00000000
Fuso Chemical Co Ltd,0.00000000,0.00000570,0.00000000,0.00000000
Futaba Industrial Co Ltd,0.00000000,0.00000540,0.00000000,0.00000000
Future PLC,0.00000000,0.00000460,0.00000000,0.00000000
G Mining Ventures Corp,0.00000000,0.00007060,0.00000000,0.00000000
G R Infraprojects Ltd,0.00000000,0.00000460,0.00000000,0.00000000
Galenica AG,0.00000000,0.00005310,0.00000000,0.00000000
First Hawaiian Inc,0.00000000,0.00000790,0.00000000,0.00000000
First Horizon Corp,0.00000000,0.00015350,0.00000000,0.00000000
First Industrial Realty Trust Inc,0.00000000,0.00014840,0.00000000,0.00000000
First Interstate BancSystem Inc,0.00000000,0.00001130,0.00000000,0.00000000
Freenet AG,0.00000000,0.00005310,0.00000000,0.00000000
Freightways Group Ltd,0.00000000,0.00000150,0.00000000,0.00000000
Freshpet Inc,0.00000000,0.00002060,0.00000000,0.00000000
Freshworks Inc,0.00000000,0.00001570,0.00000000,0.00000000
Friedrich Vorwerk Group SE,0.00000000,0.00000510,0.00000000,0.00000000
Frontdoor Inc,0.00000000,0.00005310,0.00000000,0.00000000
Frontken Corp Bhd,0.00000000,0.00000790,0.00000000,0.00000000
Fositek Corp,0.00000000,0.00002260,0.00000000,0.00000000
France Bed Holdings Co Ltd,0.00000000,0.00000500,0.00000000,0.00000000
Franklin Electric Co Inc,0.00000000,0.00001680,0.00000000,0.00000000
Franklin Templeton Inc,0.00000000,0.00009440,0.00000000,0.00000000
Fras-Le SA,0.00000000,0.00000450,0.00000000,0.00000000
Frasers Group PLC,0.00000000,0.00000650,0.00000000,0.00000000
Frasers Centrepoint Trust,0.00000000,0.00000620,0.00000000,0.00000000
Freedom Holding Corp/NV,0.00000000,0.00001940,0.00000000,0.00000000
Freehold Royalties Ltd,0.00000000,0.00000870,0.00000000,0.00000000
Fortress Real Estate Investments Ltd,0.00000000,0.00000600,0.00000000,0.00000000
Fortuna Mining Corp,0.00000000,0.00002170,0.00000000,0.00000000
Fortune Brands Innovations Inc,0.00000000,0.00005260,0.00000000,0.00000000
Fortune Real Estate Investment Trust,0.00000000,0.00002160,0.00000000,0.00000000
Frontline PLC,0.00000000,0.00005940,0.00000000,0.00000000
GEO Group Inc/The,0.00000000,0.00002470,0.00000000,0.00000000
Gerresheimer AG,0.00000000,0.00000660,0.00000000,0.00000000
Gestamp Automocion SA,0.00000000,0.00000920,0.00000000,0.00000000
Getac Holdings Corp,0.00000000,0.00000710,0.00000000,0.00000000
Getty Realty Corp,0.00000000,0.00000750,0.00000000,0.00000000
GFH Bank BSC,0.00000000,0.00000620,0.00000000,0.00000000
GFPT PCL,0.00000000,0.00000440,0.00000000,0.00000000
GFT Technologies SE,0.00000000,0.00000510,0.00000000,0.00000000
Genertec Universal Medical Group Co Ltd,0.00000000,0.00001300,0.00000000,0.00000000
Genesis Energy Ltd,0.00000000,0.00000150,0.00000000,0.00000000
Genomma Lab Internacional SAB de CV,0.00000000,0.00000440,0.00000000,0.00000000
G-Tekt Corp,0.00000000,0.00000450,0.00000000,0.00000000
Gentex Corp,0.00000000,0.00005080,0.00000000,0.00000000
Genuit Group PLC,0.00000000,0.00000150,0.00000000,0.00000000
Genus PLC,0.00000000,0.00001220,0.00000000,0.00000000
Genworth Financial Inc,0.00000000,0.00004260,0.00000000,0.00000000
GATX Corp,0.00000000,0.00005540,0.00000000,0.00000000
Gaztransport Et Technigaz SA,0.00000000,0.00013060,0.00000000,0.00000000
GCS Holdings Inc,0.00000000,0.00000730,0.00000000,0.00000000
GDI Property Group Partnership,0.00000000,0.00000530,0.00000000,0.00000000
Gemtek Technology Corp,0.00000000,0.00000520,0.00000000,0.00000000
Generac Holdings Inc,0.00000000,0.00010360,0.00000000,0.00000000
Generation Capital Ltd,0.00000000,0.00000590,0.00000000,0.00000000
Generation Development Group Ltd,0.00000000,0.00000390,0.00000000,0.00000000
Genpact Ltd,0.00000000,0.00006440,0.00000000,0.00000000
Gabriel India Ltd,0.00000000,0.00000640,0.00000000,0.00000000
Galaxy Digital Inc,0.00000000,0.00002870,0.00000000,0.00000000
Fujita Kanko Inc,0.00000000,0.00000580,0.00000000,0.00000000
Fukuda Denshi Co Ltd,0.00000000,0.00002330,0.00000000,0.00000000
Fukui Bank Ltd/The,0.00000000,0.00000670,0.00000000,0.00000000
Fulltech Fiber Glass Corp,0.00000000,0.00000790,0.00000000,0.00000000
Fulton Financial Corp,0.00000000,0.00001420,0.00000000,0.00000000
Furuno Electric Co Ltd,0.00000000,0.00000720,0.00000000,0.00000000
Furuya Metal Co Ltd,0.00000000,0.00000870,0.00000000,0.00000000
Fusheng Precision Co Ltd,0.00000000,0.00000170,0.00000000,0.00000000
FTAI Aviation Ltd,0.00000000,0.00016990,0.00000000,0.00000000
FTI Consulting Inc,0.00000000,0.00005500,0.00000000,0.00000000
Glanbia PLC,0.00000000,0.00004910,0.00000000,0.00000000
Fugro NV,0.00000000,0.00000610,0.00000000,0.00000000
Fuji Corp/Aichi,0.00000000,0.00002040,0.00000000,0.00000000
Fuji Kyuko Co Ltd,0.00000000,0.00000270,0.00000000,0.00000000
Fujibo Holdings Inc,0.00000000,0.00000330,0.00000000,0.00000000
Fujimi Inc,0.00000000,0.00000340,0.00000000,0.00000000
Gibraltar Industries Inc,0.00000000,0.00000600,0.00000000,0.00000000
Gibson Energy Inc,0.00000000,0.00004690,0.00000000,0.00000000
Gilat Satellite Networks Ltd,0.00000000,0.00000440,0.00000000,0.00000000
Gimv NV,0.00000000,0.00000600,0.00000000,0.00000000
Gitlab Inc,0.00000000,0.00006570,0.00000000,0.00000000
GL Events SACA,0.00000000,0.00000460,0.00000000,0.00000000
Glacier Bancorp Inc,0.00000000,0.00003720,0.00000000,0.00000000
Fufeng Group Ltd,0.00000000,0.00000600,0.00000000,0.00000000
Euronet Worldwide Inc,0.00000000,0.00001120,0.00000000,0.00000000
Europower Enerji VE Otomasyon Teknolojileri Sanayi Ticaret AS,0.00000000,0.00000490,0.00000000,0.00000000
Europris ASA,0.00000000,0.00000610,0.00000000,0.00000000
Eutelsat Communications SACA,0.00000000,0.00000450,0.00000000,0.00000000
Evercore Inc,0.00000000,0.00012470,0.00000000,0.00000000
Everest Medicines Ltd,0.00000000,0.00000780,0.00000000,0.00000000
Everforth Inc,0.00000000,0.00000610,0.00000000,0.00000000
Evergrande Property Services Group Ltd,0.00000000,0.00000450,0.00000000,0.00000000
Estithmar Holding QPSC,0.00000000,0.00000160,0.00000000,0.00000000
Etablissements Maurel et Prom SA,0.00000000,0.00000460,0.00000000,0.00000000
Etihad Energy Holding PJSC,0.00000000,0.00001210,0.00000000,0.00000000
First Financial Bankshares Inc,0.00000000,0.00005080,0.00000000,0.00000000
Etsy Inc,0.00000000,0.00006300,0.00000000,0.00000000
Eugene Technology Co Ltd,0.00000000,0.00000610,0.00000000,0.00020000
Eurazeo SE,0.00000000,0.00000650,0.00000000,0.00000000
Eurocommercial Properties NV,0.00000000,0.00001070,0.00000000,0.00000000
Fincantieri SpA,0.00000000,0.00001100,0.00000000,0.00000000
Finning International Inc,0.00000000,0.00011410,0.00000000,0.00000000
Finolex Cables Ltd,0.00000000,0.00000440,0.00000000,0.00000000
FireFly Metals Ltd,0.00000000,0.00000580,0.00000000,0.00000000
First American Financial Corp,0.00000000,0.00007160,0.00000000,0.00000000
First BanCorp/Puerto Rico,0.00000000,0.00004580,0.00000000,0.00000000
First Bank of Toyama Ltd/The,0.00000000,0.00000320,0.00000000,0.00000000
First Capital Real Estate Investment Trust,0.00000000,0.00001400,0.00000000,0.00000000
Etron Technology Inc,0.00000000,0.00000720,0.00000000,0.00000000
EPR Properties,0.00000000,0.00004190,0.00000000,0.00000000
EnerSys,0.00000000,0.00012540,0.00000000,0.00000000
Enghouse Systems Ltd,0.00000000,0.00000460,0.00000000,0.00000000
Engie Energia Chile SA,0.00000000,0.00000450,0.00000000,0.00000000
Ennoconn Corp,0.00000000,0.00000600,0.00000000,0.00000000
Ennostar Inc,0.00000000,0.00000760,0.00000000,0.00010000
Enovis Corp,0.00000000,0.00001030,0.00000000,0.00000000
Enovix Corp,0.00000000,0.00000460,0.00000000,0.00000000
Enphase Energy Inc,0.00000000,0.00002960,0.00000000,0.00040000
Evotec SE,0.00000000,0.00000450,0.00000000,0.00000000
EVT Ltd,0.00000000,0.00000700,0.00000000,0.00000000
EVN AG,0.00000000,0.00000160,0.00000000,0.00000000
Exchange Income Corp,0.00000000,0.00001070,0.00000000,0.00000000
Exelixis Inc,0.00000000,0.00011900,0.00000000,0.00000000
ExlService Holdings Inc,0.00000000,0.00004260,0.00000000,0.00000000
Exponent Inc,0.00000000,0.00002000,0.00000000,0.00000000
Extreme Networks Inc,0.00000000,0.00001800,0.00000000,0.00000000
Evergreen Aviation Technologies Corp,0.00000000,0.00002490,0.00000000,0.00000000
Evergreen International Storage & Transport Corp,0.00000000,0.00000510,0.00000000,0.00000000
EVERGREEN Steel Corp,0.00000000,0.00000400,0.00000000,0.00000000
Everlight Electronics Co Ltd,0.00000000,0.00000150,0.00000000,0.00010000
EverProX Technologies Co Ltd,0.00000000,0.00000480,0.00000000,0.00000000
EVERTEC Inc,0.00000000,0.00000630,0.00000000,0.00000000
Everus Construction Group Inc,0.00000000,0.00005630,0.00000000,0.00000000
Exail Technologies SA,0.00000000,0.00001140,0.00000000,0.00000000
Flywire Corp,0.00000000,0.00001150,0.00000000,0.00000000
FMC Corp,0.00000000,0.00000630,0.00000000,0.00000000
Fnac Darty SA,0.00000000,0.00000450,0.00000000,0.00000000
FNB Corp/PA,0.00000000,0.00005460,0.00000000,0.00000000
FOCI Fiber Optic Communication,0.00000000,0.00001360,0.00000000,0.00000000
Flagstar Bank NA/Michigan,0.00000000,0.00002100,0.00000000,0.00000000
flatexDEGIRO SE,0.00000000,0.00002050,0.00000000,0.00000000
Fleury SA,0.00000000,0.00000480,0.00000000,0.00000000
FLEX LNG Ltd,0.00000000,0.00000600,0.00000000,0.00000000
Floor & Decor Holdings Inc,0.00000000,0.00005920,0.00000000,0.00000000
Flow Traders Ltd,0.00000000,0.00001090,0.00000000,0.00000000
Ferrotec Corp,0.00000000,0.00001780,0.00000000,0.00040000
Flowserve Corp,0.00000000,0.00011690,0.00000000,0.00000000
First Merchants Corp,0.00000000,0.00001120,0.00000000,0.00000000
First Resources Ltd,0.00000000,0.00000660,0.00000000,0.00000000
FirstCash Holdings Inc,0.00000000,0.00011040,0.00000000,0.00000000
Firstgroup PLC,0.00000000,0.00000610,0.00000000,0.00000000
Firstsource Solutions Ltd,0.00000000,0.00000450,0.00000000,0.00000000
Five Below Inc,0.00000000,0.00011540,0.00000000,0.00000000
Five-Star Business Finance Ltd,0.00000000,0.00000160,0.00000000,0.00000000
Five9 Inc,0.00000000,0.00001660,0.00000000,0.00000000
First Capital Securities Co Ltd,0.00000000,0.00002070,0.00000000,0.00000000
First Commonwealth Financial Corp,0.00000000,0.00000660,0.00000000,0.00000000
First Financial Bancorp,0.00000000,0.00001350,0.00000000,0.00000000
Flowers Foods Inc,0.00000000,0.00000640,0.00000000,0.00000000
Fiberhome Telecommunication Technologies Co Ltd,0.00000000,0.00000480,0.00000000,0.00000000
FIBRA Macquarie Mexico,0.00000000,0.00000460,0.00000000,0.00000000
Fibra MTY SAPI de CV,0.00000000,0.00003150,0.00000000,0.00000000
Fielmann Group AG,0.00000000,0.00000590,0.00000000,0.00000000
Figure Technology Solutions Inc,0.00000000,0.00005270,0.00000000,0.00000000
FII Rec Recebiveis Imobiliarios - RL,0.00000000,0.00000480,0.00000000,0.00000000
FII VBI Prime Properties - RL,0.00000000,0.00000470,0.00000000,0.00000000
FAN Communications Inc,0.00000000,0.00000450,0.00000000,0.00000000
Far East Hospitality Trust,0.00000000,0.00000620,0.00000000,0.00000000
Faraday Technology Corp,0.00000000,0.00001000,0.00000000,0.00020000
Farm Fresh Bhd,0.00000000,0.00000440,0.00000000,0.00000000
Federal Corp,0.00000000,0.00000440,0.00000000,0.00000000
Fluor Corp,0.00000000,0.00008250,0.00000000,0.00000000
Federal Signal Corp,0.00000000,0.00007860,0.00000000,0.00000000
Feng Hsin Steel Co Ltd,0.00000000,0.00002600,0.00000000,0.00000000
EZconn Corp,0.00000000,0.00001690,0.00000000,0.00000000
F&G Annuities & Life Inc,0.00000000,0.00000470,0.00000000,0.00000000
Fabege AB,0.00000000,0.00000140,0.00000000,0.00000000
Fabrinet,0.00000000,0.00011690,0.00000000,0.00000000
FactSet Research Systems Inc,0.00000000,0.00010450,0.00000000,0.00000000
Fadu Inc,0.00000000,0.00001150,0.00000000,0.00020000
Fagerhult Group AB,0.00000000,0.00000450,0.00000000,0.00000000
Fagron,0.00000000,0.00003040,0.00000000,0.00000000
FLSmidth & Co A/S,0.00000000,0.00002320,0.00000000,0.00000000
Fluidra SA,0.00000000,0.00001070,0.00000000,0.00000000
Federal Realty Investment Trust,0.00000000,0.00015530,0.00000000,0.00000000
